facility,course,city,state,layout,tee,gender,par,rating,slope,length,hole-by-hole_available,coordinates_available,source,provenance,verified_at,status
Cabo del Sol,CABO DEL SOL,,,CABO DEL SOL,I,,72,,,6919 yd,YES,YES,OWNER_CATALOG_REVIEW,origin=GHIN;facility_id=review-club-2bb98e26fbc260309fff;layout_id=7;tee_id=ghin:7:tee:78ddf68700ea;rating_rights=LEGAL_REVIEW_REQUIRED;source_url=https://www.ghin.com/post-score/hole-by-hole/round-setup/7,2026-09-20 00:00:00+00,NEEDS_VERIFICATION
Cabo del Sol,CABO DEL SOL,,,CABO DEL SOL,I I,,72,,,6534 yd,YES,YES,OWNER_CATALOG_REVIEW,origin=GHIN;facility_id=review-club-2bb98e26fbc260309fff;layout_id=7;tee_id=ghin:7:tee:703f3f7d862a;rating_rights=LEGAL_REVIEW_REQUIRED;source_url=https://www.ghin.com/post-score/hole-by-hole/round-setup/7,2026-09-20 00:00:00+00,NEEDS_VERIFICATION
Cabo del Sol,CABO DEL SOL,,,CABO DEL SOL,I I I,,72,,,5927 yd,YES,YES,OWNER_CATALOG_REVIEW,origin=GHIN;facility_id=review-club-2bb98e26fbc260309fff;layout_id=7;tee_id=ghin:7:tee:953e5cc224df;rating_rights=LEGAL_REVIEW_REQUIRED;source_url=https://www.ghin.com/post-score/hole-by-hole/round-setup/7,2026-09-20 00:00:00+00,NEEDS_VERIFICATION
Cabo del Sol,CABO DEL SOL,,,CABO DEL SOL,I V,,72,,,5259 yd,YES,YES,OWNER_CATALOG_REVIEW,origin=GHIN;facility_id=review-club-2bb98e26fbc260309fff;layout_id=7;tee_id=ghin:7:tee:932f39e094c4;rating_rights=LEGAL_REVIEW_REQUIRED;source_url=https://www.ghin.com/post-score/hole-by-hole/round-setup/7,2026-09-20 00:00:00+00,NEEDS_VERIFICATION
Cabo del Sol,CABO DEL SOL,,,CABO DEL SOL,V,,72,,,4618 yd,YES,YES,OWNER_CATALOG_REVIEW,origin=GHIN;facility_id=review-club-2bb98e26fbc260309fff;layout_id=7;tee_id=ghin:7:tee:a71d3b8f7557;rating_rights=LEGAL_REVIEW_REQUIRED;source_url=https://www.ghin.com/post-score/hole-by-hole/round-setup/7,2026-09-20 00:00:00+00,NEEDS_VERIFICATION
Cabo del Sol,COVE CLUB,,,COVE CLUB,Blue,,72,,,6404 yd,YES,YES,OWNER_CATALOG_REVIEW,origin=GHIN;facility_id=review-club-2bb98e26fbc260309fff;layout_id=8;tee_id=ghin:8:tee:0c8189ae1d57;rating_rights=LEGAL_REVIEW_REQUIRED;source_url=https://www.ghin.com/post-score/hole-by-hole/round-setup/8,2026-09-20 00:00:00+00,NEEDS_VERIFICATION
Cabo del Sol,COVE CLUB,,,COVE CLUB,Blue/White,,72,,,6101 yd,YES,YES,OWNER_CATALOG_REVIEW,origin=GHIN;facility_id=review-club-2bb98e26fbc260309fff;layout_id=8;tee_id=ghin:8:tee:2b4cd76d0940;rating_rights=LEGAL_REVIEW_REQUIRED;source_url=https://www.ghin.com/post-score/hole-by-hole/round-setup/8,2026-09-20 00:00:00+00,NEEDS_VERIFICATION
Cabo del Sol,COVE CLUB,,,COVE CLUB,Cove,,72,,,7157 yd,YES,YES,OWNER_CATALOG_REVIEW,origin=GHIN;facility_id=review-club-2bb98e26fbc260309fff;layout_id=8;tee_id=ghin:8:tee:27da10282fd8;rating_rights=LEGAL_REVIEW_REQUIRED;source_url=https://www.ghin.com/post-score/hole-by-hole/round-setup/8,2026-09-20 00:00:00+00,NEEDS_VERIFICATION
Cabo del Sol,COVE CLUB,,,COVE CLUB,Cove Kids,,72,,,3595 yd,YES,YES,OWNER_CATALOG_REVIEW,origin=GHIN;facility_id=review-club-2bb98e26fbc260309fff;layout_id=8;tee_id=ghin:8:tee:9e0cdbf26882;rating_rights=LEGAL_REVIEW_REQUIRED;source_url=https://www.ghin.com/post-score/hole-by-hole/round-setup/8,2026-09-20 00:00:00+00,NEEDS_VERIFICATION
Cabo del Sol,COVE CLUB,,,COVE CLUB,Gold,,72,,,6818 yd,YES,YES,OWNER_CATALOG_REVIEW,origin=GHIN;facility_id=review-club-2bb98e26fbc260309fff;layout_id=8;tee_id=ghin:8:tee:587a239f08d8;rating_rights=LEGAL_REVIEW_REQUIRED;source_url=https://www.ghin.com/post-score/hole-by-hole/round-setup/8,2026-09-20 00:00:00+00,NEEDS_VERIFICATION
Cabo del Sol,COVE CLUB,,,COVE CLUB,Red,,72,,,4770 yd,YES,YES,OWNER_CATALOG_REVIEW,origin=GHIN;facility_id=review-club-2bb98e26fbc260309fff;layout_id=8;tee_id=ghin:8:tee:35a1d2d831fc;rating_rights=LEGAL_REVIEW_REQUIRED;source_url=https://www.ghin.com/post-score/hole-by-hole/round-setup/8,2026-09-20 00:00:00+00,NEEDS_VERIFICATION
Cabo del Sol,COVE CLUB,,,COVE CLUB,White,,72,,,5830 yd,YES,YES,OWNER_CATALOG_REVIEW,origin=GHIN;facility_id=review-club-2bb98e26fbc260309fff;layout_id=8;tee_id=ghin:8:tee:af96eeaf78e7;rating_rights=LEGAL_REVIEW_REQUIRED;source_url=https://www.ghin.com/post-score/hole-by-hole/round-setup/8,2026-09-20 00:00:00+00,NEEDS_VERIFICATION
Cabo del Sol,COVE CLUB,,,COVE CLUB,White/Red,,72,,,5245 yd,YES,YES,OWNER_CATALOG_REVIEW,origin=GHIN;facility_id=review-club-2bb98e26fbc260309fff;layout_id=8;tee_id=ghin:8:tee:c0bf567925a7;rating_rights=LEGAL_REVIEW_REQUIRED;source_url=https://www.ghin.com/post-score/hole-by-hole/round-setup/8,2026-09-20 00:00:00+00,NEEDS_VERIFICATION
CAMPO DE GOLF NAVAL,NAVAL,,,NAVAL,AZULES,,72,,,,NO,NO,OWNER_CATALOG_REVIEW,origin=GHIN;facility_id=review-club-31f2d0b0f2e50d942c8e;layout_id=35498;tee_id=ghin:35498:tee:a5be40b61705;rating_rights=LEGAL_REVIEW_REQUIRED;source_url=https://www.ghin.com/post-score/hole-by-hole/round-setup/35498,2026-09-20 00:00:00+00,NEEDS_VERIFICATION
CAMPO DE GOLF NAVAL,NAVAL,,,NAVAL,BLANCAS,,72,,,,NO,NO,OWNER_CATALOG_REVIEW,origin=GHIN;facility_id=review-club-31f2d0b0f2e50d942c8e;layout_id=35498;tee_id=ghin:35498:tee:ad652458406f;rating_rights=LEGAL_REVIEW_REQUIRED;source_url=https://www.ghin.com/post-score/hole-by-hole/round-setup/35498,2026-09-20 00:00:00+00,NEEDS_VERIFICATION
CAMPO DE GOLF NAVAL,NAVAL,,,NAVAL,DORADAS,,72,,,,NO,NO,OWNER_CATALOG_REVIEW,origin=GHIN;facility_id=review-club-31f2d0b0f2e50d942c8e;layout_id=35498;tee_id=ghin:35498:tee:468e7646a10f;rating_rights=LEGAL_REVIEW_REQUIRED;source_url=https://www.ghin.com/post-score/hole-by-hole/round-setup/35498,2026-09-20 00:00:00+00,NEEDS_VERIFICATION
CLUB DE GOLF SANFORD,CLUB DE GOLF SANFORD,,,CLUB DE GOLF SANFORD,AZULES/BLANCAS,,68,,,4820 yd,YES,YES,OWNER_CATALOG_REVIEW,origin=GHIN;facility_id=review-club-da13e5595ce1460b1c5c;layout_id=36595;tee_id=ghin:36595:tee:2ff197576066;rating_rights=LEGAL_REVIEW_REQUIRED;source_url=https://www.ghin.com/post-score/hole-by-hole/round-setup/36595,2026-09-20 00:00:00+00,NEEDS_VERIFICATION
CLUB DE GOLF SANFORD,CLUB DE GOLF SANFORD,,,CLUB DE GOLF SANFORD,ROJAS/DORADAS,,68,,,4197 yd,YES,YES,OWNER_CATALOG_REVIEW,origin=GHIN;facility_id=review-club-da13e5595ce1460b1c5c;layout_id=36595;tee_id=ghin:36595:tee:8cbb8569f80e;rating_rights=LEGAL_REVIEW_REQUIRED;source_url=https://www.ghin.com/post-score/hole-by-hole/round-setup/36595,2026-09-20 00:00:00+00,NEEDS_VERIFICATION
Costa Palmas Golf Club,Costa Palmas Golf Club,,,Costa Palmas Golf Club,FIVE,,72,,,4624 yd,YES,YES,OWNER_CATALOG_REVIEW,origin=GHIN;facility_id=review-club-a4cd144d7d5bff1c056c;layout_id=29903;tee_id=ghin:29903:tee:790163836195;rating_rights=LEGAL_REVIEW_REQUIRED;source_url=https://www.ghin.com/post-score/hole-by-hole/round-setup/29903,2026-09-20 00:00:00+00,NEEDS_VERIFICATION
Costa Palmas Golf Club,Costa Palmas Golf Club,,,Costa Palmas Golf Club,FOUR,,72,,,5487 yd,YES,YES,OWNER_CATALOG_REVIEW,origin=GHIN;facility_id=review-club-a4cd144d7d5bff1c056c;layout_id=29903;tee_id=ghin:29903:tee:07ec6e55e0b3;rating_rights=LEGAL_REVIEW_REQUIRED;source_url=https://www.ghin.com/post-score/hole-by-hole/round-setup/29903,2026-09-20 00:00:00+00,NEEDS_VERIFICATION
Costa Palmas Golf Club,Costa Palmas Golf Club,,,Costa Palmas Golf Club,PALM TREES,,72,,,6954 yd,YES,YES,OWNER_CATALOG_REVIEW,origin=GHIN;facility_id=review-club-a4cd144d7d5bff1c056c;layout_id=29903;tee_id=ghin:29903:tee:4e9e487b9185;rating_rights=LEGAL_REVIEW_REQUIRED;source_url=https://www.ghin.com/post-score/hole-by-hole/round-setup/29903,2026-09-20 00:00:00+00,NEEDS_VERIFICATION
Costa Palmas Golf Club,Costa Palmas Golf Club,,,Costa Palmas Golf Club,THREE,,72,,,6106 yd,YES,YES,OWNER_CATALOG_REVIEW,origin=GHIN;facility_id=review-club-a4cd144d7d5bff1c056c;layout_id=29903;tee_id=ghin:29903:tee:1994fd8c95d8;rating_rights=LEGAL_REVIEW_REQUIRED;source_url=https://www.ghin.com/post-score/hole-by-hole/round-setup/29903,2026-09-20 00:00:00+00,NEEDS_VERIFICATION
Costa Palmas Golf Club,Costa Palmas Golf Club,,,Costa Palmas Golf Club,TWO,,72,,,6561 yd,YES,YES,OWNER_CATALOG_REVIEW,origin=GHIN;facility_id=review-club-a4cd144d7d5bff1c056c;layout_id=29903;tee_id=ghin:29903:tee:c12186017b44;rating_rights=LEGAL_REVIEW_REQUIRED;source_url=https://www.ghin.com/post-score/hole-by-hole/round-setup/29903,2026-09-20 00:00:00+00,NEEDS_VERIFICATION
Costa Palmas Golf Club,Costa Palmas Golf Club,,,Costa Palmas Golf Club,TWO/THREE,,72,,,6293 yd,YES,YES,OWNER_CATALOG_REVIEW,origin=GHIN;facility_id=review-club-a4cd144d7d5bff1c056c;layout_id=29903;tee_id=ghin:29903:tee:b409bd0bfcf1;rating_rights=LEGAL_REVIEW_REQUIRED;source_url=https://www.ghin.com/post-score/hole-by-hole/round-setup/29903,2026-09-20 00:00:00+00,NEEDS_VERIFICATION
Loreto Bay Golf Resort and Spa,Loreto Bay Golf Resort and Spa,,,Loreto Bay Golf Resort and Spa,Alt. Red/Alt. Rojo,,72,,,4913 yd,YES,YES,OWNER_CATALOG_REVIEW,origin=GHIN;facility_id=review-club-2dbd02b5d643e46b89f2;layout_id=17489;tee_id=ghin:17489:tee:ab806fae2c7d;rating_rights=LEGAL_REVIEW_REQUIRED;source_url=https://www.ghin.com/post-score/hole-by-hole/round-setup/17489,2026-09-20 00:00:00+00,NEEDS_VERIFICATION
Loreto Bay Golf Resort and Spa,Loreto Bay Golf Resort and Spa,,,Loreto Bay Golf Resort and Spa,Black/Negro,,72,,,6806 yd,YES,YES,OWNER_CATALOG_REVIEW,origin=GHIN;facility_id=review-club-2dbd02b5d643e46b89f2;layout_id=17489;tee_id=ghin:17489:tee:04284926af18;rating_rights=LEGAL_REVIEW_REQUIRED;source_url=https://www.ghin.com/post-score/hole-by-hole/round-setup/17489,2026-09-20 00:00:00+00,NEEDS_VERIFICATION
Loreto Bay Golf Resort and Spa,Loreto Bay Golf Resort and Spa,,,Loreto Bay Golf Resort and Spa,Blue/Azul,,72,,,5913 yd,YES,YES,OWNER_CATALOG_REVIEW,origin=GHIN;facility_id=review-club-2dbd02b5d643e46b89f2;layout_id=17489;tee_id=ghin:17489:tee:5e3a4a71cc51;rating_rights=LEGAL_REVIEW_REQUIRED;source_url=https://www.ghin.com/post-score/hole-by-hole/round-setup/17489,2026-09-20 00:00:00+00,NEEDS_VERIFICATION
Loreto Bay Golf Resort and Spa,Loreto Bay Golf Resort and Spa,,,Loreto Bay Golf Resort and Spa,Gold/Dorado,,72,,,6328 yd,YES,YES,OWNER_CATALOG_REVIEW,origin=GHIN;facility_id=review-club-2dbd02b5d643e46b89f2;layout_id=17489;tee_id=ghin:17489:tee:eb7eb1cf0435;rating_rights=LEGAL_REVIEW_REQUIRED;source_url=https://www.ghin.com/post-score/hole-by-hole/round-setup/17489,2026-09-20 00:00:00+00,NEEDS_VERIFICATION
Loreto Bay Golf Resort and Spa,Loreto Bay Golf Resort and Spa,,,Loreto Bay Golf Resort and Spa,Red/Rojo,,72,,,4956 yd,YES,YES,OWNER_CATALOG_REVIEW,origin=GHIN;facility_id=review-club-2dbd02b5d643e46b89f2;layout_id=17489;tee_id=ghin:17489:tee:65b28d18ee8d;rating_rights=LEGAL_REVIEW_REQUIRED;source_url=https://www.ghin.com/post-score/hole-by-hole/round-setup/17489,2026-09-20 00:00:00+00,NEEDS_VERIFICATION
Loreto Bay Golf Resort and Spa,Loreto Bay Golf Resort and Spa,,,Loreto Bay Golf Resort and Spa,White/Blanco,,72,,,5488 yd,YES,YES,OWNER_CATALOG_REVIEW,origin=GHIN;facility_id=review-club-2dbd02b5d643e46b89f2;layout_id=17489;tee_id=ghin:17489:tee:7fbe03119af6;rating_rights=LEGAL_REVIEW_REQUIRED;source_url=https://www.ghin.com/post-score/hole-by-hole/round-setup/17489,2026-09-20 00:00:00+00,NEEDS_VERIFICATION
Oleada Golf Links Los Cabos,Oleada Golf Links Los Cabos,,,Oleada Golf Links Los Cabos,Black,,72,,,7286 yd,YES,YES,OWNER_CATALOG_REVIEW,origin=GHIN;facility_id=review-club-dc804f566ae795728411;layout_id=36944;tee_id=ghin:36944:tee:a5214e9bf046;rating_rights=LEGAL_REVIEW_REQUIRED;source_url=https://www.ghin.com/post-score/hole-by-hole/round-setup/36944,2026-09-20 00:00:00+00,NEEDS_VERIFICATION
Oleada Golf Links Los Cabos,Oleada Golf Links Los Cabos,,,Oleada Golf Links Los Cabos,Blue,,72,,,6306 yd,YES,YES,OWNER_CATALOG_REVIEW,origin=GHIN;facility_id=review-club-dc804f566ae795728411;layout_id=36944;tee_id=ghin:36944:tee:0c8189ae1d57;rating_rights=LEGAL_REVIEW_REQUIRED;source_url=https://www.ghin.com/post-score/hole-by-hole/round-setup/36944,2026-09-20 00:00:00+00,NEEDS_VERIFICATION
Oleada Golf Links Los Cabos,Oleada Golf Links Los Cabos,,,Oleada Golf Links Los Cabos,Gold,,72,,,6780 yd,YES,YES,OWNER_CATALOG_REVIEW,origin=GHIN;facility_id=review-club-dc804f566ae795728411;layout_id=36944;tee_id=ghin:36944:tee:587a239f08d8;rating_rights=LEGAL_REVIEW_REQUIRED;source_url=https://www.ghin.com/post-score/hole-by-hole/round-setup/36944,2026-09-20 00:00:00+00,NEEDS_VERIFICATION
Oleada Golf Links Los Cabos,Oleada Golf Links Los Cabos,,,Oleada Golf Links Los Cabos,Red,,72,,,5066 yd,YES,YES,OWNER_CATALOG_REVIEW,origin=GHIN;facility_id=review-club-dc804f566ae795728411;layout_id=36944;tee_id=ghin:36944:tee:35a1d2d831fc;rating_rights=LEGAL_REVIEW_REQUIRED;source_url=https://www.ghin.com/post-score/hole-by-hole/round-setup/36944,2026-09-20 00:00:00+00,NEEDS_VERIFICATION
Oleada Golf Links Los Cabos,Oleada Golf Links Los Cabos,,,Oleada Golf Links Los Cabos,White,,72,,,5824 yd,YES,YES,OWNER_CATALOG_REVIEW,origin=GHIN;facility_id=review-club-dc804f566ae795728411;layout_id=36944;tee_id=ghin:36944:tee:af96eeaf78e7;rating_rights=LEGAL_REVIEW_REQUIRED;source_url=https://www.ghin.com/post-score/hole-by-hole/round-setup/36944,2026-09-20 00:00:00+00,NEEDS_VERIFICATION
Punta Brava Golf & Surf Club,Punta Brava Golf & Surf Club,,,Punta Brava Golf & Surf Club,Family,,70,,,4186 yd,YES,NO,OWNER_CATALOG_REVIEW,origin=GHIN;facility_id=review-club-a7febd89ea03259421b7;layout_id=36740;tee_id=ghin:36740:tee:6eab3f4fef95;rating_rights=LEGAL_REVIEW_REQUIRED;source_url=https://www.ghin.com/post-score/hole-by-hole/round-setup/36740,2026-09-20 00:00:00+00,NEEDS_VERIFICATION
Punta Brava Golf & Surf Club,Punta Brava Golf & Surf Club,,,Punta Brava Golf & Surf Club,I,,70,,,5295 yd,YES,NO,OWNER_CATALOG_REVIEW,origin=GHIN;facility_id=review-club-a7febd89ea03259421b7;layout_id=36740;tee_id=ghin:36740:tee:78ddf68700ea;rating_rights=LEGAL_REVIEW_REQUIRED;source_url=https://www.ghin.com/post-score/hole-by-hole/round-setup/36740,2026-09-20 00:00:00+00,NEEDS_VERIFICATION
Punta Brava Golf & Surf Club,Punta Brava Golf & Surf Club,,,Punta Brava Golf & Surf Club,I I,,70,,,6033 yd,YES,NO,OWNER_CATALOG_REVIEW,origin=GHIN;facility_id=review-club-a7febd89ea03259421b7;layout_id=36740;tee_id=ghin:36740:tee:703f3f7d862a;rating_rights=LEGAL_REVIEW_REQUIRED;source_url=https://www.ghin.com/post-score/hole-by-hole/round-setup/36740,2026-09-20 00:00:00+00,NEEDS_VERIFICATION
Punta Brava Golf & Surf Club,Punta Brava Golf & Surf Club,,,Punta Brava Golf & Surf Club,I I / I (Combo),,70,,,5668 yd,YES,NO,OWNER_CATALOG_REVIEW,origin=GHIN;facility_id=review-club-a7febd89ea03259421b7;layout_id=36740;tee_id=ghin:36740:tee:3b916b72c171;rating_rights=LEGAL_REVIEW_REQUIRED;source_url=https://www.ghin.com/post-score/hole-by-hole/round-setup/36740,2026-09-20 00:00:00+00,NEEDS_VERIFICATION
Punta Brava Golf & Surf Club,Punta Brava Golf & Surf Club,,,Punta Brava Golf & Surf Club,I I I,,70,,,6513 yd,YES,NO,OWNER_CATALOG_REVIEW,origin=GHIN;facility_id=review-club-a7febd89ea03259421b7;layout_id=36740;tee_id=ghin:36740:tee:953e5cc224df;rating_rights=LEGAL_REVIEW_REQUIRED;source_url=https://www.ghin.com/post-score/hole-by-hole/round-setup/36740,2026-09-20 00:00:00+00,NEEDS_VERIFICATION
Punta Brava Golf & Surf Club,Punta Brava Golf & Surf Club,,,Punta Brava Golf & Surf Club,I I I / I I (Combo),,70,,,6243 yd,YES,NO,OWNER_CATALOG_REVIEW,origin=GHIN;facility_id=review-club-a7febd89ea03259421b7;layout_id=36740;tee_id=ghin:36740:tee:d0e31048e7ed;rating_rights=LEGAL_REVIEW_REQUIRED;source_url=https://www.ghin.com/post-score/hole-by-hole/round-setup/36740,2026-09-20 00:00:00+00,NEEDS_VERIFICATION
HIGUERA GOLF CLUB,Higuera,-,-,Higuera,AZULES,,72,,,6731 yd,YES,YES,OWNER_CATALOG_REVIEW,origin=GHIN;facility_id=review-club-6cf5adf6297605bcec50;layout_id=23180;tee_id=ghin:23180:tee:a5be40b61705;rating_rights=LEGAL_REVIEW_REQUIRED;source_url=https://www.ghin.com/post-score/hole-by-hole/round-setup/23180,2026-09-20 00:00:00+00,NEEDS_VERIFICATION
HIGUERA GOLF CLUB,Higuera,-,-,Higuera,BLANCAS,,72,,,6325 yd,YES,YES,OWNER_CATALOG_REVIEW,origin=GHIN;facility_id=review-club-6cf5adf6297605bcec50;layout_id=23180;tee_id=ghin:23180:tee:ad652458406f;rating_rights=LEGAL_REVIEW_REQUIRED;source_url=https://www.ghin.com/post-score/hole-by-hole/round-setup/23180,2026-09-20 00:00:00+00,NEEDS_VERIFICATION
HIGUERA GOLF CLUB,Higuera,-,-,Higuera,DORADAS,,72,,,5845 yd,YES,YES,OWNER_CATALOG_REVIEW,origin=GHIN;facility_id=review-club-6cf5adf6297605bcec50;layout_id=23180;tee_id=ghin:23180:tee:468e7646a10f;rating_rights=LEGAL_REVIEW_REQUIRED;source_url=https://www.ghin.com/post-score/hole-by-hole/round-setup/23180,2026-09-20 00:00:00+00,NEEDS_VERIFICATION
HIGUERA GOLF CLUB,Higuera,-,-,Higuera,NEGRAS,,72,,,7022 yd,YES,YES,OWNER_CATALOG_REVIEW,origin=GHIN;facility_id=review-club-6cf5adf6297605bcec50;layout_id=23180;tee_id=ghin:23180:tee:6b76f06adc0e;rating_rights=LEGAL_REVIEW_REQUIRED;source_url=https://www.ghin.com/post-score/hole-by-hole/round-setup/23180,2026-09-20 00:00:00+00,NEEDS_VERIFICATION
CLUB CAMPESTRE DE AGUASCALIENTES,AGUASCALIENTES,Aguascalientes,Aguascalientes,AGUASCALIENTES,AZULES,,72,,,6919 yd,YES,YES,OWNER_CATALOG_REVIEW,origin=GHIN;facility_id=review-club-0db24962f8698c3cefd8;layout_id=23181;tee_id=ghin:23181:tee:a5be40b61705;rating_rights=LEGAL_REVIEW_REQUIRED;source_url=https://www.ghin.com/post-score/hole-by-hole/round-setup/23181,2026-09-20 00:00:00+00,NEEDS_VERIFICATION
CLUB CAMPESTRE DE AGUASCALIENTES,AGUASCALIENTES,Aguascalientes,Aguascalientes,AGUASCALIENTES,BLANCAS,,72,,,6567 yd,YES,YES,OWNER_CATALOG_REVIEW,origin=GHIN;facility_id=review-club-0db24962f8698c3cefd8;layout_id=23181;tee_id=ghin:23181:tee:ad652458406f;rating_rights=LEGAL_REVIEW_REQUIRED;source_url=https://www.ghin.com/post-score/hole-by-hole/round-setup/23181,2026-09-20 00:00:00+00,NEEDS_VERIFICATION
CLUB CAMPESTRE DE AGUASCALIENTES,AGUASCALIENTES,Aguascalientes,Aguascalientes,AGUASCALIENTES,DORADAS,,72,,,5927 yd,YES,YES,OWNER_CATALOG_REVIEW,origin=GHIN;facility_id=review-club-0db24962f8698c3cefd8;layout_id=23181;tee_id=ghin:23181:tee:468e7646a10f;rating_rights=LEGAL_REVIEW_REQUIRED;source_url=https://www.ghin.com/post-score/hole-by-hole/round-setup/23181,2026-09-20 00:00:00+00,NEEDS_VERIFICATION
CLUB CAMPESTRE DE AGUASCALIENTES,AGUASCALIENTES,Aguascalientes,Aguascalientes,AGUASCALIENTES,NEGRAS,,72,,,7335 yd,YES,YES,OWNER_CATALOG_REVIEW,origin=GHIN;facility_id=review-club-0db24962f8698c3cefd8;layout_id=23181;tee_id=ghin:23181:tee:6b76f06adc0e;rating_rights=LEGAL_REVIEW_REQUIRED;source_url=https://www.ghin.com/post-score/hole-by-hole/round-setup/23181,2026-09-20 00:00:00+00,NEEDS_VERIFICATION
CLUB DE GOLF PULGAS PANDAS,PULGAS PANDAS,Aguascalientes,Aguascalientes,PULGAS PANDAS,AZULES,,72,,,6482 yd,YES,YES,OWNER_CATALOG_REVIEW,origin=GHIN;facility_id=review-club-f9ac1e190ed06a105750;layout_id=23257;tee_id=ghin:23257:tee:a5be40b61705;rating_rights=LEGAL_REVIEW_REQUIRED;source_url=https://www.ghin.com/post-score/hole-by-hole/round-setup/23257,2026-09-20 00:00:00+00,NEEDS_VERIFICATION
CLUB DE GOLF PULGAS PANDAS,PULGAS PANDAS,Aguascalientes,Aguascalientes,PULGAS PANDAS,BLANCAS,,72,,,6076 yd,YES,YES,OWNER_CATALOG_REVIEW,origin=GHIN;facility_id=review-club-f9ac1e190ed06a105750;layout_id=23257;tee_id=ghin:23257:tee:ad652458406f;rating_rights=LEGAL_REVIEW_REQUIRED;source_url=https://www.ghin.com/post-score/hole-by-hole/round-setup/23257,2026-09-20 00:00:00+00,NEEDS_VERIFICATION
CLUB DE GOLF PULGAS PANDAS,PULGAS PANDAS,Aguascalientes,Aguascalientes,PULGAS PANDAS,DORADAS,,72,,,5590 yd,YES,YES,OWNER_CATALOG_REVIEW,origin=GHIN;facility_id=review-club-f9ac1e190ed06a105750;layout_id=23257;tee_id=ghin:23257:tee:468e7646a10f;rating_rights=LEGAL_REVIEW_REQUIRED;source_url=https://www.ghin.com/post-score/hole-by-hole/round-setup/23257,2026-09-20 00:00:00+00,NEEDS_VERIFICATION
Baja Country Club,Baja Country Club,Ensenada,Baja California,Baja Country Club,Black,,72,,,6859 yd,YES,YES,OWNER_CATALOG_REVIEW,origin=GHIN;facility_id=review-club-c3226ad999191ec1a0e2;layout_id=20028;tee_id=ghin:20028:tee:a5214e9bf046;rating_rights=LEGAL_REVIEW_REQUIRED;source_url=https://www.ghin.com/post-score/hole-by-hole/round-setup/20028,2026-09-20 00:00:00+00,NEEDS_VERIFICATION
Baja Country Club,Baja Country Club,Ensenada,Baja California,Baja Country Club,Blue,,72,,,6355 yd,YES,YES,OWNER_CATALOG_REVIEW,origin=GHIN;facility_id=review-club-c3226ad999191ec1a0e2;layout_id=20028;tee_id=ghin:20028:tee:0c8189ae1d57;rating_rights=LEGAL_REVIEW_REQUIRED;source_url=https://www.ghin.com/post-score/hole-by-hole/round-setup/20028,2026-09-20 00:00:00+00,NEEDS_VERIFICATION
Baja Country Club,Baja Country Club,Ensenada,Baja California,Baja Country Club,White,,72,,,6024 yd,YES,YES,OWNER_CATALOG_REVIEW,origin=GHIN;facility_id=review-club-c3226ad999191ec1a0e2;layout_id=20028;tee_id=ghin:20028:tee:af96eeaf78e7;rating_rights=LEGAL_REVIEW_REQUIRED;source_url=https://www.ghin.com/post-score/hole-by-hole/round-setup/20028,2026-09-20 00:00:00+00,NEEDS_VERIFICATION
Baja Country Club,Baja Country Club,Ensenada,Baja California,Baja Country Club,Yellow,,72,,,5203 yd,YES,YES,OWNER_CATALOG_REVIEW,origin=GHIN;facility_id=review-club-c3226ad999191ec1a0e2;layout_id=20028;tee_id=ghin:20028:tee:5f323558b36d;rating_rights=LEGAL_REVIEW_REQUIRED;source_url=https://www.ghin.com/post-score/hole-by-hole/round-setup/20028,2026-09-20 00:00:00+00,NEEDS_VERIFICATION
Bajamar Oceanfront Golf Resort,Bajamar Oceanfront Golf Resort,Ensenada,Baja California,Bajamar Oceanfront Golf Resort,Black,,72,,,7169 yd,YES,YES,OWNER_CATALOG_REVIEW,origin=GHIN;facility_id=review-club-9c2c08a52cd815e7e40f;layout_id=30254;tee_id=ghin:30254:tee:a5214e9bf046;rating_rights=LEGAL_REVIEW_REQUIRED;source_url=https://www.ghin.com/post-score/hole-by-hole/round-setup/30254,2026-09-20 00:00:00+00,NEEDS_VERIFICATION
Bajamar Oceanfront Golf Resort,Bajamar Oceanfront Golf Resort,Ensenada,Baja California,Bajamar Oceanfront Golf Resort,Blue,,72,,,6499 yd,YES,YES,OWNER_CATALOG_REVIEW,origin=GHIN;facility_id=review-club-9c2c08a52cd815e7e40f;layout_id=30254;tee_id=ghin:30254:tee:0c8189ae1d57;rating_rights=LEGAL_REVIEW_REQUIRED;source_url=https://www.ghin.com/post-score/hole-by-hole/round-setup/30254,2026-09-20 00:00:00+00,NEEDS_VERIFICATION
Bajamar Oceanfront Golf Resort,Bajamar Oceanfront Golf Resort,Ensenada,Baja California,Bajamar Oceanfront Golf Resort,Green,,72,,,5241 yd,YES,YES,OWNER_CATALOG_REVIEW,origin=GHIN;facility_id=review-club-9c2c08a52cd815e7e40f;layout_id=30254;tee_id=ghin:30254:tee:7ebe4d12656b;rating_rights=LEGAL_REVIEW_REQUIRED;source_url=https://www.ghin.com/post-score/hole-by-hole/round-setup/30254,2026-09-20 00:00:00+00,NEEDS_VERIFICATION
Bajamar Oceanfront Golf Resort,Bajamar Oceanfront Golf Resort,Ensenada,Baja California,Bajamar Oceanfront Golf Resort,Red,,72,,,4959 yd,YES,YES,OWNER_CATALOG_REVIEW,origin=GHIN;facility_id=review-club-9c2c08a52cd815e7e40f;layout_id=30254;tee_id=ghin:30254:tee:35a1d2d831fc;rating_rights=LEGAL_REVIEW_REQUIRED;source_url=https://www.ghin.com/post-score/hole-by-hole/round-setup/30254,2026-09-20 00:00:00+00,NEEDS_VERIFICATION
Bajamar Oceanfront Golf Resort,Bajamar Oceanfront Golf Resort,Ensenada,Baja California,Bajamar Oceanfront Golf Resort,White,,72,,,5983 yd,YES,YES,OWNER_CATALOG_REVIEW,origin=GHIN;facility_id=review-club-9c2c08a52cd815e7e40f;layout_id=30254;tee_id=ghin:30254:tee:af96eeaf78e7;rating_rights=LEGAL_REVIEW_REQUIRED;source_url=https://www.ghin.com/post-score/hole-by-hole/round-setup/30254,2026-09-20 00:00:00+00,NEEDS_VERIFICATION
Real Del Mar Golf Resort,Real Del Mar Golf Resort,Ensenada,Baja California,Real Del Mar Golf Resort,Blue,,72,,,6181 yd,YES,YES,OWNER_CATALOG_REVIEW,origin=GHIN;facility_id=review-club-d06cf9a1a3ed9962cfb5;layout_id=5;tee_id=ghin:5:tee:0c8189ae1d57;rating_rights=LEGAL_REVIEW_REQUIRED;source_url=https://www.ghin.com/post-score/hole-by-hole/round-setup/5,2026-09-20 00:00:00+00,NEEDS_VERIFICATION
Real Del Mar Golf Resort,Real Del Mar Golf Resort,Ensenada,Baja California,Real Del Mar Golf Resort,Gold,,72,,,4804 yd,YES,YES,OWNER_CATALOG_REVIEW,origin=GHIN;facility_id=review-club-d06cf9a1a3ed9962cfb5;layout_id=5;tee_id=ghin:5:tee:587a239f08d8;rating_rights=LEGAL_REVIEW_REQUIRED;source_url=https://www.ghin.com/post-score/hole-by-hole/round-setup/5,2026-09-20 00:00:00+00,NEEDS_VERIFICATION
Real Del Mar Golf Resort,Real Del Mar Golf Resort,Ensenada,Baja California,Real Del Mar Golf Resort,Red,,72,,,5281 yd,YES,YES,OWNER_CATALOG_REVIEW,origin=GHIN;facility_id=review-club-d06cf9a1a3ed9962cfb5;layout_id=5;tee_id=ghin:5:tee:35a1d2d831fc;rating_rights=LEGAL_REVIEW_REQUIRED;source_url=https://www.ghin.com/post-score/hole-by-hole/round-setup/5,2026-09-20 00:00:00+00,NEEDS_VERIFICATION
Real Del Mar Golf Resort,Real Del Mar Golf Resort,Ensenada,Baja California,Real Del Mar Golf Resort,White,,72,,,5733 yd,YES,YES,OWNER_CATALOG_REVIEW,origin=GHIN;facility_id=review-club-d06cf9a1a3ed9962cfb5;layout_id=5;tee_id=ghin:5:tee:af96eeaf78e7;rating_rights=LEGAL_REVIEW_REQUIRED;source_url=https://www.ghin.com/post-score/hole-by-hole/round-setup/5,2026-09-20 00:00:00+00,NEEDS_VERIFICATION
Club Campestre de Mexicali,Mexicali,Mexicali,Baja California,Mexicali,Blue,,72,,,6727 yd,YES,YES,OWNER_CATALOG_REVIEW,origin=GHIN;facility_id=review-club-3540a913d099f58a1acc;layout_id=2949;tee_id=ghin:2949:tee:0c8189ae1d57;rating_rights=LEGAL_REVIEW_REQUIRED;source_url=https://www.ghin.com/post-score/hole-by-hole/round-setup/2949,2026-09-20 00:00:00+00,NEEDS_VERIFICATION
Club Campestre de Mexicali,Mexicali,Mexicali,Baja California,Mexicali,Gold,,72,,,6113 yd,YES,YES,OWNER_CATALOG_REVIEW,origin=GHIN;facility_id=review-club-3540a913d099f58a1acc;layout_id=2949;tee_id=ghin:2949:tee:587a239f08d8;rating_rights=LEGAL_REVIEW_REQUIRED;source_url=https://www.ghin.com/post-score/hole-by-hole/round-setup/2949,2026-09-20 00:00:00+00,NEEDS_VERIFICATION
Club Campestre de Mexicali,Mexicali,Mexicali,Baja California,Mexicali,Red,,72,,,5198 yd,YES,YES,OWNER_CATALOG_REVIEW,origin=GHIN;facility_id=review-club-3540a913d099f58a1acc;layout_id=2949;tee_id=ghin:2949:tee:35a1d2d831fc;rating_rights=LEGAL_REVIEW_REQUIRED;source_url=https://www.ghin.com/post-score/hole-by-hole/round-setup/2949,2026-09-20 00:00:00+00,NEEDS_VERIFICATION
Club Campestre de Mexicali,Mexicali,Mexicali,Baja California,Mexicali,White,,72,,,6516 yd,YES,YES,OWNER_CATALOG_REVIEW,origin=GHIN;facility_id=review-club-3540a913d099f58a1acc;layout_id=2949;tee_id=ghin:2949:tee:af96eeaf78e7;rating_rights=LEGAL_REVIEW_REQUIRED;source_url=https://www.ghin.com/post-score/hole-by-hole/round-setup/2949,2026-09-20 00:00:00+00,NEEDS_VERIFICATION
Las Caras de Mexico,Las Caras de Mexico,San Felipe,Baja California,Las Caras de Mexico,Blue,,72,,,6805 yd,YES,YES,OWNER_CATALOG_REVIEW,origin=GHIN;facility_id=review-club-f96d7144b935557a0167;layout_id=2956;tee_id=ghin:2956:tee:0c8189ae1d57;rating_rights=LEGAL_REVIEW_REQUIRED;source_url=https://www.ghin.com/post-score/hole-by-hole/round-setup/2956,2026-09-20 00:00:00+00,NEEDS_VERIFICATION
Las Caras de Mexico,Las Caras de Mexico,San Felipe,Baja California,Las Caras de Mexico,Gold,,72,,,7202 yd,YES,YES,OWNER_CATALOG_REVIEW,origin=GHIN;facility_id=review-club-f96d7144b935557a0167;layout_id=2956;tee_id=ghin:2956:tee:587a239f08d8;rating_rights=LEGAL_REVIEW_REQUIRED;source_url=https://www.ghin.com/post-score/hole-by-hole/round-setup/2956,2026-09-20 00:00:00+00,NEEDS_VERIFICATION
Las Caras de Mexico,Las Caras de Mexico,San Felipe,Baja California,Las Caras de Mexico,Red,,72,,,5055 yd,YES,YES,OWNER_CATALOG_REVIEW,origin=GHIN;facility_id=review-club-f96d7144b935557a0167;layout_id=2956;tee_id=ghin:2956:tee:35a1d2d831fc;rating_rights=LEGAL_REVIEW_REQUIRED;source_url=https://www.ghin.com/post-score/hole-by-hole/round-setup/2956,2026-09-20 00:00:00+00,NEEDS_VERIFICATION
Las Caras de Mexico,Las Caras de Mexico,San Felipe,Baja California,Las Caras de Mexico,Silver,,72,,,5764 yd,YES,YES,OWNER_CATALOG_REVIEW,origin=GHIN;facility_id=review-club-f96d7144b935557a0167;layout_id=2956;tee_id=ghin:2956:tee:be20a6cdedd8;rating_rights=LEGAL_REVIEW_REQUIRED;source_url=https://www.ghin.com/post-score/hole-by-hole/round-setup/2956,2026-09-20 00:00:00+00,NEEDS_VERIFICATION
Las Caras de Mexico,Las Caras de Mexico,San Felipe,Baja California,Las Caras de Mexico,White,,72,,,6334 yd,YES,YES,OWNER_CATALOG_REVIEW,origin=GHIN;facility_id=review-club-f96d7144b935557a0167;layout_id=2956;tee_id=ghin:2956:tee:af96eeaf78e7;rating_rights=LEGAL_REVIEW_REQUIRED;source_url=https://www.ghin.com/post-score/hole-by-hole/round-setup/2956,2026-09-20 00:00:00+00,NEEDS_VERIFICATION
CLUB CAMPESTRE DE TIJUANA,TIJUANA,Tijuana,Baja California,TIJUANA,Black,,72,,,6804 yd,YES,YES,OWNER_CATALOG_REVIEW,origin=GHIN;facility_id=review-club-2cb058a0028329261e9b;layout_id=2947;tee_id=ghin:2947:tee:a5214e9bf046;rating_rights=LEGAL_REVIEW_REQUIRED;source_url=https://www.ghin.com/post-score/hole-by-hole/round-setup/2947,2026-09-20 00:00:00+00,NEEDS_VERIFICATION
CLUB CAMPESTRE DE TIJUANA,TIJUANA,Tijuana,Baja California,TIJUANA,Blue,,72,,,6550 yd,YES,YES,OWNER_CATALOG_REVIEW,origin=GHIN;facility_id=review-club-2cb058a0028329261e9b;layout_id=2947;tee_id=ghin:2947:tee:0c8189ae1d57;rating_rights=LEGAL_REVIEW_REQUIRED;source_url=https://www.ghin.com/post-score/hole-by-hole/round-setup/2947,2026-09-20 00:00:00+00,NEEDS_VERIFICATION
CLUB CAMPESTRE DE TIJUANA,TIJUANA,Tijuana,Baja California,TIJUANA,Gold,,72,,,5607 yd,YES,YES,OWNER_CATALOG_REVIEW,origin=GHIN;facility_id=review-club-2cb058a0028329261e9b;layout_id=2947;tee_id=ghin:2947:tee:587a239f08d8;rating_rights=LEGAL_REVIEW_REQUIRED;source_url=https://www.ghin.com/post-score/hole-by-hole/round-setup/2947,2026-09-20 00:00:00+00,NEEDS_VERIFICATION
CLUB CAMPESTRE DE TIJUANA,TIJUANA,Tijuana,Baja California,TIJUANA,Red,,72,,,5330 yd,YES,YES,OWNER_CATALOG_REVIEW,origin=GHIN;facility_id=review-club-2cb058a0028329261e9b;layout_id=2947;tee_id=ghin:2947:tee:35a1d2d831fc;rating_rights=LEGAL_REVIEW_REQUIRED;source_url=https://www.ghin.com/post-score/hole-by-hole/round-setup/2947,2026-09-20 00:00:00+00,NEEDS_VERIFICATION
CLUB CAMPESTRE DE TIJUANA,TIJUANA,Tijuana,Baja California,TIJUANA,White,,72,,,6218 yd,YES,YES,OWNER_CATALOG_REVIEW,origin=GHIN;facility_id=review-club-2cb058a0028329261e9b;layout_id=2947;tee_id=ghin:2947:tee:af96eeaf78e7;rating_rights=LEGAL_REVIEW_REQUIRED;source_url=https://www.ghin.com/post-score/hole-by-hole/round-setup/2947,2026-09-20 00:00:00+00,NEEDS_VERIFICATION
Cabo San Lucas Country Club,Cabo San Lucas Country Club,Cabo San Lucas,Baja California Sur,Cabo San Lucas Country Club,Championship,,71,,,6865 yd,YES,YES,OWNER_CATALOG_REVIEW,origin=GHIN;facility_id=review-club-c9eca10b77807c08d797;layout_id=24529;tee_id=ghin:24529:tee:fcd02bae6ead;rating_rights=LEGAL_REVIEW_REQUIRED;source_url=https://www.ghin.com/post-score/hole-by-hole/round-setup/24529,2026-09-20 00:00:00+00,NEEDS_VERIFICATION
Cabo San Lucas Country Club,Cabo San Lucas Country Club,Cabo San Lucas,Baja California Sur,Cabo San Lucas Country Club,Gold,,71,,,5632 yd,YES,YES,OWNER_CATALOG_REVIEW,origin=GHIN;facility_id=review-club-c9eca10b77807c08d797;layout_id=24529;tee_id=ghin:24529:tee:587a239f08d8;rating_rights=LEGAL_REVIEW_REQUIRED;source_url=https://www.ghin.com/post-score/hole-by-hole/round-setup/24529,2026-09-20 00:00:00+00,NEEDS_VERIFICATION
Cabo San Lucas Country Club,Cabo San Lucas Country Club,Cabo San Lucas,Baja California Sur,Cabo San Lucas Country Club,Men's Club,,71,,,6215 yd,YES,YES,OWNER_CATALOG_REVIEW,origin=GHIN;facility_id=review-club-c9eca10b77807c08d797;layout_id=24529;tee_id=ghin:24529:tee:853fe88c2fd7;rating_rights=LEGAL_REVIEW_REQUIRED;source_url=https://www.ghin.com/post-score/hole-by-hole/round-setup/24529,2026-09-20 00:00:00+00,NEEDS_VERIFICATION
Cabo San Lucas Country Club,Cabo San Lucas Country Club,Cabo San Lucas,Baja California Sur,Cabo San Lucas Country Club,Players Club,,71,,,6656 yd,YES,YES,OWNER_CATALOG_REVIEW,origin=GHIN;facility_id=review-club-c9eca10b77807c08d797;layout_id=24529;tee_id=ghin:24529:tee:f3ba93932a63;rating_rights=LEGAL_REVIEW_REQUIRED;source_url=https://www.ghin.com/post-score/hole-by-hole/round-setup/24529,2026-09-20 00:00:00+00,NEEDS_VERIFICATION
Cabo San Lucas Country Club,Cabo San Lucas Country Club,Cabo San Lucas,Baja California Sur,Cabo San Lucas Country Club,Red,,71,,,4905 yd,YES,YES,OWNER_CATALOG_REVIEW,origin=GHIN;facility_id=review-club-c9eca10b77807c08d797;layout_id=24529;tee_id=ghin:24529:tee:35a1d2d831fc;rating_rights=LEGAL_REVIEW_REQUIRED;source_url=https://www.ghin.com/post-score/hole-by-hole/round-setup/24529,2026-09-20 00:00:00+00,NEEDS_VERIFICATION
Cabo San Lucas Country Club,Cabo San Lucas Country Club,Cabo San Lucas,Baja California Sur,Cabo San Lucas Country Club,Silver,,71,,,6473 yd,YES,YES,OWNER_CATALOG_REVIEW,origin=GHIN;facility_id=review-club-c9eca10b77807c08d797;layout_id=24529;tee_id=ghin:24529:tee:be20a6cdedd8;rating_rights=LEGAL_REVIEW_REQUIRED;source_url=https://www.ghin.com/post-score/hole-by-hole/round-setup/24529,2026-09-20 00:00:00+00,NEEDS_VERIFICATION
Cabo San Lucas Country Club,Cabo San Lucas Country Club,Cabo San Lucas,Baja California Sur,Cabo San Lucas Country Club,White,,71,,,5985 yd,YES,YES,OWNER_CATALOG_REVIEW,origin=GHIN;facility_id=review-club-c9eca10b77807c08d797;layout_id=24529;tee_id=ghin:24529:tee:af96eeaf78e7;rating_rights=LEGAL_REVIEW_REQUIRED;source_url=https://www.ghin.com/post-score/hole-by-hole/round-setup/24529,2026-09-20 00:00:00+00,NEEDS_VERIFICATION
Chileno Bay,NORTH,Cabo San Lucas,Baja California Sur,NORTH,I,,72,,,6712 yd,YES,YES,OWNER_CATALOG_REVIEW,origin=GHIN;facility_id=review-club-3ecc579f38968b524693;layout_id=24521;tee_id=ghin:24521:tee:78ddf68700ea;rating_rights=LEGAL_REVIEW_REQUIRED;source_url=https://www.ghin.com/post-score/hole-by-hole/round-setup/24521,2026-09-20 00:00:00+00,NEEDS_VERIFICATION
Chileno Bay,NORTH,Cabo San Lucas,Baja California Sur,NORTH,I / I I,,72,,,6446 yd,YES,YES,OWNER_CATALOG_REVIEW,origin=GHIN;facility_id=review-club-3ecc579f38968b524693;layout_id=24521;tee_id=ghin:24521:tee:3e46ed6b5d11;rating_rights=LEGAL_REVIEW_REQUIRED;source_url=https://www.ghin.com/post-score/hole-by-hole/round-setup/24521,2026-09-20 00:00:00+00,NEEDS_VERIFICATION
Chileno Bay,NORTH,Cabo San Lucas,Baja California Sur,NORTH,I I,,72,,,6190 yd,YES,YES,OWNER_CATALOG_REVIEW,origin=GHIN;facility_id=review-club-3ecc579f38968b524693;layout_id=24521;tee_id=ghin:24521:tee:703f3f7d862a;rating_rights=LEGAL_REVIEW_REQUIRED;source_url=https://www.ghin.com/post-score/hole-by-hole/round-setup/24521,2026-09-20 00:00:00+00,NEEDS_VERIFICATION
Chileno Bay,NORTH,Cabo San Lucas,Baja California Sur,NORTH,I I I,,72,,,5665 yd,YES,YES,OWNER_CATALOG_REVIEW,origin=GHIN;facility_id=review-club-3ecc579f38968b524693;layout_id=24521;tee_id=ghin:24521:tee:953e5cc224df;rating_rights=LEGAL_REVIEW_REQUIRED;source_url=https://www.ghin.com/post-score/hole-by-hole/round-setup/24521,2026-09-20 00:00:00+00,NEEDS_VERIFICATION
Chileno Bay,NORTH,Cabo San Lucas,Baja California Sur,NORTH,I V,,72,,,4833 yd,YES,YES,OWNER_CATALOG_REVIEW,origin=GHIN;facility_id=review-club-3ecc579f38968b524693;layout_id=24521;tee_id=ghin:24521:tee:932f39e094c4;rating_rights=LEGAL_REVIEW_REQUIRED;source_url=https://www.ghin.com/post-score/hole-by-hole/round-setup/24521,2026-09-20 00:00:00+00,NEEDS_VERIFICATION
Chileno Bay,NORTH,Cabo San Lucas,Baja California Sur,NORTH,Sea Horse,,72,,,7192 yd,YES,YES,OWNER_CATALOG_REVIEW,origin=GHIN;facility_id=review-club-3ecc579f38968b524693;layout_id=24521;tee_id=ghin:24521:tee:df66085d96ed;rating_rights=LEGAL_REVIEW_REQUIRED;source_url=https://www.ghin.com/post-score/hole-by-hole/round-setup/24521,2026-09-20 00:00:00+00,NEEDS_VERIFICATION
Chileno Bay,SOUTH,Cabo San Lucas,Baja California Sur,SOUTH,I,,72,,,6844 yd,YES,YES,OWNER_CATALOG_REVIEW,origin=GHIN;facility_id=review-club-3ecc579f38968b524693;layout_id=33983;tee_id=ghin:33983:tee:78ddf68700ea;rating_rights=LEGAL_REVIEW_REQUIRED;source_url=https://www.ghin.com/post-score/hole-by-hole/round-setup/33983,2026-09-20 00:00:00+00,NEEDS_VERIFICATION
Chileno Bay,SOUTH,Cabo San Lucas,Baja California Sur,SOUTH,I / I I,,72,,,6540 yd,YES,YES,OWNER_CATALOG_REVIEW,origin=GHIN;facility_id=review-club-3ecc579f38968b524693;layout_id=33983;tee_id=ghin:33983:tee:3e46ed6b5d11;rating_rights=LEGAL_REVIEW_REQUIRED;source_url=https://www.ghin.com/post-score/hole-by-hole/round-setup/33983,2026-09-20 00:00:00+00,NEEDS_VERIFICATION
Chileno Bay,SOUTH,Cabo San Lucas,Baja California Sur,SOUTH,I I,,72,,,6306 yd,YES,YES,OWNER_CATALOG_REVIEW,origin=GHIN;facility_id=review-club-3ecc579f38968b524693;layout_id=33983;tee_id=ghin:33983:tee:703f3f7d862a;rating_rights=LEGAL_REVIEW_REQUIRED;source_url=https://www.ghin.com/post-score/hole-by-hole/round-setup/33983,2026-09-20 00:00:00+00,NEEDS_VERIFICATION
Chileno Bay,SOUTH,Cabo San Lucas,Baja California Sur,SOUTH,I I I,,72,,,5745 yd,YES,YES,OWNER_CATALOG_REVIEW,origin=GHIN;facility_id=review-club-3ecc579f38968b524693;layout_id=33983;tee_id=ghin:33983:tee:953e5cc224df;rating_rights=LEGAL_REVIEW_REQUIRED;source_url=https://www.ghin.com/post-score/hole-by-hole/round-setup/33983,2026-09-20 00:00:00+00,NEEDS_VERIFICATION
Chileno Bay,SOUTH,Cabo San Lucas,Baja California Sur,SOUTH,I V,,72,,,5062 yd,YES,YES,OWNER_CATALOG_REVIEW,origin=GHIN;facility_id=review-club-3ecc579f38968b524693;layout_id=33983;tee_id=ghin:33983:tee:932f39e094c4;rating_rights=LEGAL_REVIEW_REQUIRED;source_url=https://www.ghin.com/post-score/hole-by-hole/round-setup/33983,2026-09-20 00:00:00+00,NEEDS_VERIFICATION
Chileno Bay,SOUTH,Cabo San Lucas,Baja California Sur,SOUTH,Sea Horse,,72,,,7434 yd,YES,YES,OWNER_CATALOG_REVIEW,origin=GHIN;facility_id=review-club-3ecc579f38968b524693;layout_id=33983;tee_id=ghin:33983:tee:df66085d96ed;rating_rights=LEGAL_REVIEW_REQUIRED;source_url=https://www.ghin.com/post-score/hole-by-hole/round-setup/33983,2026-09-20 00:00:00+00,NEEDS_VERIFICATION
Diamante Cabo San Lucas,DUNES,Cabo San Lucas,Baja California Sur,DUNES,I,,71,,,7022 yd,YES,YES,OWNER_CATALOG_REVIEW,origin=GHIN;facility_id=review-club-4155a8a2133b72e7bf7d;layout_id=2950;tee_id=ghin:2950:tee:78ddf68700ea;rating_rights=LEGAL_REVIEW_REQUIRED;source_url=https://www.ghin.com/post-score/hole-by-hole/round-setup/2950,2026-09-20 00:00:00+00,NEEDS_VERIFICATION
Diamante Cabo San Lucas,DUNES,Cabo San Lucas,Baja California Sur,DUNES,I / I I,,71,,,6714 yd,YES,YES,OWNER_CATALOG_REVIEW,origin=GHIN;facility_id=review-club-4155a8a2133b72e7bf7d;layout_id=2950;tee_id=ghin:2950:tee:3e46ed6b5d11;rating_rights=LEGAL_REVIEW_REQUIRED;source_url=https://www.ghin.com/post-score/hole-by-hole/round-setup/2950,2026-09-20 00:00:00+00,NEEDS_VERIFICATION
Diamante Cabo San Lucas,DUNES,Cabo San Lucas,Baja California Sur,DUNES,I I,,71,,,6536 yd,YES,YES,OWNER_CATALOG_REVIEW,origin=GHIN;facility_id=review-club-4155a8a2133b72e7bf7d;layout_id=2950;tee_id=ghin:2950:tee:703f3f7d862a;rating_rights=LEGAL_REVIEW_REQUIRED;source_url=https://www.ghin.com/post-score/hole-by-hole/round-setup/2950,2026-09-20 00:00:00+00,NEEDS_VERIFICATION
Diamante Cabo San Lucas,DUNES,Cabo San Lucas,Baja California Sur,DUNES,I I / I I I,,71,,,6301 yd,YES,YES,OWNER_CATALOG_REVIEW,origin=GHIN;facility_id=review-club-4155a8a2133b72e7bf7d;layout_id=2950;tee_id=ghin:2950:tee:c072d03e006d;rating_rights=LEGAL_REVIEW_REQUIRED;source_url=https://www.ghin.com/post-score/hole-by-hole/round-setup/2950,2026-09-20 00:00:00+00,NEEDS_VERIFICATION
Diamante Cabo San Lucas,DUNES,Cabo San Lucas,Baja California Sur,DUNES,I I I,,71,,,6099 yd,YES,YES,OWNER_CATALOG_REVIEW,origin=GHIN;facility_id=review-club-4155a8a2133b72e7bf7d;layout_id=2950;tee_id=ghin:2950:tee:953e5cc224df;rating_rights=LEGAL_REVIEW_REQUIRED;source_url=https://www.ghin.com/post-score/hole-by-hole/round-setup/2950,2026-09-20 00:00:00+00,NEEDS_VERIFICATION
Diamante Cabo San Lucas,DUNES,Cabo San Lucas,Baja California Sur,DUNES,I V,,71,,,5558 yd,YES,YES,OWNER_CATALOG_REVIEW,origin=GHIN;facility_id=review-club-4155a8a2133b72e7bf7d;layout_id=2950;tee_id=ghin:2950:tee:932f39e094c4;rating_rights=LEGAL_REVIEW_REQUIRED;source_url=https://www.ghin.com/post-score/hole-by-hole/round-setup/2950,2026-09-20 00:00:00+00,NEEDS_VERIFICATION
Diamante Cabo San Lucas,DUNES,Cabo San Lucas,Baja California Sur,DUNES,I V / V,,71,,,5310 yd,YES,YES,OWNER_CATALOG_REVIEW,origin=GHIN;facility_id=review-club-4155a8a2133b72e7bf7d;layout_id=2950;tee_id=ghin:2950:tee:4f3d69db2857;rating_rights=LEGAL_REVIEW_REQUIRED;source_url=https://www.ghin.com/post-score/hole-by-hole/round-setup/2950,2026-09-20 00:00:00+00,NEEDS_VERIFICATION
Diamante Cabo San Lucas,DUNES,Cabo San Lucas,Baja California Sur,DUNES,V,,71,,,4938 yd,YES,YES,OWNER_CATALOG_REVIEW,origin=GHIN;facility_id=review-club-4155a8a2133b72e7bf7d;layout_id=2950;tee_id=ghin:2950:tee:a71d3b8f7557;rating_rights=LEGAL_REVIEW_REQUIRED;source_url=https://www.ghin.com/post-score/hole-by-hole/round-setup/2950,2026-09-20 00:00:00+00,NEEDS_VERIFICATION
Diamante Cabo San Lucas,EL CARDONAL,Cabo San Lucas,Baja California Sur,EL CARDONAL,I,,72,,,7363 yd,YES,YES,OWNER_CATALOG_REVIEW,origin=GHIN;facility_id=review-club-4155a8a2133b72e7bf7d;layout_id=25287;tee_id=ghin:25287:tee:78ddf68700ea;rating_rights=LEGAL_REVIEW_REQUIRED;source_url=https://www.ghin.com/post-score/hole-by-hole/round-setup/25287,2026-09-20 00:00:00+00,NEEDS_VERIFICATION
Diamante Cabo San Lucas,EL CARDONAL,Cabo San Lucas,Baja California Sur,EL CARDONAL,I / I I,,72,,,7068 yd,YES,YES,OWNER_CATALOG_REVIEW,origin=GHIN;facility_id=review-club-4155a8a2133b72e7bf7d;layout_id=25287;tee_id=ghin:25287:tee:3e46ed6b5d11;rating_rights=LEGAL_REVIEW_REQUIRED;source_url=https://www.ghin.com/post-score/hole-by-hole/round-setup/25287,2026-09-20 00:00:00+00,NEEDS_VERIFICATION
Diamante Cabo San Lucas,EL CARDONAL,Cabo San Lucas,Baja California Sur,EL CARDONAL,I I,,72,,,6876 yd,YES,YES,OWNER_CATALOG_REVIEW,origin=GHIN;facility_id=review-club-4155a8a2133b72e7bf7d;layout_id=25287;tee_id=ghin:25287:tee:703f3f7d862a;rating_rights=LEGAL_REVIEW_REQUIRED;source_url=https://www.ghin.com/post-score/hole-by-hole/round-setup/25287,2026-09-20 00:00:00+00,NEEDS_VERIFICATION
Diamante Cabo San Lucas,EL CARDONAL,Cabo San Lucas,Baja California Sur,EL CARDONAL,I I / I I I,,72,,,6553 yd,YES,YES,OWNER_CATALOG_REVIEW,origin=GHIN;facility_id=review-club-4155a8a2133b72e7bf7d;layout_id=25287;tee_id=ghin:25287:tee:c072d03e006d;rating_rights=LEGAL_REVIEW_REQUIRED;source_url=https://www.ghin.com/post-score/hole-by-hole/round-setup/25287,2026-09-20 00:00:00+00,NEEDS_VERIFICATION
Diamante Cabo San Lucas,EL CARDONAL,Cabo San Lucas,Baja California Sur,EL CARDONAL,I I I,,72,,,6291 yd,YES,YES,OWNER_CATALOG_REVIEW,origin=GHIN;facility_id=review-club-4155a8a2133b72e7bf7d;layout_id=25287;tee_id=ghin:25287:tee:953e5cc224df;rating_rights=LEGAL_REVIEW_REQUIRED;source_url=https://www.ghin.com/post-score/hole-by-hole/round-setup/25287,2026-09-20 00:00:00+00,NEEDS_VERIFICATION
Diamante Cabo San Lucas,EL CARDONAL,Cabo San Lucas,Baja California Sur,EL CARDONAL,I V,,72,,,5446 yd,YES,YES,OWNER_CATALOG_REVIEW,origin=GHIN;facility_id=review-club-4155a8a2133b72e7bf7d;layout_id=25287;tee_id=ghin:25287:tee:932f39e094c4;rating_rights=LEGAL_REVIEW_REQUIRED;source_url=https://www.ghin.com/post-score/hole-by-hole/round-setup/25287,2026-09-20 00:00:00+00,NEEDS_VERIFICATION
Diamante Cabo San Lucas,EL CARDONAL,Cabo San Lucas,Baja California Sur,EL CARDONAL,I V / V,,72,,,5069 yd,YES,YES,OWNER_CATALOG_REVIEW,origin=GHIN;facility_id=review-club-4155a8a2133b72e7bf7d;layout_id=25287;tee_id=ghin:25287:tee:4f3d69db2857;rating_rights=LEGAL_REVIEW_REQUIRED;source_url=https://www.ghin.com/post-score/hole-by-hole/round-setup/25287,2026-09-20 00:00:00+00,NEEDS_VERIFICATION
Diamante Cabo San Lucas,EL CARDONAL,Cabo San Lucas,Baja California Sur,EL CARDONAL,V,,72,,,4827 yd,YES,YES,OWNER_CATALOG_REVIEW,origin=GHIN;facility_id=review-club-4155a8a2133b72e7bf7d;layout_id=25287;tee_id=ghin:25287:tee:a71d3b8f7557;rating_rights=LEGAL_REVIEW_REQUIRED;source_url=https://www.ghin.com/post-score/hole-by-hole/round-setup/25287,2026-09-20 00:00:00+00,NEEDS_VERIFICATION
El Dorado Golf & Beach Club,El Dorado Golf & Beach Club,Cabo San Lucas,Baja California Sur,El Dorado Golf & Beach Club,I,,72,,,6910 yd,YES,YES,OWNER_CATALOG_REVIEW,origin=GHIN;facility_id=review-club-dfcdc8db173bd48ef375;layout_id=6;tee_id=ghin:6:tee:78ddf68700ea;rating_rights=LEGAL_REVIEW_REQUIRED;source_url=https://www.ghin.com/post-score/hole-by-hole/round-setup/6,2026-09-20 00:00:00+00,NEEDS_VERIFICATION
El Dorado Golf & Beach Club,El Dorado Golf & Beach Club,Cabo San Lucas,Baja California Sur,El Dorado Golf & Beach Club,I I,,72,,,6617 yd,YES,YES,OWNER_CATALOG_REVIEW,origin=GHIN;facility_id=review-club-dfcdc8db173bd48ef375;layout_id=6;tee_id=ghin:6:tee:703f3f7d862a;rating_rights=LEGAL_REVIEW_REQUIRED;source_url=https://www.ghin.com/post-score/hole-by-hole/round-setup/6,2026-09-20 00:00:00+00,NEEDS_VERIFICATION
El Dorado Golf & Beach Club,El Dorado Golf & Beach Club,Cabo San Lucas,Baja California Sur,El Dorado Golf & Beach Club,I I I,,72,,,6407 yd,YES,YES,OWNER_CATALOG_REVIEW,origin=GHIN;facility_id=review-club-dfcdc8db173bd48ef375;layout_id=6;tee_id=ghin:6:tee:953e5cc224df;rating_rights=LEGAL_REVIEW_REQUIRED;source_url=https://www.ghin.com/post-score/hole-by-hole/round-setup/6,2026-09-20 00:00:00+00,NEEDS_VERIFICATION
El Dorado Golf & Beach Club,El Dorado Golf & Beach Club,Cabo San Lucas,Baja California Sur,El Dorado Golf & Beach Club,I V,,72,,,5362 yd,YES,YES,OWNER_CATALOG_REVIEW,origin=GHIN;facility_id=review-club-dfcdc8db173bd48ef375;layout_id=6;tee_id=ghin:6:tee:932f39e094c4;rating_rights=LEGAL_REVIEW_REQUIRED;source_url=https://www.ghin.com/post-score/hole-by-hole/round-setup/6,2026-09-20 00:00:00+00,NEEDS_VERIFICATION
El Dorado Golf & Beach Club,El Dorado Golf & Beach Club,Cabo San Lucas,Baja California Sur,El Dorado Golf & Beach Club,Marlin,,72,,,7242 yd,YES,YES,OWNER_CATALOG_REVIEW,origin=GHIN;facility_id=review-club-dfcdc8db173bd48ef375;layout_id=6;tee_id=ghin:6:tee:4f182a362c6a;rating_rights=LEGAL_REVIEW_REQUIRED;source_url=https://www.ghin.com/post-score/hole-by-hole/round-setup/6,2026-09-20 00:00:00+00,NEEDS_VERIFICATION
Quivira Golf Club,Quivira Golf Club,Cabo San Lucas,Baja California Sur,Quivira Golf Club,Black,,72,,,7019 yd,YES,YES,OWNER_CATALOG_REVIEW,origin=GHIN;facility_id=review-club-a98ece456a77d11c037c;layout_id=25286;tee_id=ghin:25286:tee:a5214e9bf046;rating_rights=LEGAL_REVIEW_REQUIRED;source_url=https://www.ghin.com/post-score/hole-by-hole/round-setup/25286,2026-09-20 00:00:00+00,NEEDS_VERIFICATION
Quivira Golf Club,Quivira Golf Club,Cabo San Lucas,Baja California Sur,Quivira Golf Club,Blue,,72,,,6104 yd,YES,YES,OWNER_CATALOG_REVIEW,origin=GHIN;facility_id=review-club-a98ece456a77d11c037c;layout_id=25286;tee_id=ghin:25286:tee:0c8189ae1d57;rating_rights=LEGAL_REVIEW_REQUIRED;source_url=https://www.ghin.com/post-score/hole-by-hole/round-setup/25286,2026-09-20 00:00:00+00,NEEDS_VERIFICATION
Quivira Golf Club,Quivira Golf Club,Cabo San Lucas,Baja California Sur,Quivira Golf Club,Gold,,72,,,6526 yd,YES,YES,OWNER_CATALOG_REVIEW,origin=GHIN;facility_id=review-club-a98ece456a77d11c037c;layout_id=25286;tee_id=ghin:25286:tee:587a239f08d8;rating_rights=LEGAL_REVIEW_REQUIRED;source_url=https://www.ghin.com/post-score/hole-by-hole/round-setup/25286,2026-09-20 00:00:00+00,NEEDS_VERIFICATION
Quivira Golf Club,Quivira Golf Club,Cabo San Lucas,Baja California Sur,Quivira Golf Club,Red,,72,,,4754 yd,YES,YES,OWNER_CATALOG_REVIEW,origin=GHIN;facility_id=review-club-a98ece456a77d11c037c;layout_id=25286;tee_id=ghin:25286:tee:35a1d2d831fc;rating_rights=LEGAL_REVIEW_REQUIRED;source_url=https://www.ghin.com/post-score/hole-by-hole/round-setup/25286,2026-09-20 00:00:00+00,NEEDS_VERIFICATION
Quivira Golf Club,Quivira Golf Club,Cabo San Lucas,Baja California Sur,Quivira Golf Club,White,,72,,,5458 yd,YES,YES,OWNER_CATALOG_REVIEW,origin=GHIN;facility_id=review-club-a98ece456a77d11c037c;layout_id=25286;tee_id=ghin:25286:tee:af96eeaf78e7;rating_rights=LEGAL_REVIEW_REQUIRED;source_url=https://www.ghin.com/post-score/hole-by-hole/round-setup/25286,2026-09-20 00:00:00+00,NEEDS_VERIFICATION
Solmar Golf Links,Solmar Golf Links,Cabo San Lucas,Baja California Sur,Solmar Golf Links,Black,,72,,,7240 yd,YES,YES,OWNER_CATALOG_REVIEW,origin=GHIN;facility_id=review-club-43acbf5a2c2c38bb2210;layout_id=31563;tee_id=ghin:31563:tee:a5214e9bf046;rating_rights=LEGAL_REVIEW_REQUIRED;source_url=https://www.ghin.com/post-score/hole-by-hole/round-setup/31563,2026-09-20 00:00:00+00,NEEDS_VERIFICATION
Solmar Golf Links,Solmar Golf Links,Cabo San Lucas,Baja California Sur,Solmar Golf Links,Blue,,72,,,6311 yd,YES,YES,OWNER_CATALOG_REVIEW,origin=GHIN;facility_id=review-club-43acbf5a2c2c38bb2210;layout_id=31563;tee_id=ghin:31563:tee:0c8189ae1d57;rating_rights=LEGAL_REVIEW_REQUIRED;source_url=https://www.ghin.com/post-score/hole-by-hole/round-setup/31563,2026-09-20 00:00:00+00,NEEDS_VERIFICATION
Solmar Golf Links,Solmar Golf Links,Cabo San Lucas,Baja California Sur,Solmar Golf Links,Gold,,72,,,6831 yd,YES,YES,OWNER_CATALOG_REVIEW,origin=GHIN;facility_id=review-club-43acbf5a2c2c38bb2210;layout_id=31563;tee_id=ghin:31563:tee:587a239f08d8;rating_rights=LEGAL_REVIEW_REQUIRED;source_url=https://www.ghin.com/post-score/hole-by-hole/round-setup/31563,2026-09-20 00:00:00+00,NEEDS_VERIFICATION
Solmar Golf Links,Solmar Golf Links,Cabo San Lucas,Baja California Sur,Solmar Golf Links,Red,,72,,,5173 yd,YES,YES,OWNER_CATALOG_REVIEW,origin=GHIN;facility_id=review-club-43acbf5a2c2c38bb2210;layout_id=31563;tee_id=ghin:31563:tee:35a1d2d831fc;rating_rights=LEGAL_REVIEW_REQUIRED;source_url=https://www.ghin.com/post-score/hole-by-hole/round-setup/31563,2026-09-20 00:00:00+00,NEEDS_VERIFICATION
Solmar Golf Links,Solmar Golf Links,Cabo San Lucas,Baja California Sur,Solmar Golf Links,White,,72,,,5767 yd,YES,YES,OWNER_CATALOG_REVIEW,origin=GHIN;facility_id=review-club-43acbf5a2c2c38bb2210;layout_id=31563;tee_id=ghin:31563:tee:af96eeaf78e7;rating_rights=LEGAL_REVIEW_REQUIRED;source_url=https://www.ghin.com/post-score/hole-by-hole/round-setup/31563,2026-09-20 00:00:00+00,NEEDS_VERIFICATION
Twin Dolphin Club,Twin Dolphin Club,Cabo San Lucas,Baja California Sur,Twin Dolphin Club,Combo 1,,72,,,6868 yd,YES,YES,OWNER_CATALOG_REVIEW,origin=GHIN;facility_id=review-club-9fdbe49e8634a2e9f253;layout_id=28712;tee_id=ghin:28712:tee:d9a0f66b6dbf;rating_rights=LEGAL_REVIEW_REQUIRED;source_url=https://www.ghin.com/post-score/hole-by-hole/round-setup/28712,2026-09-20 00:00:00+00,NEEDS_VERIFICATION
Twin Dolphin Club,Twin Dolphin Club,Cabo San Lucas,Baja California Sur,Twin Dolphin Club,Combo 2,,72,,,6372 yd,YES,YES,OWNER_CATALOG_REVIEW,origin=GHIN;facility_id=review-club-9fdbe49e8634a2e9f253;layout_id=28712;tee_id=ghin:28712:tee:e0e050bdd385;rating_rights=LEGAL_REVIEW_REQUIRED;source_url=https://www.ghin.com/post-score/hole-by-hole/round-setup/28712,2026-09-20 00:00:00+00,NEEDS_VERIFICATION
Twin Dolphin Club,Twin Dolphin Club,Cabo San Lucas,Baja California Sur,Twin Dolphin Club,Combo 3,,72,,,5753 yd,YES,YES,OWNER_CATALOG_REVIEW,origin=GHIN;facility_id=review-club-9fdbe49e8634a2e9f253;layout_id=28712;tee_id=ghin:28712:tee:e687b6eb9447;rating_rights=LEGAL_REVIEW_REQUIRED;source_url=https://www.ghin.com/post-score/hole-by-hole/round-setup/28712,2026-09-20 00:00:00+00,NEEDS_VERIFICATION
Twin Dolphin Club,Twin Dolphin Club,Cabo San Lucas,Baja California Sur,Twin Dolphin Club,Tee I,,72,,,6673 yd,YES,YES,OWNER_CATALOG_REVIEW,origin=GHIN;facility_id=review-club-9fdbe49e8634a2e9f253;layout_id=28712;tee_id=ghin:28712:tee:638a10874205;rating_rights=LEGAL_REVIEW_REQUIRED;source_url=https://www.ghin.com/post-score/hole-by-hole/round-setup/28712,2026-09-20 00:00:00+00,NEEDS_VERIFICATION
Twin Dolphin Club,Twin Dolphin Club,Cabo San Lucas,Baja California Sur,Twin Dolphin Club,Tee I I,,72,,,6170 yd,YES,YES,OWNER_CATALOG_REVIEW,origin=GHIN;facility_id=review-club-9fdbe49e8634a2e9f253;layout_id=28712;tee_id=ghin:28712:tee:a44e53d48c20;rating_rights=LEGAL_REVIEW_REQUIRED;source_url=https://www.ghin.com/post-score/hole-by-hole/round-setup/28712,2026-09-20 00:00:00+00,NEEDS_VERIFICATION
Twin Dolphin Club,Twin Dolphin Club,Cabo San Lucas,Baja California Sur,Twin Dolphin Club,Tee I I I,,72,,,5465 yd,YES,YES,OWNER_CATALOG_REVIEW,origin=GHIN;facility_id=review-club-9fdbe49e8634a2e9f253;layout_id=28712;tee_id=ghin:28712:tee:7fd9ae1a6445;rating_rights=LEGAL_REVIEW_REQUIRED;source_url=https://www.ghin.com/post-score/hole-by-hole/round-setup/28712,2026-09-20 00:00:00+00,NEEDS_VERIFICATION
Twin Dolphin Club,Twin Dolphin Club,Cabo San Lucas,Baja California Sur,Twin Dolphin Club,Tee I V,,72,,,4903 yd,YES,YES,OWNER_CATALOG_REVIEW,origin=GHIN;facility_id=review-club-9fdbe49e8634a2e9f253;layout_id=28712;tee_id=ghin:28712:tee:83d6ab40f689;rating_rights=LEGAL_REVIEW_REQUIRED;source_url=https://www.ghin.com/post-score/hole-by-hole/round-setup/28712,2026-09-20 00:00:00+00,NEEDS_VERIFICATION
Twin Dolphin Club,Twin Dolphin Club,Cabo San Lucas,Baja California Sur,Twin Dolphin Club,Twin Dolphin,,72,,,7164 yd,YES,YES,OWNER_CATALOG_REVIEW,origin=GHIN;facility_id=review-club-9fdbe49e8634a2e9f253;layout_id=28712;tee_id=ghin:28712:tee:a61467188812;rating_rights=LEGAL_REVIEW_REQUIRED;source_url=https://www.ghin.com/post-score/hole-by-hole/round-setup/28712,2026-09-20 00:00:00+00,NEEDS_VERIFICATION
EL CORTES GOLF CLUB,EL CORTES,La Paz,Baja California Sur,EL CORTES,BLACK,,72,,,6991 yd,YES,YES,OWNER_CATALOG_REVIEW,origin=GHIN;facility_id=review-club-5eb84d7b20555c698968;layout_id=23175;tee_id=ghin:23175:tee:38f7a0db59b2;rating_rights=LEGAL_REVIEW_REQUIRED;source_url=https://www.ghin.com/post-score/hole-by-hole/round-setup/23175,2026-09-20 00:00:00+00,NEEDS_VERIFICATION
EL CORTES GOLF CLUB,EL CORTES,La Paz,Baja California Sur,EL CORTES,GOLD,,72,,,6517 yd,YES,YES,OWNER_CATALOG_REVIEW,origin=GHIN;facility_id=review-club-5eb84d7b20555c698968;layout_id=23175;tee_id=ghin:23175:tee:03d3ac4b2f0f;rating_rights=LEGAL_REVIEW_REQUIRED;source_url=https://www.ghin.com/post-score/hole-by-hole/round-setup/23175,2026-09-20 00:00:00+00,NEEDS_VERIFICATION
EL CORTES GOLF CLUB,EL CORTES,La Paz,Baja California Sur,EL CORTES,JADE,,72,,,5578 yd,YES,YES,OWNER_CATALOG_REVIEW,origin=GHIN;facility_id=review-club-5eb84d7b20555c698968;layout_id=23175;tee_id=ghin:23175:tee:d759af6c95c3;rating_rights=LEGAL_REVIEW_REQUIRED;source_url=https://www.ghin.com/post-score/hole-by-hole/round-setup/23175,2026-09-20 00:00:00+00,NEEDS_VERIFICATION
EL CORTES GOLF CLUB,EL CORTES,La Paz,Baja California Sur,EL CORTES,SILVER,,72,,,6179 yd,YES,YES,OWNER_CATALOG_REVIEW,origin=GHIN;facility_id=review-club-5eb84d7b20555c698968;layout_id=23175;tee_id=ghin:23175:tee:4bf712e82e4f;rating_rights=LEGAL_REVIEW_REQUIRED;source_url=https://www.ghin.com/post-score/hole-by-hole/round-setup/23175,2026-09-20 00:00:00+00,NEEDS_VERIFICATION
PARAISO DEL MAR GOLF CLUB,El Mogote,La Paz,Baja California Sur,El Mogote,GOLD,,72,,,6670 yd,YES,YES,OWNER_CATALOG_REVIEW,origin=GHIN;facility_id=review-club-405816a231399dfe8054;layout_id=26485;tee_id=ghin:26485:tee:03d3ac4b2f0f;rating_rights=LEGAL_REVIEW_REQUIRED;source_url=https://www.ghin.com/post-score/hole-by-hole/round-setup/26485,2026-09-20 00:00:00+00,NEEDS_VERIFICATION
PARAISO DEL MAR GOLF CLUB,El Mogote,La Paz,Baja California Sur,El Mogote,Gold/White,,72,,,6395 yd,YES,YES,OWNER_CATALOG_REVIEW,origin=GHIN;facility_id=review-club-405816a231399dfe8054;layout_id=26485;tee_id=ghin:26485:tee:d3b3b8f04b4a;rating_rights=LEGAL_REVIEW_REQUIRED;source_url=https://www.ghin.com/post-score/hole-by-hole/round-setup/26485,2026-09-20 00:00:00+00,NEEDS_VERIFICATION
PARAISO DEL MAR GOLF CLUB,El Mogote,La Paz,Baja California Sur,El Mogote,WHITE,,72,,,6207 yd,YES,YES,OWNER_CATALOG_REVIEW,origin=GHIN;facility_id=review-club-405816a231399dfe8054;layout_id=26485;tee_id=ghin:26485:tee:e3eae62f13b9;rating_rights=LEGAL_REVIEW_REQUIRED;source_url=https://www.ghin.com/post-score/hole-by-hole/round-setup/26485,2026-09-20 00:00:00+00,NEEDS_VERIFICATION
PARAISO DEL MAR GOLF CLUB,El Mogote,La Paz,Baja California Sur,El Mogote,White/Yellow,,72,,,5778 yd,YES,YES,OWNER_CATALOG_REVIEW,origin=GHIN;facility_id=review-club-405816a231399dfe8054;layout_id=26485;tee_id=ghin:26485:tee:70e6088b8c8c;rating_rights=LEGAL_REVIEW_REQUIRED;source_url=https://www.ghin.com/post-score/hole-by-hole/round-setup/26485,2026-09-20 00:00:00+00,NEEDS_VERIFICATION
PARAISO DEL MAR GOLF CLUB,El Mogote,La Paz,Baja California Sur,El Mogote,YELLOW,,72,,,5540 yd,YES,YES,OWNER_CATALOG_REVIEW,origin=GHIN;facility_id=review-club-405816a231399dfe8054;layout_id=26485;tee_id=ghin:26485:tee:75e1e00a2de6;rating_rights=LEGAL_REVIEW_REQUIRED;source_url=https://www.ghin.com/post-score/hole-by-hole/round-setup/26485,2026-09-20 00:00:00+00,NEEDS_VERIFICATION
DANZANTE BAY GOLF CLUB,DANZANTE BAY GOLF CLUB,Loreto,Baja California Sur,DANZANTE BAY GOLF CLUB,BLACK,,72,,,7237 yd,YES,YES,OWNER_CATALOG_REVIEW,origin=GHIN;facility_id=review-club-1438ffeac62f42aa0b5a;layout_id=26683;tee_id=ghin:26683:tee:38f7a0db59b2;rating_rights=LEGAL_REVIEW_REQUIRED;source_url=https://www.ghin.com/post-score/hole-by-hole/round-setup/26683,2026-09-20 00:00:00+00,NEEDS_VERIFICATION
DANZANTE BAY GOLF CLUB,DANZANTE BAY GOLF CLUB,Loreto,Baja California Sur,DANZANTE BAY GOLF CLUB,BLUE,,72,,,6141 yd,YES,YES,OWNER_CATALOG_REVIEW,origin=GHIN;facility_id=review-club-1438ffeac62f42aa0b5a;layout_id=26683;tee_id=ghin:26683:tee:0c706ff3441c;rating_rights=LEGAL_REVIEW_REQUIRED;source_url=https://www.ghin.com/post-score/hole-by-hole/round-setup/26683,2026-09-20 00:00:00+00,NEEDS_VERIFICATION
DANZANTE BAY GOLF CLUB,DANZANTE BAY GOLF CLUB,Loreto,Baja California Sur,DANZANTE BAY GOLF CLUB,GOLD,,72,,,6593 yd,YES,YES,OWNER_CATALOG_REVIEW,origin=GHIN;facility_id=review-club-1438ffeac62f42aa0b5a;layout_id=26683;tee_id=ghin:26683:tee:03d3ac4b2f0f;rating_rights=LEGAL_REVIEW_REQUIRED;source_url=https://www.ghin.com/post-score/hole-by-hole/round-setup/26683,2026-09-20 00:00:00+00,NEEDS_VERIFICATION
DANZANTE BAY GOLF CLUB,DANZANTE BAY GOLF CLUB,Loreto,Baja California Sur,DANZANTE BAY GOLF CLUB,WHITE,,72,,,5651 yd,YES,YES,OWNER_CATALOG_REVIEW,origin=GHIN;facility_id=review-club-1438ffeac62f42aa0b5a;layout_id=26683;tee_id=ghin:26683:tee:e3eae62f13b9;rating_rights=LEGAL_REVIEW_REQUIRED;source_url=https://www.ghin.com/post-score/hole-by-hole/round-setup/26683,2026-09-20 00:00:00+00,NEEDS_VERIFICATION
Cabo Real Golf Course,Cabo Real Golf Course,San Jose del Cabo,Baja California Sur,Cabo Real Golf Course,Black,,71,,,6848 yd,YES,YES,OWNER_CATALOG_REVIEW,origin=GHIN;facility_id=review-club-ec791d4c4697f84baf86;layout_id=9;tee_id=ghin:9:tee:a5214e9bf046;rating_rights=LEGAL_REVIEW_REQUIRED;source_url=https://www.ghin.com/post-score/hole-by-hole/round-setup/9,2026-09-20 00:00:00+00,NEEDS_VERIFICATION
Cabo Real Golf Course,Cabo Real Golf Course,San Jose del Cabo,Baja California Sur,Cabo Real Golf Course,Blue,,71,,,6151 yd,YES,YES,OWNER_CATALOG_REVIEW,origin=GHIN;facility_id=review-club-ec791d4c4697f84baf86;layout_id=9;tee_id=ghin:9:tee:0c8189ae1d57;rating_rights=LEGAL_REVIEW_REQUIRED;source_url=https://www.ghin.com/post-score/hole-by-hole/round-setup/9,2026-09-20 00:00:00+00,NEEDS_VERIFICATION
Cabo Real Golf Course,Cabo Real Golf Course,San Jose del Cabo,Baja California Sur,Cabo Real Golf Course,Gold,,71,,,6513 yd,YES,YES,OWNER_CATALOG_REVIEW,origin=GHIN;facility_id=review-club-ec791d4c4697f84baf86;layout_id=9;tee_id=ghin:9:tee:587a239f08d8;rating_rights=LEGAL_REVIEW_REQUIRED;source_url=https://www.ghin.com/post-score/hole-by-hole/round-setup/9,2026-09-20 00:00:00+00,NEEDS_VERIFICATION
Cabo Real Golf Course,Cabo Real Golf Course,San Jose del Cabo,Baja California Sur,Cabo Real Golf Course,Red,,71,,,4947 yd,YES,YES,OWNER_CATALOG_REVIEW,origin=GHIN;facility_id=review-club-ec791d4c4697f84baf86;layout_id=9;tee_id=ghin:9:tee:35a1d2d831fc;rating_rights=LEGAL_REVIEW_REQUIRED;source_url=https://www.ghin.com/post-score/hole-by-hole/round-setup/9,2026-09-20 00:00:00+00,NEEDS_VERIFICATION
Cabo Real Golf Course,Cabo Real Golf Course,San Jose del Cabo,Baja California Sur,Cabo Real Golf Course,White,,71,,,5711 yd,YES,YES,OWNER_CATALOG_REVIEW,origin=GHIN;facility_id=review-club-ec791d4c4697f84baf86;layout_id=9;tee_id=ghin:9:tee:af96eeaf78e7;rating_rights=LEGAL_REVIEW_REQUIRED;source_url=https://www.ghin.com/post-score/hole-by-hole/round-setup/9,2026-09-20 00:00:00+00,NEEDS_VERIFICATION
Club Campestre San Jose del Cabo,Club Campestre San Jose del Cabo,San Jose del Cabo,Baja California Sur,Club Campestre San Jose del Cabo,Black,,71,,,6966 yd,YES,YES,OWNER_CATALOG_REVIEW,origin=GHIN;facility_id=review-club-ea64fbc6e81f5cade0ee;layout_id=2952;tee_id=ghin:2952:tee:a5214e9bf046;rating_rights=LEGAL_REVIEW_REQUIRED;source_url=https://www.ghin.com/post-score/hole-by-hole/round-setup/2952,2026-09-20 00:00:00+00,NEEDS_VERIFICATION
Club Campestre San Jose del Cabo,Club Campestre San Jose del Cabo,San Jose del Cabo,Baja California Sur,Club Campestre San Jose del Cabo,Blue,,71,,,6090 yd,YES,YES,OWNER_CATALOG_REVIEW,origin=GHIN;facility_id=review-club-ea64fbc6e81f5cade0ee;layout_id=2952;tee_id=ghin:2952:tee:0c8189ae1d57;rating_rights=LEGAL_REVIEW_REQUIRED;source_url=https://www.ghin.com/post-score/hole-by-hole/round-setup/2952,2026-09-20 00:00:00+00,NEEDS_VERIFICATION
Club Campestre San Jose del Cabo,Club Campestre San Jose del Cabo,San Jose del Cabo,Baja California Sur,Club Campestre San Jose del Cabo,Blue/White,,71,,,5786 yd,YES,YES,OWNER_CATALOG_REVIEW,origin=GHIN;facility_id=review-club-ea64fbc6e81f5cade0ee;layout_id=2952;tee_id=ghin:2952:tee:2b4cd76d0940;rating_rights=LEGAL_REVIEW_REQUIRED;source_url=https://www.ghin.com/post-score/hole-by-hole/round-setup/2952,2026-09-20 00:00:00+00,NEEDS_VERIFICATION
Club Campestre San Jose del Cabo,Club Campestre San Jose del Cabo,San Jose del Cabo,Baja California Sur,Club Campestre San Jose del Cabo,Gold,,71,,,6552 yd,YES,YES,OWNER_CATALOG_REVIEW,origin=GHIN;facility_id=review-club-ea64fbc6e81f5cade0ee;layout_id=2952;tee_id=ghin:2952:tee:587a239f08d8;rating_rights=LEGAL_REVIEW_REQUIRED;source_url=https://www.ghin.com/post-score/hole-by-hole/round-setup/2952,2026-09-20 00:00:00+00,NEEDS_VERIFICATION
Club Campestre San Jose del Cabo,Club Campestre San Jose del Cabo,San Jose del Cabo,Baja California Sur,Club Campestre San Jose del Cabo,Red,,71,,,4720 yd,YES,YES,OWNER_CATALOG_REVIEW,origin=GHIN;facility_id=review-club-ea64fbc6e81f5cade0ee;layout_id=2952;tee_id=ghin:2952:tee:35a1d2d831fc;rating_rights=LEGAL_REVIEW_REQUIRED;source_url=https://www.ghin.com/post-score/hole-by-hole/round-setup/2952,2026-09-20 00:00:00+00,NEEDS_VERIFICATION
Club Campestre San Jose del Cabo,Club Campestre San Jose del Cabo,San Jose del Cabo,Baja California Sur,Club Campestre San Jose del Cabo,White,,71,,,5416 yd,YES,YES,OWNER_CATALOG_REVIEW,origin=GHIN;facility_id=review-club-ea64fbc6e81f5cade0ee;layout_id=2952;tee_id=ghin:2952:tee:af96eeaf78e7;rating_rights=LEGAL_REVIEW_REQUIRED;source_url=https://www.ghin.com/post-score/hole-by-hole/round-setup/2952,2026-09-20 00:00:00+00,NEEDS_VERIFICATION
Club Campestre San Jose del Cabo,Club Campestre San Jose del Cabo,San Jose del Cabo,Baja California Sur,Club Campestre San Jose del Cabo,White/Red,,71,,,5011 yd,YES,YES,OWNER_CATALOG_REVIEW,origin=GHIN;facility_id=review-club-ea64fbc6e81f5cade0ee;layout_id=2952;tee_id=ghin:2952:tee:c0bf567925a7;rating_rights=LEGAL_REVIEW_REQUIRED;source_url=https://www.ghin.com/post-score/hole-by-hole/round-setup/2952,2026-09-20 00:00:00+00,NEEDS_VERIFICATION
Palmilla Golf Club,Arroyo/Mountain,San Jose del Cabo,Baja California Sur,Arroyo/Mountain,Black,,72,,,6939 yd,YES,YES,OWNER_CATALOG_REVIEW,origin=GHIN;facility_id=review-club-da0a56739477887c7ef0;layout_id=2953;tee_id=ghin:2953:tee:a5214e9bf046;rating_rights=LEGAL_REVIEW_REQUIRED;source_url=https://www.ghin.com/post-score/hole-by-hole/round-setup/2953,2026-09-20 00:00:00+00,NEEDS_VERIFICATION
Palmilla Golf Club,Arroyo/Mountain,San Jose del Cabo,Baja California Sur,Arroyo/Mountain,Blue,,72,,,6130 yd,YES,YES,OWNER_CATALOG_REVIEW,origin=GHIN;facility_id=review-club-da0a56739477887c7ef0;layout_id=2953;tee_id=ghin:2953:tee:0c8189ae1d57;rating_rights=LEGAL_REVIEW_REQUIRED;source_url=https://www.ghin.com/post-score/hole-by-hole/round-setup/2953,2026-09-20 00:00:00+00,NEEDS_VERIFICATION
Palmilla Golf Club,Arroyo/Mountain,San Jose del Cabo,Baja California Sur,Arroyo/Mountain,Gold,,72,,,6572 yd,YES,YES,OWNER_CATALOG_REVIEW,origin=GHIN;facility_id=review-club-da0a56739477887c7ef0;layout_id=2953;tee_id=ghin:2953:tee:587a239f08d8;rating_rights=LEGAL_REVIEW_REQUIRED;source_url=https://www.ghin.com/post-score/hole-by-hole/round-setup/2953,2026-09-20 00:00:00+00,NEEDS_VERIFICATION
Palmilla Golf Club,Arroyo/Mountain,San Jose del Cabo,Baja California Sur,Arroyo/Mountain,White,,72,,,5673 yd,YES,YES,OWNER_CATALOG_REVIEW,origin=GHIN;facility_id=review-club-da0a56739477887c7ef0;layout_id=2953;tee_id=ghin:2953:tee:af96eeaf78e7;rating_rights=LEGAL_REVIEW_REQUIRED;source_url=https://www.ghin.com/post-score/hole-by-hole/round-setup/2953,2026-09-20 00:00:00+00,NEEDS_VERIFICATION
Palmilla Golf Club,Arroyo/Ocean,San Jose del Cabo,Baja California Sur,Arroyo/Ocean,Black,,72,,,6771 yd,YES,YES,OWNER_CATALOG_REVIEW,origin=GHIN;facility_id=review-club-da0a56739477887c7ef0;layout_id=30002;tee_id=ghin:30002:tee:a5214e9bf046;rating_rights=LEGAL_REVIEW_REQUIRED;source_url=https://www.ghin.com/post-score/hole-by-hole/round-setup/30002,2026-09-20 00:00:00+00,NEEDS_VERIFICATION
Palmilla Golf Club,Arroyo/Ocean,San Jose del Cabo,Baja California Sur,Arroyo/Ocean,Blue,,72,,,5878 yd,YES,YES,OWNER_CATALOG_REVIEW,origin=GHIN;facility_id=review-club-da0a56739477887c7ef0;layout_id=30002;tee_id=ghin:30002:tee:0c8189ae1d57;rating_rights=LEGAL_REVIEW_REQUIRED;source_url=https://www.ghin.com/post-score/hole-by-hole/round-setup/30002,2026-09-20 00:00:00+00,NEEDS_VERIFICATION
Palmilla Golf Club,Arroyo/Ocean,San Jose del Cabo,Baja California Sur,Arroyo/Ocean,Gold,,72,,,6361 yd,YES,YES,OWNER_CATALOG_REVIEW,origin=GHIN;facility_id=review-club-da0a56739477887c7ef0;layout_id=30002;tee_id=ghin:30002:tee:587a239f08d8;rating_rights=LEGAL_REVIEW_REQUIRED;source_url=https://www.ghin.com/post-score/hole-by-hole/round-setup/30002,2026-09-20 00:00:00+00,NEEDS_VERIFICATION
Palmilla Golf Club,Arroyo/Ocean,San Jose del Cabo,Baja California Sur,Arroyo/Ocean,White,,72,,,5442 yd,YES,YES,OWNER_CATALOG_REVIEW,origin=GHIN;facility_id=review-club-da0a56739477887c7ef0;layout_id=30002;tee_id=ghin:30002:tee:af96eeaf78e7;rating_rights=LEGAL_REVIEW_REQUIRED;source_url=https://www.ghin.com/post-score/hole-by-hole/round-setup/30002,2026-09-20 00:00:00+00,NEEDS_VERIFICATION
Palmilla Golf Club,Mountain/Arroyo,San Jose del Cabo,Baja California Sur,Mountain/Arroyo,Black,,72,,,6939 yd,YES,YES,OWNER_CATALOG_REVIEW,origin=GHIN;facility_id=review-club-da0a56739477887c7ef0;layout_id=30000;tee_id=ghin:30000:tee:a5214e9bf046;rating_rights=LEGAL_REVIEW_REQUIRED;source_url=https://www.ghin.com/post-score/hole-by-hole/round-setup/30000,2026-09-20 00:00:00+00,NEEDS_VERIFICATION
Palmilla Golf Club,Mountain/Arroyo,San Jose del Cabo,Baja California Sur,Mountain/Arroyo,Blue,,72,,,6130 yd,YES,YES,OWNER_CATALOG_REVIEW,origin=GHIN;facility_id=review-club-da0a56739477887c7ef0;layout_id=30000;tee_id=ghin:30000:tee:0c8189ae1d57;rating_rights=LEGAL_REVIEW_REQUIRED;source_url=https://www.ghin.com/post-score/hole-by-hole/round-setup/30000,2026-09-20 00:00:00+00,NEEDS_VERIFICATION
Palmilla Golf Club,Mountain/Arroyo,San Jose del Cabo,Baja California Sur,Mountain/Arroyo,Gold,,72,,,6572 yd,YES,YES,OWNER_CATALOG_REVIEW,origin=GHIN;facility_id=review-club-da0a56739477887c7ef0;layout_id=30000;tee_id=ghin:30000:tee:587a239f08d8;rating_rights=LEGAL_REVIEW_REQUIRED;source_url=https://www.ghin.com/post-score/hole-by-hole/round-setup/30000,2026-09-20 00:00:00+00,NEEDS_VERIFICATION
Palmilla Golf Club,Mountain/Arroyo,San Jose del Cabo,Baja California Sur,Mountain/Arroyo,White,,72,,,5673 yd,YES,YES,OWNER_CATALOG_REVIEW,origin=GHIN;facility_id=review-club-da0a56739477887c7ef0;layout_id=30000;tee_id=ghin:30000:tee:af96eeaf78e7;rating_rights=LEGAL_REVIEW_REQUIRED;source_url=https://www.ghin.com/post-score/hole-by-hole/round-setup/30000,2026-09-20 00:00:00+00,NEEDS_VERIFICATION
Palmilla Golf Club,Mountain/Ocean,San Jose del Cabo,Baja California Sur,Mountain/Ocean,Black,,72,,,7036 yd,YES,YES,OWNER_CATALOG_REVIEW,origin=GHIN;facility_id=review-club-da0a56739477887c7ef0;layout_id=2954;tee_id=ghin:2954:tee:a5214e9bf046;rating_rights=LEGAL_REVIEW_REQUIRED;source_url=https://www.ghin.com/post-score/hole-by-hole/round-setup/2954,2026-09-20 00:00:00+00,NEEDS_VERIFICATION
Palmilla Golf Club,Mountain/Ocean,San Jose del Cabo,Baja California Sur,Mountain/Ocean,Blue,,72,,,6172 yd,YES,YES,OWNER_CATALOG_REVIEW,origin=GHIN;facility_id=review-club-da0a56739477887c7ef0;layout_id=2954;tee_id=ghin:2954:tee:0c8189ae1d57;rating_rights=LEGAL_REVIEW_REQUIRED;source_url=https://www.ghin.com/post-score/hole-by-hole/round-setup/2954,2026-09-20 00:00:00+00,NEEDS_VERIFICATION
Palmilla Golf Club,Mountain/Ocean,San Jose del Cabo,Baja California Sur,Mountain/Ocean,Gold,,72,,,6665 yd,YES,YES,OWNER_CATALOG_REVIEW,origin=GHIN;facility_id=review-club-da0a56739477887c7ef0;layout_id=2954;tee_id=ghin:2954:tee:587a239f08d8;rating_rights=LEGAL_REVIEW_REQUIRED;source_url=https://www.ghin.com/post-score/hole-by-hole/round-setup/2954,2026-09-20 00:00:00+00,NEEDS_VERIFICATION
Palmilla Golf Club,Mountain/Ocean,San Jose del Cabo,Baja California Sur,Mountain/Ocean,White,,72,,,5709 yd,YES,YES,OWNER_CATALOG_REVIEW,origin=GHIN;facility_id=review-club-da0a56739477887c7ef0;layout_id=2954;tee_id=ghin:2954:tee:af96eeaf78e7;rating_rights=LEGAL_REVIEW_REQUIRED;source_url=https://www.ghin.com/post-score/hole-by-hole/round-setup/2954,2026-09-20 00:00:00+00,NEEDS_VERIFICATION
Palmilla Golf Club,Ocean/Arroyo,San Jose del Cabo,Baja California Sur,Ocean/Arroyo,Black,,72,,,6771 yd,YES,YES,OWNER_CATALOG_REVIEW,origin=GHIN;facility_id=review-club-da0a56739477887c7ef0;layout_id=2955;tee_id=ghin:2955:tee:a5214e9bf046;rating_rights=LEGAL_REVIEW_REQUIRED;source_url=https://www.ghin.com/post-score/hole-by-hole/round-setup/2955,2026-09-20 00:00:00+00,NEEDS_VERIFICATION
Palmilla Golf Club,Ocean/Arroyo,San Jose del Cabo,Baja California Sur,Ocean/Arroyo,Blue,,72,,,5878 yd,YES,YES,OWNER_CATALOG_REVIEW,origin=GHIN;facility_id=review-club-da0a56739477887c7ef0;layout_id=2955;tee_id=ghin:2955:tee:0c8189ae1d57;rating_rights=LEGAL_REVIEW_REQUIRED;source_url=https://www.ghin.com/post-score/hole-by-hole/round-setup/2955,2026-09-20 00:00:00+00,NEEDS_VERIFICATION
Palmilla Golf Club,Ocean/Arroyo,San Jose del Cabo,Baja California Sur,Ocean/Arroyo,Gold,,72,,,6361 yd,YES,YES,OWNER_CATALOG_REVIEW,origin=GHIN;facility_id=review-club-da0a56739477887c7ef0;layout_id=2955;tee_id=ghin:2955:tee:587a239f08d8;rating_rights=LEGAL_REVIEW_REQUIRED;source_url=https://www.ghin.com/post-score/hole-by-hole/round-setup/2955,2026-09-20 00:00:00+00,NEEDS_VERIFICATION
Palmilla Golf Club,Ocean/Arroyo,San Jose del Cabo,Baja California Sur,Ocean/Arroyo,White,,72,,,5442 yd,YES,YES,OWNER_CATALOG_REVIEW,origin=GHIN;facility_id=review-club-da0a56739477887c7ef0;layout_id=2955;tee_id=ghin:2955:tee:af96eeaf78e7;rating_rights=LEGAL_REVIEW_REQUIRED;source_url=https://www.ghin.com/post-score/hole-by-hole/round-setup/2955,2026-09-20 00:00:00+00,NEEDS_VERIFICATION
Palmilla Golf Club,Ocean/Mountain,San Jose del Cabo,Baja California Sur,Ocean/Mountain,Black,,72,,,7036 yd,YES,YES,OWNER_CATALOG_REVIEW,origin=GHIN;facility_id=review-club-da0a56739477887c7ef0;layout_id=30001;tee_id=ghin:30001:tee:a5214e9bf046;rating_rights=LEGAL_REVIEW_REQUIRED;source_url=https://www.ghin.com/post-score/hole-by-hole/round-setup/30001,2026-09-20 00:00:00+00,NEEDS_VERIFICATION
Palmilla Golf Club,Ocean/Mountain,San Jose del Cabo,Baja California Sur,Ocean/Mountain,Blue,,72,,,6172 yd,YES,YES,OWNER_CATALOG_REVIEW,origin=GHIN;facility_id=review-club-da0a56739477887c7ef0;layout_id=30001;tee_id=ghin:30001:tee:0c8189ae1d57;rating_rights=LEGAL_REVIEW_REQUIRED;source_url=https://www.ghin.com/post-score/hole-by-hole/round-setup/30001,2026-09-20 00:00:00+00,NEEDS_VERIFICATION
Palmilla Golf Club,Ocean/Mountain,San Jose del Cabo,Baja California Sur,Ocean/Mountain,Gold,,72,,,6665 yd,YES,YES,OWNER_CATALOG_REVIEW,origin=GHIN;facility_id=review-club-da0a56739477887c7ef0;layout_id=30001;tee_id=ghin:30001:tee:587a239f08d8;rating_rights=LEGAL_REVIEW_REQUIRED;source_url=https://www.ghin.com/post-score/hole-by-hole/round-setup/30001,2026-09-20 00:00:00+00,NEEDS_VERIFICATION
Palmilla Golf Club,Ocean/Mountain,San Jose del Cabo,Baja California Sur,Ocean/Mountain,White,,72,,,5709 yd,YES,YES,OWNER_CATALOG_REVIEW,origin=GHIN;facility_id=review-club-da0a56739477887c7ef0;layout_id=30001;tee_id=ghin:30001:tee:af96eeaf78e7;rating_rights=LEGAL_REVIEW_REQUIRED;source_url=https://www.ghin.com/post-score/hole-by-hole/round-setup/30001,2026-09-20 00:00:00+00,NEEDS_VERIFICATION
Puerto Los Cabos Golf Club,MISSION/OCEAN,San Jose del Cabo,Baja California Sur,MISSION/OCEAN,Azul (Blue),,72,,,5472 yd,YES,YES,OWNER_CATALOG_REVIEW,origin=GHIN;facility_id=review-club-25439a4bbac90ba4a81d;layout_id=26666;tee_id=ghin:26666:tee:e29236b6c4c2;rating_rights=LEGAL_REVIEW_REQUIRED;source_url=https://www.ghin.com/post-score/hole-by-hole/round-setup/26666,2026-09-20 00:00:00+00,NEEDS_VERIFICATION
Puerto Los Cabos Golf Club,MISSION/OCEAN,San Jose del Cabo,Baja California Sur,MISSION/OCEAN,Azul/Roja (Blue/Red),,72,,,5094 yd,YES,YES,OWNER_CATALOG_REVIEW,origin=GHIN;facility_id=review-club-25439a4bbac90ba4a81d;layout_id=26666;tee_id=ghin:26666:tee:3152b58daa97;rating_rights=LEGAL_REVIEW_REQUIRED;source_url=https://www.ghin.com/post-score/hole-by-hole/round-setup/26666,2026-09-20 00:00:00+00,NEEDS_VERIFICATION
Puerto Los Cabos Golf Club,MISSION/OCEAN,San Jose del Cabo,Baja California Sur,MISSION/OCEAN,Dorada (Gold),,72,,,6586 yd,YES,YES,OWNER_CATALOG_REVIEW,origin=GHIN;facility_id=review-club-25439a4bbac90ba4a81d;layout_id=26666;tee_id=ghin:26666:tee:2d0428771145;rating_rights=LEGAL_REVIEW_REQUIRED;source_url=https://www.ghin.com/post-score/hole-by-hole/round-setup/26666,2026-09-20 00:00:00+00,NEEDS_VERIFICATION
Puerto Los Cabos Golf Club,MISSION/OCEAN,San Jose del Cabo,Baja California Sur,MISSION/OCEAN,Dorada/Plata (Gold/Silver),,72,,,6306 yd,YES,YES,OWNER_CATALOG_REVIEW,origin=GHIN;facility_id=review-club-25439a4bbac90ba4a81d;layout_id=26666;tee_id=ghin:26666:tee:b598c54d507a;rating_rights=LEGAL_REVIEW_REQUIRED;source_url=https://www.ghin.com/post-score/hole-by-hole/round-setup/26666,2026-09-20 00:00:00+00,NEEDS_VERIFICATION
Puerto Los Cabos Golf Club,MISSION/OCEAN,San Jose del Cabo,Baja California Sur,MISSION/OCEAN,Negra (Black),,72,,,7166 yd,YES,YES,OWNER_CATALOG_REVIEW,origin=GHIN;facility_id=review-club-25439a4bbac90ba4a81d;layout_id=26666;tee_id=ghin:26666:tee:c218ee419cfc;rating_rights=LEGAL_REVIEW_REQUIRED;source_url=https://www.ghin.com/post-score/hole-by-hole/round-setup/26666,2026-09-20 00:00:00+00,NEEDS_VERIFICATION
Puerto Los Cabos Golf Club,MISSION/OCEAN,San Jose del Cabo,Baja California Sur,MISSION/OCEAN,Negra/Dorada (Black/Gold),,72,,,6801 yd,YES,YES,OWNER_CATALOG_REVIEW,origin=GHIN;facility_id=review-club-25439a4bbac90ba4a81d;layout_id=26666;tee_id=ghin:26666:tee:5cbfb0faefd7;rating_rights=LEGAL_REVIEW_REQUIRED;source_url=https://www.ghin.com/post-score/hole-by-hole/round-setup/26666,2026-09-20 00:00:00+00,NEEDS_VERIFICATION
Puerto Los Cabos Golf Club,MISSION/OCEAN,San Jose del Cabo,Baja California Sur,MISSION/OCEAN,Plata (Silver),,72,,,6102 yd,YES,YES,OWNER_CATALOG_REVIEW,origin=GHIN;facility_id=review-club-25439a4bbac90ba4a81d;layout_id=26666;tee_id=ghin:26666:tee:f5dddea15fbe;rating_rights=LEGAL_REVIEW_REQUIRED;source_url=https://www.ghin.com/post-score/hole-by-hole/round-setup/26666,2026-09-20 00:00:00+00,NEEDS_VERIFICATION
Puerto Los Cabos Golf Club,MISSION/OCEAN,San Jose del Cabo,Baja California Sur,MISSION/OCEAN,Plata/Azul (Silver/Blue),,72,,,5663 yd,YES,YES,OWNER_CATALOG_REVIEW,origin=GHIN;facility_id=review-club-25439a4bbac90ba4a81d;layout_id=26666;tee_id=ghin:26666:tee:9ba9b2072bbc;rating_rights=LEGAL_REVIEW_REQUIRED;source_url=https://www.ghin.com/post-score/hole-by-hole/round-setup/26666,2026-09-20 00:00:00+00,NEEDS_VERIFICATION
Puerto Los Cabos Golf Club,MISSION/OCEAN,San Jose del Cabo,Baja California Sur,MISSION/OCEAN,Roja (Red),,72,,,4705 yd,YES,YES,OWNER_CATALOG_REVIEW,origin=GHIN;facility_id=review-club-25439a4bbac90ba4a81d;layout_id=26666;tee_id=ghin:26666:tee:d25eaa606263;rating_rights=LEGAL_REVIEW_REQUIRED;source_url=https://www.ghin.com/post-score/hole-by-hole/round-setup/26666,2026-09-20 00:00:00+00,NEEDS_VERIFICATION
Puerto Los Cabos Golf Club,MISSION/VISTA,San Jose del Cabo,Baja California Sur,MISSION/VISTA,Azul (Blue),,72,,,5480 yd,YES,YES,OWNER_CATALOG_REVIEW,origin=GHIN;facility_id=review-club-25439a4bbac90ba4a81d;layout_id=32618;tee_id=ghin:32618:tee:e29236b6c4c2;rating_rights=LEGAL_REVIEW_REQUIRED;source_url=https://www.ghin.com/post-score/hole-by-hole/round-setup/32618,2026-09-20 00:00:00+00,NEEDS_VERIFICATION
Puerto Los Cabos Golf Club,MISSION/VISTA,San Jose del Cabo,Baja California Sur,MISSION/VISTA,Azul/Roja (Blue/Red),,72,,,5085 yd,YES,YES,OWNER_CATALOG_REVIEW,origin=GHIN;facility_id=review-club-25439a4bbac90ba4a81d;layout_id=32618;tee_id=ghin:32618:tee:3152b58daa97;rating_rights=LEGAL_REVIEW_REQUIRED;source_url=https://www.ghin.com/post-score/hole-by-hole/round-setup/32618,2026-09-20 00:00:00+00,NEEDS_VERIFICATION
Puerto Los Cabos Golf Club,MISSION/VISTA,San Jose del Cabo,Baja California Sur,MISSION/VISTA,Dorada (Gold),,72,,,6631 yd,YES,YES,OWNER_CATALOG_REVIEW,origin=GHIN;facility_id=review-club-25439a4bbac90ba4a81d;layout_id=32618;tee_id=ghin:32618:tee:2d0428771145;rating_rights=LEGAL_REVIEW_REQUIRED;source_url=https://www.ghin.com/post-score/hole-by-hole/round-setup/32618,2026-09-20 00:00:00+00,NEEDS_VERIFICATION
Puerto Los Cabos Golf Club,MISSION/VISTA,San Jose del Cabo,Baja California Sur,MISSION/VISTA,Dorada/Plata (Gold/Silver),,72,,,6338 yd,YES,YES,OWNER_CATALOG_REVIEW,origin=GHIN;facility_id=review-club-25439a4bbac90ba4a81d;layout_id=32618;tee_id=ghin:32618:tee:b598c54d507a;rating_rights=LEGAL_REVIEW_REQUIRED;source_url=https://www.ghin.com/post-score/hole-by-hole/round-setup/32618,2026-09-20 00:00:00+00,NEEDS_VERIFICATION
Puerto Los Cabos Golf Club,MISSION/VISTA,San Jose del Cabo,Baja California Sur,MISSION/VISTA,Negra (Black),,72,,,7213 yd,YES,YES,OWNER_CATALOG_REVIEW,origin=GHIN;facility_id=review-club-25439a4bbac90ba4a81d;layout_id=32618;tee_id=ghin:32618:tee:c218ee419cfc;rating_rights=LEGAL_REVIEW_REQUIRED;source_url=https://www.ghin.com/post-score/hole-by-hole/round-setup/32618,2026-09-20 00:00:00+00,NEEDS_VERIFICATION
Puerto Los Cabos Golf Club,MISSION/VISTA,San Jose del Cabo,Baja California Sur,MISSION/VISTA,Negra/Dorada (Black/Gold),,72,,,6885 yd,YES,YES,OWNER_CATALOG_REVIEW,origin=GHIN;facility_id=review-club-25439a4bbac90ba4a81d;layout_id=32618;tee_id=ghin:32618:tee:5cbfb0faefd7;rating_rights=LEGAL_REVIEW_REQUIRED;source_url=https://www.ghin.com/post-score/hole-by-hole/round-setup/32618,2026-09-20 00:00:00+00,NEEDS_VERIFICATION
Puerto Los Cabos Golf Club,MISSION/VISTA,San Jose del Cabo,Baja California Sur,MISSION/VISTA,Plata (Silver),,72,,,6069 yd,YES,YES,OWNER_CATALOG_REVIEW,origin=GHIN;facility_id=review-club-25439a4bbac90ba4a81d;layout_id=32618;tee_id=ghin:32618:tee:f5dddea15fbe;rating_rights=LEGAL_REVIEW_REQUIRED;source_url=https://www.ghin.com/post-score/hole-by-hole/round-setup/32618,2026-09-20 00:00:00+00,NEEDS_VERIFICATION
Puerto Los Cabos Golf Club,MISSION/VISTA,San Jose del Cabo,Baja California Sur,MISSION/VISTA,Plata/Azul (Silver/Blue),,72,,,5693 yd,YES,YES,OWNER_CATALOG_REVIEW,origin=GHIN;facility_id=review-club-25439a4bbac90ba4a81d;layout_id=32618;tee_id=ghin:32618:tee:9ba9b2072bbc;rating_rights=LEGAL_REVIEW_REQUIRED;source_url=https://www.ghin.com/post-score/hole-by-hole/round-setup/32618,2026-09-20 00:00:00+00,NEEDS_VERIFICATION
Puerto Los Cabos Golf Club,MISSION/VISTA,San Jose del Cabo,Baja California Sur,MISSION/VISTA,Roja (Red),,72,,,4657 yd,YES,YES,OWNER_CATALOG_REVIEW,origin=GHIN;facility_id=review-club-25439a4bbac90ba4a81d;layout_id=32618;tee_id=ghin:32618:tee:d25eaa606263;rating_rights=LEGAL_REVIEW_REQUIRED;source_url=https://www.ghin.com/post-score/hole-by-hole/round-setup/32618,2026-09-20 00:00:00+00,NEEDS_VERIFICATION
Puerto Los Cabos Golf Club,OCEAN/VISTA,San Jose del Cabo,Baja California Sur,OCEAN/VISTA,Azul (Blue),,72,,,5460 yd,YES,YES,OWNER_CATALOG_REVIEW,origin=GHIN;facility_id=review-club-25439a4bbac90ba4a81d;layout_id=26667;tee_id=ghin:26667:tee:e29236b6c4c2;rating_rights=LEGAL_REVIEW_REQUIRED;source_url=https://www.ghin.com/post-score/hole-by-hole/round-setup/26667,2026-09-20 00:00:00+00,NEEDS_VERIFICATION
Puerto Los Cabos Golf Club,OCEAN/VISTA,San Jose del Cabo,Baja California Sur,OCEAN/VISTA,Azul/Roja (Blue/Red),,72,,,5143 yd,YES,YES,OWNER_CATALOG_REVIEW,origin=GHIN;facility_id=review-club-25439a4bbac90ba4a81d;layout_id=26667;tee_id=ghin:26667:tee:3152b58daa97;rating_rights=LEGAL_REVIEW_REQUIRED;source_url=https://www.ghin.com/post-score/hole-by-hole/round-setup/26667,2026-09-20 00:00:00+00,NEEDS_VERIFICATION
Puerto Los Cabos Golf Club,OCEAN/VISTA,San Jose del Cabo,Baja California Sur,OCEAN/VISTA,Dorada (Gold),,72,,,6639 yd,YES,YES,OWNER_CATALOG_REVIEW,origin=GHIN;facility_id=review-club-25439a4bbac90ba4a81d;layout_id=26667;tee_id=ghin:26667:tee:2d0428771145;rating_rights=LEGAL_REVIEW_REQUIRED;source_url=https://www.ghin.com/post-score/hole-by-hole/round-setup/26667,2026-09-20 00:00:00+00,NEEDS_VERIFICATION
Puerto Los Cabos Golf Club,OCEAN/VISTA,San Jose del Cabo,Baja California Sur,OCEAN/VISTA,Dorada/Plata (Gold/Silver),,72,,,6408 yd,YES,YES,OWNER_CATALOG_REVIEW,origin=GHIN;facility_id=review-club-25439a4bbac90ba4a81d;layout_id=26667;tee_id=ghin:26667:tee:b598c54d507a;rating_rights=LEGAL_REVIEW_REQUIRED;source_url=https://www.ghin.com/post-score/hole-by-hole/round-setup/26667,2026-09-20 00:00:00+00,NEEDS_VERIFICATION
Puerto Los Cabos Golf Club,OCEAN/VISTA,San Jose del Cabo,Baja California Sur,OCEAN/VISTA,Negra (Black),,72,,,7199 yd,YES,YES,OWNER_CATALOG_REVIEW,origin=GHIN;facility_id=review-club-25439a4bbac90ba4a81d;layout_id=26667;tee_id=ghin:26667:tee:c218ee419cfc;rating_rights=LEGAL_REVIEW_REQUIRED;source_url=https://www.ghin.com/post-score/hole-by-hole/round-setup/26667,2026-09-20 00:00:00+00,NEEDS_VERIFICATION
Puerto Los Cabos Golf Club,OCEAN/VISTA,San Jose del Cabo,Baja California Sur,OCEAN/VISTA,Negra/Dorada (Black/Gold),,72,,,6868 yd,YES,YES,OWNER_CATALOG_REVIEW,origin=GHIN;facility_id=review-club-25439a4bbac90ba4a81d;layout_id=26667;tee_id=ghin:26667:tee:5cbfb0faefd7;rating_rights=LEGAL_REVIEW_REQUIRED;source_url=https://www.ghin.com/post-score/hole-by-hole/round-setup/26667,2026-09-20 00:00:00+00,NEEDS_VERIFICATION
Puerto Los Cabos Golf Club,OCEAN/VISTA,San Jose del Cabo,Baja California Sur,OCEAN/VISTA,Plata (Silver),,72,,,6159 yd,YES,YES,OWNER_CATALOG_REVIEW,origin=GHIN;facility_id=review-club-25439a4bbac90ba4a81d;layout_id=26667;tee_id=ghin:26667:tee:f5dddea15fbe;rating_rights=LEGAL_REVIEW_REQUIRED;source_url=https://www.ghin.com/post-score/hole-by-hole/round-setup/26667,2026-09-20 00:00:00+00,NEEDS_VERIFICATION
Puerto Los Cabos Golf Club,OCEAN/VISTA,San Jose del Cabo,Baja California Sur,OCEAN/VISTA,Plata/Azul (Silver/Blue),,72,,,5688 yd,YES,YES,OWNER_CATALOG_REVIEW,origin=GHIN;facility_id=review-club-25439a4bbac90ba4a81d;layout_id=26667;tee_id=ghin:26667:tee:9ba9b2072bbc;rating_rights=LEGAL_REVIEW_REQUIRED;source_url=https://www.ghin.com/post-score/hole-by-hole/round-setup/26667,2026-09-20 00:00:00+00,NEEDS_VERIFICATION
Puerto Los Cabos Golf Club,OCEAN/VISTA,San Jose del Cabo,Baja California Sur,OCEAN/VISTA,Roja (Red),,72,,,4654 yd,YES,YES,OWNER_CATALOG_REVIEW,origin=GHIN;facility_id=review-club-25439a4bbac90ba4a81d;layout_id=26667;tee_id=ghin:26667:tee:d25eaa606263;rating_rights=LEGAL_REVIEW_REQUIRED;source_url=https://www.ghin.com/post-score/hole-by-hole/round-setup/26667,2026-09-20 00:00:00+00,NEEDS_VERIFICATION
Puerto Los Cabos Golf Club,VISTA/MISSION,San Jose del Cabo,Baja California Sur,VISTA/MISSION,Azul (Blue),,72,,,5480 yd,YES,YES,OWNER_CATALOG_REVIEW,origin=GHIN;facility_id=review-club-25439a4bbac90ba4a81d;layout_id=26668;tee_id=ghin:26668:tee:e29236b6c4c2;rating_rights=LEGAL_REVIEW_REQUIRED;source_url=https://www.ghin.com/post-score/hole-by-hole/round-setup/26668,2026-09-20 00:00:00+00,NEEDS_VERIFICATION
Puerto Los Cabos Golf Club,VISTA/MISSION,San Jose del Cabo,Baja California Sur,VISTA/MISSION,Azul/Roja (Blue/Red),,72,,,5085 yd,YES,YES,OWNER_CATALOG_REVIEW,origin=GHIN;facility_id=review-club-25439a4bbac90ba4a81d;layout_id=26668;tee_id=ghin:26668:tee:3152b58daa97;rating_rights=LEGAL_REVIEW_REQUIRED;source_url=https://www.ghin.com/post-score/hole-by-hole/round-setup/26668,2026-09-20 00:00:00+00,NEEDS_VERIFICATION
Puerto Los Cabos Golf Club,VISTA/MISSION,San Jose del Cabo,Baja California Sur,VISTA/MISSION,Dorada (Gold),,72,,,6631 yd,YES,YES,OWNER_CATALOG_REVIEW,origin=GHIN;facility_id=review-club-25439a4bbac90ba4a81d;layout_id=26668;tee_id=ghin:26668:tee:2d0428771145;rating_rights=LEGAL_REVIEW_REQUIRED;source_url=https://www.ghin.com/post-score/hole-by-hole/round-setup/26668,2026-09-20 00:00:00+00,NEEDS_VERIFICATION
Puerto Los Cabos Golf Club,VISTA/MISSION,San Jose del Cabo,Baja California Sur,VISTA/MISSION,Dorada/Plata (Gold/Silver),,72,,,6338 yd,YES,YES,OWNER_CATALOG_REVIEW,origin=GHIN;facility_id=review-club-25439a4bbac90ba4a81d;layout_id=26668;tee_id=ghin:26668:tee:b598c54d507a;rating_rights=LEGAL_REVIEW_REQUIRED;source_url=https://www.ghin.com/post-score/hole-by-hole/round-setup/26668,2026-09-20 00:00:00+00,NEEDS_VERIFICATION
Puerto Los Cabos Golf Club,VISTA/MISSION,San Jose del Cabo,Baja California Sur,VISTA/MISSION,Negra (Black),,72,,,7213 yd,YES,YES,OWNER_CATALOG_REVIEW,origin=GHIN;facility_id=review-club-25439a4bbac90ba4a81d;layout_id=26668;tee_id=ghin:26668:tee:c218ee419cfc;rating_rights=LEGAL_REVIEW_REQUIRED;source_url=https://www.ghin.com/post-score/hole-by-hole/round-setup/26668,2026-09-20 00:00:00+00,NEEDS_VERIFICATION
Puerto Los Cabos Golf Club,VISTA/MISSION,San Jose del Cabo,Baja California Sur,VISTA/MISSION,Negra/Dorada (Black/Gold),,72,,,6885 yd,YES,YES,OWNER_CATALOG_REVIEW,origin=GHIN;facility_id=review-club-25439a4bbac90ba4a81d;layout_id=26668;tee_id=ghin:26668:tee:5cbfb0faefd7;rating_rights=LEGAL_REVIEW_REQUIRED;source_url=https://www.ghin.com/post-score/hole-by-hole/round-setup/26668,2026-09-20 00:00:00+00,NEEDS_VERIFICATION
Puerto Los Cabos Golf Club,VISTA/MISSION,San Jose del Cabo,Baja California Sur,VISTA/MISSION,Plata (Silver),,72,,,6069 yd,YES,YES,OWNER_CATALOG_REVIEW,origin=GHIN;facility_id=review-club-25439a4bbac90ba4a81d;layout_id=26668;tee_id=ghin:26668:tee:f5dddea15fbe;rating_rights=LEGAL_REVIEW_REQUIRED;source_url=https://www.ghin.com/post-score/hole-by-hole/round-setup/26668,2026-09-20 00:00:00+00,NEEDS_VERIFICATION
Puerto Los Cabos Golf Club,VISTA/MISSION,San Jose del Cabo,Baja California Sur,VISTA/MISSION,Plata/Azul (Silver/Blue),,72,,,5693 yd,YES,YES,OWNER_CATALOG_REVIEW,origin=GHIN;facility_id=review-club-25439a4bbac90ba4a81d;layout_id=26668;tee_id=ghin:26668:tee:9ba9b2072bbc;rating_rights=LEGAL_REVIEW_REQUIRED;source_url=https://www.ghin.com/post-score/hole-by-hole/round-setup/26668,2026-09-20 00:00:00+00,NEEDS_VERIFICATION
Puerto Los Cabos Golf Club,VISTA/MISSION,San Jose del Cabo,Baja California Sur,VISTA/MISSION,Roja (Red),,72,,,4657 yd,YES,YES,OWNER_CATALOG_REVIEW,origin=GHIN;facility_id=review-club-25439a4bbac90ba4a81d;layout_id=26668;tee_id=ghin:26668:tee:d25eaa606263;rating_rights=LEGAL_REVIEW_REQUIRED;source_url=https://www.ghin.com/post-score/hole-by-hole/round-setup/26668,2026-09-20 00:00:00+00,NEEDS_VERIFICATION
Querencia,CAMPO ALTO,San Jose del Cabo,Baja California Sur,CAMPO ALTO,Black,,72,,,7579 yd,YES,YES,OWNER_CATALOG_REVIEW,origin=GHIN;facility_id=review-club-9a89995ab97d2b394fce;layout_id=36950;tee_id=ghin:36950:tee:a5214e9bf046;rating_rights=LEGAL_REVIEW_REQUIRED;source_url=https://www.ghin.com/post-score/hole-by-hole/round-setup/36950,2026-09-20 00:00:00+00,NEEDS_VERIFICATION
Querencia,CAMPO ALTO,San Jose del Cabo,Baja California Sur,CAMPO ALTO,Blue,,72,,,6309 yd,YES,YES,OWNER_CATALOG_REVIEW,origin=GHIN;facility_id=review-club-9a89995ab97d2b394fce;layout_id=36950;tee_id=ghin:36950:tee:0c8189ae1d57;rating_rights=LEGAL_REVIEW_REQUIRED;source_url=https://www.ghin.com/post-score/hole-by-hole/round-setup/36950,2026-09-20 00:00:00+00,NEEDS_VERIFICATION
Querencia,CAMPO ALTO,San Jose del Cabo,Baja California Sur,CAMPO ALTO,Blue/White (COMBO),,72,,,5929 yd,YES,YES,OWNER_CATALOG_REVIEW,origin=GHIN;facility_id=review-club-9a89995ab97d2b394fce;layout_id=36950;tee_id=ghin:36950:tee:ac96800241e1;rating_rights=LEGAL_REVIEW_REQUIRED;source_url=https://www.ghin.com/post-score/hole-by-hole/round-setup/36950,2026-09-20 00:00:00+00,NEEDS_VERIFICATION
Querencia,CAMPO ALTO,San Jose del Cabo,Baja California Sur,CAMPO ALTO,Gold,,72,,,6986 yd,YES,YES,OWNER_CATALOG_REVIEW,origin=GHIN;facility_id=review-club-9a89995ab97d2b394fce;layout_id=36950;tee_id=ghin:36950:tee:587a239f08d8;rating_rights=LEGAL_REVIEW_REQUIRED;source_url=https://www.ghin.com/post-score/hole-by-hole/round-setup/36950,2026-09-20 00:00:00+00,NEEDS_VERIFICATION
Querencia,CAMPO ALTO,San Jose del Cabo,Baja California Sur,CAMPO ALTO,Gold/Blue (COMBO),,72,,,6582 yd,YES,YES,OWNER_CATALOG_REVIEW,origin=GHIN;facility_id=review-club-9a89995ab97d2b394fce;layout_id=36950;tee_id=ghin:36950:tee:8d2c91a7d7d0;rating_rights=LEGAL_REVIEW_REQUIRED;source_url=https://www.ghin.com/post-score/hole-by-hole/round-setup/36950,2026-09-20 00:00:00+00,NEEDS_VERIFICATION
Querencia,CAMPO ALTO,San Jose del Cabo,Baja California Sur,CAMPO ALTO,Red,,72,,,4859 yd,YES,YES,OWNER_CATALOG_REVIEW,origin=GHIN;facility_id=review-club-9a89995ab97d2b394fce;layout_id=36950;tee_id=ghin:36950:tee:35a1d2d831fc;rating_rights=LEGAL_REVIEW_REQUIRED;source_url=https://www.ghin.com/post-score/hole-by-hole/round-setup/36950,2026-09-20 00:00:00+00,NEEDS_VERIFICATION
Querencia,CAMPO ALTO,San Jose del Cabo,Baja California Sur,CAMPO ALTO,White,,72,,,5617 yd,YES,YES,OWNER_CATALOG_REVIEW,origin=GHIN;facility_id=review-club-9a89995ab97d2b394fce;layout_id=36950;tee_id=ghin:36950:tee:af96eeaf78e7;rating_rights=LEGAL_REVIEW_REQUIRED;source_url=https://www.ghin.com/post-score/hole-by-hole/round-setup/36950,2026-09-20 00:00:00+00,NEEDS_VERIFICATION
Querencia,CAMPO ALTO,San Jose del Cabo,Baja California Sur,CAMPO ALTO,White/Red (COMBO),,72,,,5209 yd,YES,YES,OWNER_CATALOG_REVIEW,origin=GHIN;facility_id=review-club-9a89995ab97d2b394fce;layout_id=36950;tee_id=ghin:36950:tee:9bb5cb6720d8;rating_rights=LEGAL_REVIEW_REQUIRED;source_url=https://www.ghin.com/post-score/hole-by-hole/round-setup/36950,2026-09-20 00:00:00+00,NEEDS_VERIFICATION
Querencia,CAMPO BAJO,San Jose del Cabo,Baja California Sur,CAMPO BAJO,Black,,72,,,7284 yd,YES,YES,OWNER_CATALOG_REVIEW,origin=GHIN;facility_id=review-club-9a89995ab97d2b394fce;layout_id=4;tee_id=ghin:4:tee:a5214e9bf046;rating_rights=LEGAL_REVIEW_REQUIRED;source_url=https://www.ghin.com/post-score/hole-by-hole/round-setup/4,2026-09-20 00:00:00+00,NEEDS_VERIFICATION
Querencia,CAMPO BAJO,San Jose del Cabo,Baja California Sur,CAMPO BAJO,Blue,,72,,,6383 yd,YES,YES,OWNER_CATALOG_REVIEW,origin=GHIN;facility_id=review-club-9a89995ab97d2b394fce;layout_id=4;tee_id=ghin:4:tee:0c8189ae1d57;rating_rights=LEGAL_REVIEW_REQUIRED;source_url=https://www.ghin.com/post-score/hole-by-hole/round-setup/4,2026-09-20 00:00:00+00,NEEDS_VERIFICATION
Querencia,CAMPO BAJO,San Jose del Cabo,Baja California Sur,CAMPO BAJO,Blue/White (COMBO),,72,,,6043 yd,YES,YES,OWNER_CATALOG_REVIEW,origin=GHIN;facility_id=review-club-9a89995ab97d2b394fce;layout_id=4;tee_id=ghin:4:tee:ac96800241e1;rating_rights=LEGAL_REVIEW_REQUIRED;source_url=https://www.ghin.com/post-score/hole-by-hole/round-setup/4,2026-09-20 00:00:00+00,NEEDS_VERIFICATION
Querencia,CAMPO BAJO,San Jose del Cabo,Baja California Sur,CAMPO BAJO,Gold,,72,,,6776 yd,YES,YES,OWNER_CATALOG_REVIEW,origin=GHIN;facility_id=review-club-9a89995ab97d2b394fce;layout_id=4;tee_id=ghin:4:tee:587a239f08d8;rating_rights=LEGAL_REVIEW_REQUIRED;source_url=https://www.ghin.com/post-score/hole-by-hole/round-setup/4,2026-09-20 00:00:00+00,NEEDS_VERIFICATION
Querencia,CAMPO BAJO,San Jose del Cabo,Baja California Sur,CAMPO BAJO,Gold/Blue (COMBO),,72,,,6555 yd,YES,YES,OWNER_CATALOG_REVIEW,origin=GHIN;facility_id=review-club-9a89995ab97d2b394fce;layout_id=4;tee_id=ghin:4:tee:8d2c91a7d7d0;rating_rights=LEGAL_REVIEW_REQUIRED;source_url=https://www.ghin.com/post-score/hole-by-hole/round-setup/4,2026-09-20 00:00:00+00,NEEDS_VERIFICATION
Querencia,CAMPO BAJO,San Jose del Cabo,Baja California Sur,CAMPO BAJO,Red,,72,,,4972 yd,YES,YES,OWNER_CATALOG_REVIEW,origin=GHIN;facility_id=review-club-9a89995ab97d2b394fce;layout_id=4;tee_id=ghin:4:tee:35a1d2d831fc;rating_rights=LEGAL_REVIEW_REQUIRED;source_url=https://www.ghin.com/post-score/hole-by-hole/round-setup/4,2026-09-20 00:00:00+00,NEEDS_VERIFICATION
Querencia,CAMPO BAJO,San Jose del Cabo,Baja California Sur,CAMPO BAJO,White,,72,,,5806 yd,YES,YES,OWNER_CATALOG_REVIEW,origin=GHIN;facility_id=review-club-9a89995ab97d2b394fce;layout_id=4;tee_id=ghin:4:tee:af96eeaf78e7;rating_rights=LEGAL_REVIEW_REQUIRED;source_url=https://www.ghin.com/post-score/hole-by-hole/round-setup/4,2026-09-20 00:00:00+00,NEEDS_VERIFICATION
Querencia,CAMPO BAJO,San Jose del Cabo,Baja California Sur,CAMPO BAJO,White/Red (COMBO),,72,,,5365 yd,YES,YES,OWNER_CATALOG_REVIEW,origin=GHIN;facility_id=review-club-9a89995ab97d2b394fce;layout_id=4;tee_id=ghin:4:tee:9bb5cb6720d8;rating_rights=LEGAL_REVIEW_REQUIRED;source_url=https://www.ghin.com/post-score/hole-by-hole/round-setup/4,2026-09-20 00:00:00+00,NEEDS_VERIFICATION
Vidanta Golf Los Cabos,Vidanta Golf Los Cabos,San Jose Del Cabo,Baja California Sur,Vidanta Golf Los Cabos,Black,,70,,,6306 yd,YES,YES,OWNER_CATALOG_REVIEW,origin=GHIN;facility_id=review-club-c4cef20cbcf55d1041ac;layout_id=26247;tee_id=ghin:26247:tee:a5214e9bf046;rating_rights=LEGAL_REVIEW_REQUIRED;source_url=https://www.ghin.com/post-score/hole-by-hole/round-setup/26247,2026-09-20 00:00:00+00,NEEDS_VERIFICATION
Vidanta Golf Los Cabos,Vidanta Golf Los Cabos,San Jose Del Cabo,Baja California Sur,Vidanta Golf Los Cabos,Blue,,70,,,5848 yd,YES,YES,OWNER_CATALOG_REVIEW,origin=GHIN;facility_id=review-club-c4cef20cbcf55d1041ac;layout_id=26247;tee_id=ghin:26247:tee:0c8189ae1d57;rating_rights=LEGAL_REVIEW_REQUIRED;source_url=https://www.ghin.com/post-score/hole-by-hole/round-setup/26247,2026-09-20 00:00:00+00,NEEDS_VERIFICATION
Vidanta Golf Los Cabos,Vidanta Golf Los Cabos,San Jose Del Cabo,Baja California Sur,Vidanta Golf Los Cabos,Red,,70,,,4928 yd,YES,YES,OWNER_CATALOG_REVIEW,origin=GHIN;facility_id=review-club-c4cef20cbcf55d1041ac;layout_id=26247;tee_id=ghin:26247:tee:35a1d2d831fc;rating_rights=LEGAL_REVIEW_REQUIRED;source_url=https://www.ghin.com/post-score/hole-by-hole/round-setup/26247,2026-09-20 00:00:00+00,NEEDS_VERIFICATION
Vidanta Golf Los Cabos,Vidanta Golf Los Cabos,San Jose Del Cabo,Baja California Sur,Vidanta Golf Los Cabos,White,,70,,,5376 yd,YES,YES,OWNER_CATALOG_REVIEW,origin=GHIN;facility_id=review-club-c4cef20cbcf55d1041ac;layout_id=26247;tee_id=ghin:26247:tee:af96eeaf78e7;rating_rights=LEGAL_REVIEW_REQUIRED;source_url=https://www.ghin.com/post-score/hole-by-hole/round-setup/26247,2026-09-20 00:00:00+00,NEEDS_VERIFICATION
CCC COUNTRY CLUB PLAYA PALMAS,PLAYA PALMAS,Cd. Del Carmen,Campeche,PLAYA PALMAS,AZULES,,70,,,5916 yd,YES,YES,OWNER_CATALOG_REVIEW,origin=GHIN;facility_id=review-club-54f948337a90b2454e55;layout_id=23258;tee_id=ghin:23258:tee:a5be40b61705;rating_rights=LEGAL_REVIEW_REQUIRED;source_url=https://www.ghin.com/post-score/hole-by-hole/round-setup/23258,2026-09-20 00:00:00+00,NEEDS_VERIFICATION
CCC COUNTRY CLUB PLAYA PALMAS,PLAYA PALMAS,Cd. Del Carmen,Campeche,PLAYA PALMAS,BLANCAS,,70,,,5572 yd,YES,YES,OWNER_CATALOG_REVIEW,origin=GHIN;facility_id=review-club-54f948337a90b2454e55;layout_id=23258;tee_id=ghin:23258:tee:ad652458406f;rating_rights=LEGAL_REVIEW_REQUIRED;source_url=https://www.ghin.com/post-score/hole-by-hole/round-setup/23258,2026-09-20 00:00:00+00,NEEDS_VERIFICATION
CCC COUNTRY CLUB PLAYA PALMAS,PLAYA PALMAS,Cd. Del Carmen,Campeche,PLAYA PALMAS,DORADAS,,70,,,4996 yd,YES,YES,OWNER_CATALOG_REVIEW,origin=GHIN;facility_id=review-club-54f948337a90b2454e55;layout_id=23258;tee_id=ghin:23258:tee:468e7646a10f;rating_rights=LEGAL_REVIEW_REQUIRED;source_url=https://www.ghin.com/post-score/hole-by-hole/round-setup/23258,2026-09-20 00:00:00+00,NEEDS_VERIFICATION
CAMPECHE COUNTRY CLUB,EL DELFIN,San Fco. De Campeche,Campeche,EL DELFIN,AZULES,,72,,,6657 yd,YES,YES,OWNER_CATALOG_REVIEW,origin=GHIN;facility_id=review-club-3e42398fff31e78c24d1;layout_id=25720;tee_id=ghin:25720:tee:a5be40b61705;rating_rights=LEGAL_REVIEW_REQUIRED;source_url=https://www.ghin.com/post-score/hole-by-hole/round-setup/25720,2026-09-20 00:00:00+00,NEEDS_VERIFICATION
CAMPECHE COUNTRY CLUB,EL DELFIN,San Fco. De Campeche,Campeche,EL DELFIN,BLANCAS,,72,,,6207 yd,YES,YES,OWNER_CATALOG_REVIEW,origin=GHIN;facility_id=review-club-3e42398fff31e78c24d1;layout_id=25720;tee_id=ghin:25720:tee:ad652458406f;rating_rights=LEGAL_REVIEW_REQUIRED;source_url=https://www.ghin.com/post-score/hole-by-hole/round-setup/25720,2026-09-20 00:00:00+00,NEEDS_VERIFICATION
CAMPECHE COUNTRY CLUB,EL DELFIN,San Fco. De Campeche,Campeche,EL DELFIN,DORADAS,,72,,,5759 yd,YES,YES,OWNER_CATALOG_REVIEW,origin=GHIN;facility_id=review-club-3e42398fff31e78c24d1;layout_id=25720;tee_id=ghin:25720:tee:468e7646a10f;rating_rights=LEGAL_REVIEW_REQUIRED;source_url=https://www.ghin.com/post-score/hole-by-hole/round-setup/25720,2026-09-20 00:00:00+00,NEEDS_VERIFICATION
CAMPECHE COUNTRY CLUB,EL DELFIN,San Fco. De Campeche,Campeche,EL DELFIN,NEGRAS,,72,,,7112 yd,YES,YES,OWNER_CATALOG_REVIEW,origin=GHIN;facility_id=review-club-3e42398fff31e78c24d1;layout_id=25720;tee_id=ghin:25720:tee:6b76f06adc0e;rating_rights=LEGAL_REVIEW_REQUIRED;source_url=https://www.ghin.com/post-score/hole-by-hole/round-setup/25720,2026-09-20 00:00:00+00,NEEDS_VERIFICATION
CLUB CAMPESTRE TUXTLA,TUXTLA,Tuxtla Gutiérrez,Chiapas,TUXTLA,AZULES,,72,,,6652 yd,YES,YES,OWNER_CATALOG_REVIEW,origin=GHIN;facility_id=review-club-0662db8753ef29d63704;layout_id=23226;tee_id=ghin:23226:tee:a5be40b61705;rating_rights=LEGAL_REVIEW_REQUIRED;source_url=https://www.ghin.com/post-score/hole-by-hole/round-setup/23226,2026-09-20 00:00:00+00,NEEDS_VERIFICATION
CLUB CAMPESTRE TUXTLA,TUXTLA,Tuxtla Gutiérrez,Chiapas,TUXTLA,BLANCAS,,72,,,6494 yd,YES,YES,OWNER_CATALOG_REVIEW,origin=GHIN;facility_id=review-club-0662db8753ef29d63704;layout_id=23226;tee_id=ghin:23226:tee:ad652458406f;rating_rights=LEGAL_REVIEW_REQUIRED;source_url=https://www.ghin.com/post-score/hole-by-hole/round-setup/23226,2026-09-20 00:00:00+00,NEEDS_VERIFICATION
CLUB CAMPESTRE TUXTLA,TUXTLA,Tuxtla Gutiérrez,Chiapas,TUXTLA,DORADAS,,72,,,5815 yd,YES,YES,OWNER_CATALOG_REVIEW,origin=GHIN;facility_id=review-club-0662db8753ef29d63704;layout_id=23226;tee_id=ghin:23226:tee:468e7646a10f;rating_rights=LEGAL_REVIEW_REQUIRED;source_url=https://www.ghin.com/post-score/hole-by-hole/round-setup/23226,2026-09-20 00:00:00+00,NEEDS_VERIFICATION
THE SPRINGS GOLF CLUB,THE SPRINGS,-,Chihuahua,THE SPRINGS,BLACK,,72,,,6602 yd,YES,YES,OWNER_CATALOG_REVIEW,origin=GHIN;facility_id=review-club-8e44261674546285ad4c;layout_id=36328;tee_id=ghin:36328:tee:38f7a0db59b2;rating_rights=LEGAL_REVIEW_REQUIRED;source_url=https://www.ghin.com/post-score/hole-by-hole/round-setup/36328,2026-09-20 00:00:00+00,NEEDS_VERIFICATION
THE SPRINGS GOLF CLUB,THE SPRINGS,-,Chihuahua,THE SPRINGS,BLUE,,72,,,6322 yd,YES,YES,OWNER_CATALOG_REVIEW,origin=GHIN;facility_id=review-club-8e44261674546285ad4c;layout_id=36328;tee_id=ghin:36328:tee:0c706ff3441c;rating_rights=LEGAL_REVIEW_REQUIRED;source_url=https://www.ghin.com/post-score/hole-by-hole/round-setup/36328,2026-09-20 00:00:00+00,NEEDS_VERIFICATION
THE SPRINGS GOLF CLUB,THE SPRINGS,-,Chihuahua,THE SPRINGS,WHITE,,72,,,5928 yd,YES,YES,OWNER_CATALOG_REVIEW,origin=GHIN;facility_id=review-club-8e44261674546285ad4c;layout_id=36328;tee_id=ghin:36328:tee:e3eae62f13b9;rating_rights=LEGAL_REVIEW_REQUIRED;source_url=https://www.ghin.com/post-score/hole-by-hole/round-setup/36328,2026-09-20 00:00:00+00,NEEDS_VERIFICATION
CLUB CAMPESTRE DE CHIHUAHUA,CHIHUAHUA,Chihuahua,Chihuahua,CHIHUAHUA,AMARILLAS,,72,,,5160 yd,YES,YES,OWNER_CATALOG_REVIEW,origin=GHIN;facility_id=review-club-a42440483ef3215e96c5;layout_id=23169;tee_id=ghin:23169:tee:a8797d9f33d8;rating_rights=LEGAL_REVIEW_REQUIRED;source_url=https://www.ghin.com/post-score/hole-by-hole/round-setup/23169,2026-09-20 00:00:00+00,NEEDS_VERIFICATION
CLUB CAMPESTRE DE CHIHUAHUA,CHIHUAHUA,Chihuahua,Chihuahua,CHIHUAHUA,AZULES,,72,,,6520 yd,YES,YES,OWNER_CATALOG_REVIEW,origin=GHIN;facility_id=review-club-a42440483ef3215e96c5;layout_id=23169;tee_id=ghin:23169:tee:a5be40b61705;rating_rights=LEGAL_REVIEW_REQUIRED;source_url=https://www.ghin.com/post-score/hole-by-hole/round-setup/23169,2026-09-20 00:00:00+00,NEEDS_VERIFICATION
CLUB CAMPESTRE DE CHIHUAHUA,CHIHUAHUA,Chihuahua,Chihuahua,CHIHUAHUA,BLANCAS,,72,,,6102 yd,YES,YES,OWNER_CATALOG_REVIEW,origin=GHIN;facility_id=review-club-a42440483ef3215e96c5;layout_id=23169;tee_id=ghin:23169:tee:ad652458406f;rating_rights=LEGAL_REVIEW_REQUIRED;source_url=https://www.ghin.com/post-score/hole-by-hole/round-setup/23169,2026-09-20 00:00:00+00,NEEDS_VERIFICATION
CLUB CAMPESTRE DE CHIHUAHUA,CHIHUAHUA,Chihuahua,Chihuahua,CHIHUAHUA,NEGRAS,,72,,,7049 yd,YES,YES,OWNER_CATALOG_REVIEW,origin=GHIN;facility_id=review-club-a42440483ef3215e96c5;layout_id=23169;tee_id=ghin:23169:tee:6b76f06adc0e;rating_rights=LEGAL_REVIEW_REQUIRED;source_url=https://www.ghin.com/post-score/hole-by-hole/round-setup/23169,2026-09-20 00:00:00+00,NEEDS_VERIFICATION
SAN FRANCISCO COUNTRY CLUB,SAN FRANCISCO,Chihuahua,Chihuahua,SAN FRANCISCO,AZULES,,72,,,6553 yd,YES,YES,OWNER_CATALOG_REVIEW,origin=GHIN;facility_id=review-club-aa3e71164e44c49b6507;layout_id=23264;tee_id=ghin:23264:tee:a5be40b61705;rating_rights=LEGAL_REVIEW_REQUIRED;source_url=https://www.ghin.com/post-score/hole-by-hole/round-setup/23264,2026-09-20 00:00:00+00,NEEDS_VERIFICATION
SAN FRANCISCO COUNTRY CLUB,SAN FRANCISCO,Chihuahua,Chihuahua,SAN FRANCISCO,BLANCAS,,72,,,6088 yd,YES,YES,OWNER_CATALOG_REVIEW,origin=GHIN;facility_id=review-club-aa3e71164e44c49b6507;layout_id=23264;tee_id=ghin:23264:tee:ad652458406f;rating_rights=LEGAL_REVIEW_REQUIRED;source_url=https://www.ghin.com/post-score/hole-by-hole/round-setup/23264,2026-09-20 00:00:00+00,NEEDS_VERIFICATION
SAN FRANCISCO COUNTRY CLUB,SAN FRANCISCO,Chihuahua,Chihuahua,SAN FRANCISCO,DORADAS,,72,,,5365 yd,YES,YES,OWNER_CATALOG_REVIEW,origin=GHIN;facility_id=review-club-aa3e71164e44c49b6507;layout_id=23264;tee_id=ghin:23264:tee:468e7646a10f;rating_rights=LEGAL_REVIEW_REQUIRED;source_url=https://www.ghin.com/post-score/hole-by-hole/round-setup/23264,2026-09-20 00:00:00+00,NEEDS_VERIFICATION
CLUB CAMPESTRE JUAREZ,SAN MARCOS,Juárez,Chihuahua,SAN MARCOS,AMARILLAS,,72,,,5387 yd,YES,YES,OWNER_CATALOG_REVIEW,origin=GHIN;facility_id=review-club-73c7fc6ddaadaee817fc;layout_id=28851;tee_id=ghin:28851:tee:a8797d9f33d8;rating_rights=LEGAL_REVIEW_REQUIRED;source_url=https://www.ghin.com/post-score/hole-by-hole/round-setup/28851,2026-09-20 00:00:00+00,NEEDS_VERIFICATION
CLUB CAMPESTRE JUAREZ,SAN MARCOS,Juárez,Chihuahua,SAN MARCOS,AZULES,,72,,,6788 yd,YES,YES,OWNER_CATALOG_REVIEW,origin=GHIN;facility_id=review-club-73c7fc6ddaadaee817fc;layout_id=28851;tee_id=ghin:28851:tee:a5be40b61705;rating_rights=LEGAL_REVIEW_REQUIRED;source_url=https://www.ghin.com/post-score/hole-by-hole/round-setup/28851,2026-09-20 00:00:00+00,NEEDS_VERIFICATION
CLUB CAMPESTRE JUAREZ,SAN MARCOS,Juárez,Chihuahua,SAN MARCOS,BLANCAS,,72,,,6344 yd,YES,YES,OWNER_CATALOG_REVIEW,origin=GHIN;facility_id=review-club-73c7fc6ddaadaee817fc;layout_id=28851;tee_id=ghin:28851:tee:ad652458406f;rating_rights=LEGAL_REVIEW_REQUIRED;source_url=https://www.ghin.com/post-score/hole-by-hole/round-setup/28851,2026-09-20 00:00:00+00,NEEDS_VERIFICATION
CLUB CAMPESTRE JUAREZ,SAN MARCOS,Juárez,Chihuahua,SAN MARCOS,NEGRAS,,72,,,7081 yd,YES,YES,OWNER_CATALOG_REVIEW,origin=GHIN;facility_id=review-club-73c7fc6ddaadaee817fc;layout_id=28851;tee_id=ghin:28851:tee:6b76f06adc0e;rating_rights=LEGAL_REVIEW_REQUIRED;source_url=https://www.ghin.com/post-score/hole-by-hole/round-setup/28851,2026-09-20 00:00:00+00,NEEDS_VERIFICATION
CLUB CAMPESTRE JUAREZ,SENECU,Juárez,Chihuahua,SENECU,AMARILLAS,,71,,,5264 yd,YES,YES,OWNER_CATALOG_REVIEW,origin=GHIN;facility_id=review-club-73c7fc6ddaadaee817fc;layout_id=28850;tee_id=ghin:28850:tee:a8797d9f33d8;rating_rights=LEGAL_REVIEW_REQUIRED;source_url=https://www.ghin.com/post-score/hole-by-hole/round-setup/28850,2026-09-20 00:00:00+00,NEEDS_VERIFICATION
CLUB CAMPESTRE JUAREZ,SENECU,Juárez,Chihuahua,SENECU,AZULES,,71,,,6644 yd,YES,YES,OWNER_CATALOG_REVIEW,origin=GHIN;facility_id=review-club-73c7fc6ddaadaee817fc;layout_id=28850;tee_id=ghin:28850:tee:a5be40b61705;rating_rights=LEGAL_REVIEW_REQUIRED;source_url=https://www.ghin.com/post-score/hole-by-hole/round-setup/28850,2026-09-20 00:00:00+00,NEEDS_VERIFICATION
CLUB CAMPESTRE JUAREZ,SENECU,Juárez,Chihuahua,SENECU,BLANCAS,,71,,,6225 yd,YES,YES,OWNER_CATALOG_REVIEW,origin=GHIN;facility_id=review-club-73c7fc6ddaadaee817fc;layout_id=28850;tee_id=ghin:28850:tee:ad652458406f;rating_rights=LEGAL_REVIEW_REQUIRED;source_url=https://www.ghin.com/post-score/hole-by-hole/round-setup/28850,2026-09-20 00:00:00+00,NEEDS_VERIFICATION
CLUB CAMPESTRE JUAREZ,SENECU,Juárez,Chihuahua,SENECU,NEGRAS,,71,,,6928 yd,YES,YES,OWNER_CATALOG_REVIEW,origin=GHIN;facility_id=review-club-73c7fc6ddaadaee817fc;layout_id=28850;tee_id=ghin:28850:tee:6b76f06adc0e;rating_rights=LEGAL_REVIEW_REQUIRED;source_url=https://www.ghin.com/post-score/hole-by-hole/round-setup/28850,2026-09-20 00:00:00+00,NEEDS_VERIFICATION
BOSQUES CLUB DE GOLF,BOSQUES,Cdmx,Ciudad De México,BOSQUES,AMARILLAS,,70,,,4858 yd,YES,YES,OWNER_CATALOG_REVIEW,origin=GHIN;facility_id=review-club-10b878d990485cf63f4f;layout_id=23187;tee_id=ghin:23187:tee:a8797d9f33d8;rating_rights=LEGAL_REVIEW_REQUIRED;source_url=https://www.ghin.com/post-score/hole-by-hole/round-setup/23187,2026-09-20 00:00:00+00,NEEDS_VERIFICATION
BOSQUES CLUB DE GOLF,BOSQUES,Cdmx,Ciudad De México,BOSQUES,AZULES,,70,,,5675 yd,YES,YES,OWNER_CATALOG_REVIEW,origin=GHIN;facility_id=review-club-10b878d990485cf63f4f;layout_id=23187;tee_id=ghin:23187:tee:a5be40b61705;rating_rights=LEGAL_REVIEW_REQUIRED;source_url=https://www.ghin.com/post-score/hole-by-hole/round-setup/23187,2026-09-20 00:00:00+00,NEEDS_VERIFICATION
BOSQUES CLUB DE GOLF,BOSQUES,Cdmx,Ciudad De México,BOSQUES,BLANCAS,,70,,,5271 yd,YES,YES,OWNER_CATALOG_REVIEW,origin=GHIN;facility_id=review-club-10b878d990485cf63f4f;layout_id=23187;tee_id=ghin:23187:tee:ad652458406f;rating_rights=LEGAL_REVIEW_REQUIRED;source_url=https://www.ghin.com/post-score/hole-by-hole/round-setup/23187,2026-09-20 00:00:00+00,NEEDS_VERIFICATION
CLUB CAMPESTRE DE LA CIUDAD DE MEXICO,CCCM,Cdmx,Ciudad De México,CCCM,AZULES,,72,,,7274 yd,YES,YES,OWNER_CATALOG_REVIEW,origin=GHIN;facility_id=review-club-191c96c8cfd25395f301;layout_id=32964;tee_id=ghin:32964:tee:a5be40b61705;rating_rights=LEGAL_REVIEW_REQUIRED;source_url=https://www.ghin.com/post-score/hole-by-hole/round-setup/32964,2026-09-20 00:00:00+00,NEEDS_VERIFICATION
CLUB CAMPESTRE DE LA CIUDAD DE MEXICO,CCCM,Cdmx,Ciudad De México,CCCM,BLANCAS,,72,,,6803 yd,YES,YES,OWNER_CATALOG_REVIEW,origin=GHIN;facility_id=review-club-191c96c8cfd25395f301;layout_id=32964;tee_id=ghin:32964:tee:ad652458406f;rating_rights=LEGAL_REVIEW_REQUIRED;source_url=https://www.ghin.com/post-score/hole-by-hole/round-setup/32964,2026-09-20 00:00:00+00,NEEDS_VERIFICATION
CLUB CAMPESTRE DE LA CIUDAD DE MEXICO,CCCM,Cdmx,Ciudad De México,CCCM,DORADAS,,72,,,6280 yd,YES,YES,OWNER_CATALOG_REVIEW,origin=GHIN;facility_id=review-club-191c96c8cfd25395f301;layout_id=32964;tee_id=ghin:32964:tee:468e7646a10f;rating_rights=LEGAL_REVIEW_REQUIRED;source_url=https://www.ghin.com/post-score/hole-by-hole/round-setup/32964,2026-09-20 00:00:00+00,NEEDS_VERIFICATION
CLUB CAMPESTRE DE LA CIUDAD DE MEXICO,CCCM,Cdmx,Ciudad De México,CCCM,PLATEADAS,,72,,,5550 yd,YES,YES,OWNER_CATALOG_REVIEW,origin=GHIN;facility_id=review-club-191c96c8cfd25395f301;layout_id=32964;tee_id=ghin:32964:tee:0bc30df9398a;rating_rights=LEGAL_REVIEW_REQUIRED;source_url=https://www.ghin.com/post-score/hole-by-hole/round-setup/32964,2026-09-20 00:00:00+00,NEEDS_VERIFICATION
CLUB DE GOLF CAÑADA DE SANTA FE,BOSQUES DE SANTA FE,Cdmx,Ciudad De México,BOSQUES DE SANTA FE,AZULES,,64,,,4232 yd,YES,YES,OWNER_CATALOG_REVIEW,origin=GHIN;facility_id=review-club-cb8e880175f27f303391;layout_id=23278;tee_id=ghin:23278:tee:a5be40b61705;rating_rights=LEGAL_REVIEW_REQUIRED;source_url=https://www.ghin.com/post-score/hole-by-hole/round-setup/23278,2026-09-20 00:00:00+00,NEEDS_VERIFICATION
CLUB DE GOLF CAÑADA DE SANTA FE,BOSQUES DE SANTA FE,Cdmx,Ciudad De México,BOSQUES DE SANTA FE,BLANCAS,,64,,,3848 yd,YES,YES,OWNER_CATALOG_REVIEW,origin=GHIN;facility_id=review-club-cb8e880175f27f303391;layout_id=23278;tee_id=ghin:23278:tee:ad652458406f;rating_rights=LEGAL_REVIEW_REQUIRED;source_url=https://www.ghin.com/post-score/hole-by-hole/round-setup/23278,2026-09-20 00:00:00+00,NEEDS_VERIFICATION
CLUB DE GOLF CAÑADA DE SANTA FE,BOSQUES DE SANTA FE,Cdmx,Ciudad De México,BOSQUES DE SANTA FE,NEGRAS,,64,,,4470 yd,YES,YES,OWNER_CATALOG_REVIEW,origin=GHIN;facility_id=review-club-cb8e880175f27f303391;layout_id=23278;tee_id=ghin:23278:tee:6b76f06adc0e;rating_rights=LEGAL_REVIEW_REQUIRED;source_url=https://www.ghin.com/post-score/hole-by-hole/round-setup/23278,2026-09-20 00:00:00+00,NEEDS_VERIFICATION
CLUB DE GOLF MEXICO,MEXICO,Cdmx,Ciudad De México,MEXICO,AZULES,,72,,,7349 yd,YES,YES,OWNER_CATALOG_REVIEW,origin=GHIN;facility_id=review-club-a54e7013527736ad0720;layout_id=33019;tee_id=ghin:33019:tee:a5be40b61705;rating_rights=LEGAL_REVIEW_REQUIRED;source_url=https://www.ghin.com/post-score/hole-by-hole/round-setup/33019,2026-09-20 00:00:00+00,NEEDS_VERIFICATION
CLUB DE GOLF MEXICO,MEXICO,Cdmx,Ciudad De México,MEXICO,BLANCAS,,72,,,6783 yd,YES,YES,OWNER_CATALOG_REVIEW,origin=GHIN;facility_id=review-club-a54e7013527736ad0720;layout_id=33019;tee_id=ghin:33019:tee:ad652458406f;rating_rights=LEGAL_REVIEW_REQUIRED;source_url=https://www.ghin.com/post-score/hole-by-hole/round-setup/33019,2026-09-20 00:00:00+00,NEEDS_VERIFICATION
CLUB DE GOLF MEXICO,MEXICO,Cdmx,Ciudad De México,MEXICO,DORADAS,,72,,,6286 yd,YES,YES,OWNER_CATALOG_REVIEW,origin=GHIN;facility_id=review-club-a54e7013527736ad0720;layout_id=33019;tee_id=ghin:33019:tee:468e7646a10f;rating_rights=LEGAL_REVIEW_REQUIRED;source_url=https://www.ghin.com/post-score/hole-by-hole/round-setup/33019,2026-09-20 00:00:00+00,NEEDS_VERIFICATION
CLUB DE GOLF MEXICO,MEXICO,Cdmx,Ciudad De México,MEXICO,PLATEADAS,,72,,,4470 yd,YES,YES,OWNER_CATALOG_REVIEW,origin=GHIN;facility_id=review-club-a54e7013527736ad0720;layout_id=33019;tee_id=ghin:33019:tee:0bc30df9398a;rating_rights=LEGAL_REVIEW_REQUIRED;source_url=https://www.ghin.com/post-score/hole-by-hole/round-setup/33019,2026-09-20 00:00:00+00,NEEDS_VERIFICATION
CLUB DE GOLF MEXICO,MEXICO,Cdmx,Ciudad De México,MEXICO,VERDES,,72,,,5754 yd,YES,YES,OWNER_CATALOG_REVIEW,origin=GHIN;facility_id=review-club-a54e7013527736ad0720;layout_id=33019;tee_id=ghin:33019:tee:8a0a66f1d328;rating_rights=LEGAL_REVIEW_REQUIRED;source_url=https://www.ghin.com/post-score/hole-by-hole/round-setup/33019,2026-09-20 00:00:00+00,NEEDS_VERIFICATION
CLUB DE GOLF EL SOCORRO,EL SOCORRO,Monclova,Coahuila,EL SOCORRO,BLANCAS,,71,,,5636 yd,YES,YES,OWNER_CATALOG_REVIEW,origin=GHIN;facility_id=review-club-5b75c6a484f8a77b1e12;layout_id=33158;tee_id=ghin:33158:tee:ad652458406f;rating_rights=LEGAL_REVIEW_REQUIRED;source_url=https://www.ghin.com/post-score/hole-by-hole/round-setup/33158,2026-09-20 00:00:00+00,NEEDS_VERIFICATION
CLUB DE GOLF EL SOCORRO,EL SOCORRO,Monclova,Coahuila,EL SOCORRO,DORADAS,,71,,,5061 yd,YES,YES,OWNER_CATALOG_REVIEW,origin=GHIN;facility_id=review-club-5b75c6a484f8a77b1e12;layout_id=33158;tee_id=ghin:33158:tee:468e7646a10f;rating_rights=LEGAL_REVIEW_REQUIRED;source_url=https://www.ghin.com/post-score/hole-by-hole/round-setup/33158,2026-09-20 00:00:00+00,NEEDS_VERIFICATION
CLUB DE GOLF EL SOCORRO,EL SOCORRO,Monclova,Coahuila,EL SOCORRO,NEGRAS,,71,,,5975 yd,YES,YES,OWNER_CATALOG_REVIEW,origin=GHIN;facility_id=review-club-5b75c6a484f8a77b1e12;layout_id=33158;tee_id=ghin:33158:tee:6b76f06adc0e;rating_rights=LEGAL_REVIEW_REQUIRED;source_url=https://www.ghin.com/post-score/hole-by-hole/round-setup/33158,2026-09-20 00:00:00+00,NEEDS_VERIFICATION
CLUB DE GOLF EL SOCORRO,EL SOCORRO,Monclova,Coahuila,EL SOCORRO,VERDES,,71,,,4540 yd,YES,YES,OWNER_CATALOG_REVIEW,origin=GHIN;facility_id=review-club-5b75c6a484f8a77b1e12;layout_id=33158;tee_id=ghin:33158:tee:8a0a66f1d328;rating_rights=LEGAL_REVIEW_REQUIRED;source_url=https://www.ghin.com/post-score/hole-by-hole/round-setup/33158,2026-09-20 00:00:00+00,NEEDS_VERIFICATION
RIO GRANDE COUNTRY CLUB,RIO GRANDE,Nava,Coahuila,RIO GRANDE,AZULES,,72,,,6850 yd,YES,YES,OWNER_CATALOG_REVIEW,origin=GHIN;facility_id=review-club-02c9931cf91174b63f32;layout_id=31419;tee_id=ghin:31419:tee:a5be40b61705;rating_rights=LEGAL_REVIEW_REQUIRED;source_url=https://www.ghin.com/post-score/hole-by-hole/round-setup/31419,2026-09-20 00:00:00+00,NEEDS_VERIFICATION
RIO GRANDE COUNTRY CLUB,RIO GRANDE,Nava,Coahuila,RIO GRANDE,BLANCAS,,72,,,6436 yd,YES,YES,OWNER_CATALOG_REVIEW,origin=GHIN;facility_id=review-club-02c9931cf91174b63f32;layout_id=31419;tee_id=ghin:31419:tee:ad652458406f;rating_rights=LEGAL_REVIEW_REQUIRED;source_url=https://www.ghin.com/post-score/hole-by-hole/round-setup/31419,2026-09-20 00:00:00+00,NEEDS_VERIFICATION
RIO GRANDE COUNTRY CLUB,RIO GRANDE,Nava,Coahuila,RIO GRANDE,NEGRAS,,72,,,7240 yd,YES,YES,OWNER_CATALOG_REVIEW,origin=GHIN;facility_id=review-club-02c9931cf91174b63f32;layout_id=31419;tee_id=ghin:31419:tee:6b76f06adc0e;rating_rights=LEGAL_REVIEW_REQUIRED;source_url=https://www.ghin.com/post-score/hole-by-hole/round-setup/31419,2026-09-20 00:00:00+00,NEEDS_VERIFICATION
CLUB CAMPESTRE DE SALTILLO,SALTILLO,Saltillo,Coahuila,SALTILLO,AZULES,,72,,,6634 yd,YES,YES,OWNER_CATALOG_REVIEW,origin=GHIN;facility_id=review-club-c2cf950dd0770b2dc7cc;layout_id=23162;tee_id=ghin:23162:tee:a5be40b61705;rating_rights=LEGAL_REVIEW_REQUIRED;source_url=https://www.ghin.com/post-score/hole-by-hole/round-setup/23162,2026-09-20 00:00:00+00,NEEDS_VERIFICATION
CLUB CAMPESTRE DE SALTILLO,SALTILLO,Saltillo,Coahuila,SALTILLO,BLANCAS,,72,,,6259 yd,YES,YES,OWNER_CATALOG_REVIEW,origin=GHIN;facility_id=review-club-c2cf950dd0770b2dc7cc;layout_id=23162;tee_id=ghin:23162:tee:ad652458406f;rating_rights=LEGAL_REVIEW_REQUIRED;source_url=https://www.ghin.com/post-score/hole-by-hole/round-setup/23162,2026-09-20 00:00:00+00,NEEDS_VERIFICATION
CLUB CAMPESTRE DE SALTILLO,SALTILLO,Saltillo,Coahuila,SALTILLO,DORADAS,,72,,,5813 yd,YES,YES,OWNER_CATALOG_REVIEW,origin=GHIN;facility_id=review-club-c2cf950dd0770b2dc7cc;layout_id=23162;tee_id=ghin:23162:tee:468e7646a10f;rating_rights=LEGAL_REVIEW_REQUIRED;source_url=https://www.ghin.com/post-score/hole-by-hole/round-setup/23162,2026-09-20 00:00:00+00,NEEDS_VERIFICATION
CLUB CAMPESTRE LOURDES,LOURDES,Saltillo,Coahuila,LOURDES,AZULES,,72,,,6404 yd,YES,YES,OWNER_CATALOG_REVIEW,origin=GHIN;facility_id=review-club-35e7d66c9b557c52f20e;layout_id=2948;tee_id=ghin:2948:tee:a5be40b61705;rating_rights=LEGAL_REVIEW_REQUIRED;source_url=https://www.ghin.com/post-score/hole-by-hole/round-setup/2948,2026-09-20 00:00:00+00,NEEDS_VERIFICATION
CLUB CAMPESTRE LOURDES,LOURDES,Saltillo,Coahuila,LOURDES,BLANCAS,,72,,,6041 yd,YES,YES,OWNER_CATALOG_REVIEW,origin=GHIN;facility_id=review-club-35e7d66c9b557c52f20e;layout_id=2948;tee_id=ghin:2948:tee:ad652458406f;rating_rights=LEGAL_REVIEW_REQUIRED;source_url=https://www.ghin.com/post-score/hole-by-hole/round-setup/2948,2026-09-20 00:00:00+00,NEEDS_VERIFICATION
CLUB CAMPESTRE LOURDES,LOURDES,Saltillo,Coahuila,LOURDES,DORADAS,,72,,,5410 yd,YES,YES,OWNER_CATALOG_REVIEW,origin=GHIN;facility_id=review-club-35e7d66c9b557c52f20e;layout_id=2948;tee_id=ghin:2948:tee:468e7646a10f;rating_rights=LEGAL_REVIEW_REQUIRED;source_url=https://www.ghin.com/post-score/hole-by-hole/round-setup/2948,2026-09-20 00:00:00+00,NEEDS_VERIFICATION
AZUL TALAVERA COUNTRY CLUB,AZUL TALAVERA,Torreón,Coahuila,AZUL TALAVERA,AZULES,,72,,,6747 yd,YES,YES,OWNER_CATALOG_REVIEW,origin=GHIN;facility_id=review-club-fd3153a24567df42f137;layout_id=23259;tee_id=ghin:23259:tee:a5be40b61705;rating_rights=LEGAL_REVIEW_REQUIRED;source_url=https://www.ghin.com/post-score/hole-by-hole/round-setup/23259,2026-09-20 00:00:00+00,NEEDS_VERIFICATION
AZUL TALAVERA COUNTRY CLUB,AZUL TALAVERA,Torreón,Coahuila,AZUL TALAVERA,BLANCAS,,72,,,6075 yd,YES,YES,OWNER_CATALOG_REVIEW,origin=GHIN;facility_id=review-club-fd3153a24567df42f137;layout_id=23259;tee_id=ghin:23259:tee:ad652458406f;rating_rights=LEGAL_REVIEW_REQUIRED;source_url=https://www.ghin.com/post-score/hole-by-hole/round-setup/23259,2026-09-20 00:00:00+00,NEEDS_VERIFICATION
AZUL TALAVERA COUNTRY CLUB,AZUL TALAVERA,Torreón,Coahuila,AZUL TALAVERA,DORADAS,,72,,,5546 yd,YES,YES,OWNER_CATALOG_REVIEW,origin=GHIN;facility_id=review-club-fd3153a24567df42f137;layout_id=23259;tee_id=ghin:23259:tee:468e7646a10f;rating_rights=LEGAL_REVIEW_REQUIRED;source_url=https://www.ghin.com/post-score/hole-by-hole/round-setup/23259,2026-09-20 00:00:00+00,NEEDS_VERIFICATION
CAMPESTRE TORREON,LA ROSITA,Torreón,Coahuila,LA ROSITA,AMARILLAS,,71,,,5350 yd,YES,YES,OWNER_CATALOG_REVIEW,origin=GHIN;facility_id=review-club-3250468d06569391a086;layout_id=24459;tee_id=ghin:24459:tee:a8797d9f33d8;rating_rights=LEGAL_REVIEW_REQUIRED;source_url=https://www.ghin.com/post-score/hole-by-hole/round-setup/24459,2026-09-20 00:00:00+00,NEEDS_VERIFICATION
CAMPESTRE TORREON,LA ROSITA,Torreón,Coahuila,LA ROSITA,AZULES,,71,,,6938 yd,YES,YES,OWNER_CATALOG_REVIEW,origin=GHIN;facility_id=review-club-3250468d06569391a086;layout_id=24459;tee_id=ghin:24459:tee:a5be40b61705;rating_rights=LEGAL_REVIEW_REQUIRED;source_url=https://www.ghin.com/post-score/hole-by-hole/round-setup/24459,2026-09-20 00:00:00+00,NEEDS_VERIFICATION
CAMPESTRE TORREON,LA ROSITA,Torreón,Coahuila,LA ROSITA,BLANCAS,,71,,,6586 yd,YES,YES,OWNER_CATALOG_REVIEW,origin=GHIN;facility_id=review-club-3250468d06569391a086;layout_id=24459;tee_id=ghin:24459:tee:ad652458406f;rating_rights=LEGAL_REVIEW_REQUIRED;source_url=https://www.ghin.com/post-score/hole-by-hole/round-setup/24459,2026-09-20 00:00:00+00,NEEDS_VERIFICATION
CAMPESTRE TORREON,LA ROSITA,Torreón,Coahuila,LA ROSITA,DORADAS,,71,,,5829 yd,YES,YES,OWNER_CATALOG_REVIEW,origin=GHIN;facility_id=review-club-3250468d06569391a086;layout_id=24459;tee_id=ghin:24459:tee:468e7646a10f;rating_rights=LEGAL_REVIEW_REQUIRED;source_url=https://www.ghin.com/post-score/hole-by-hole/round-setup/24459,2026-09-20 00:00:00+00,NEEDS_VERIFICATION
ALTOZANO EL NUEVO COLIMA,ALTOZANO COLIMA,Cuauhtémoc,Colima,ALTOZANO COLIMA,AZULES,,70,,,6682 yd,YES,YES,OWNER_CATALOG_REVIEW,origin=GHIN;facility_id=review-club-3fe00115357ed76a6872;layout_id=27153;tee_id=ghin:27153:tee:a5be40b61705;rating_rights=LEGAL_REVIEW_REQUIRED;source_url=https://www.ghin.com/post-score/hole-by-hole/round-setup/27153,2026-09-20 00:00:00+00,NEEDS_VERIFICATION
ALTOZANO EL NUEVO COLIMA,ALTOZANO COLIMA,Cuauhtémoc,Colima,ALTOZANO COLIMA,BLANCAS,,70,,,6265 yd,YES,YES,OWNER_CATALOG_REVIEW,origin=GHIN;facility_id=review-club-3fe00115357ed76a6872;layout_id=27153;tee_id=ghin:27153:tee:ad652458406f;rating_rights=LEGAL_REVIEW_REQUIRED;source_url=https://www.ghin.com/post-score/hole-by-hole/round-setup/27153,2026-09-20 00:00:00+00,NEEDS_VERIFICATION
ALTOZANO EL NUEVO COLIMA,ALTOZANO COLIMA,Cuauhtémoc,Colima,ALTOZANO COLIMA,DORADAS,,70,,,5417 yd,YES,YES,OWNER_CATALOG_REVIEW,origin=GHIN;facility_id=review-club-3fe00115357ed76a6872;layout_id=27153;tee_id=ghin:27153:tee:468e7646a10f;rating_rights=LEGAL_REVIEW_REQUIRED;source_url=https://www.ghin.com/post-score/hole-by-hole/round-setup/27153,2026-09-20 00:00:00+00,NEEDS_VERIFICATION
ALTOZANO EL NUEVO COLIMA,ALTOZANO COLIMA,Cuauhtémoc,Colima,ALTOZANO COLIMA,PLATEADAS,,70,,,4783 yd,YES,YES,OWNER_CATALOG_REVIEW,origin=GHIN;facility_id=review-club-3fe00115357ed76a6872;layout_id=27153;tee_id=ghin:27153:tee:0bc30df9398a;rating_rights=LEGAL_REVIEW_REQUIRED;source_url=https://www.ghin.com/post-score/hole-by-hole/round-setup/27153,2026-09-20 00:00:00+00,NEEDS_VERIFICATION
ALTOZANO EL NUEVO COLIMA,ALTOZANO COLIMA,Cuauhtémoc,Colima,ALTOZANO COLIMA,VERDES,,70,,,5795 yd,YES,YES,OWNER_CATALOG_REVIEW,origin=GHIN;facility_id=review-club-3fe00115357ed76a6872;layout_id=27153;tee_id=ghin:27153:tee:8a0a66f1d328;rating_rights=LEGAL_REVIEW_REQUIRED;source_url=https://www.ghin.com/post-score/hole-by-hole/round-setup/27153,2026-09-20 00:00:00+00,NEEDS_VERIFICATION
CLUB CAMPESTRE DE DURANGO,CLUB CAMPESTRE DE DURANGO,Durango,Durango,CLUB CAMPESTRE DE DURANGO,AZULES,,73,,,6760 yd,YES,YES,OWNER_CATALOG_REVIEW,origin=GHIN;facility_id=review-club-8abf3c37764a3b5c1c8b;layout_id=23189;tee_id=ghin:23189:tee:a5be40b61705;rating_rights=LEGAL_REVIEW_REQUIRED;source_url=https://www.ghin.com/post-score/hole-by-hole/round-setup/23189,2026-09-20 00:00:00+00,NEEDS_VERIFICATION
CLUB CAMPESTRE DE DURANGO,CLUB CAMPESTRE DE DURANGO,Durango,Durango,CLUB CAMPESTRE DE DURANGO,BLANCAS,,73,,,6358 yd,YES,YES,OWNER_CATALOG_REVIEW,origin=GHIN;facility_id=review-club-8abf3c37764a3b5c1c8b;layout_id=23189;tee_id=ghin:23189:tee:ad652458406f;rating_rights=LEGAL_REVIEW_REQUIRED;source_url=https://www.ghin.com/post-score/hole-by-hole/round-setup/23189,2026-09-20 00:00:00+00,NEEDS_VERIFICATION
CLUB CAMPESTRE DE DURANGO,CLUB CAMPESTRE DE DURANGO,Durango,Durango,CLUB CAMPESTRE DE DURANGO,DORADAS,,73,,,5548 yd,YES,YES,OWNER_CATALOG_REVIEW,origin=GHIN;facility_id=review-club-8abf3c37764a3b5c1c8b;layout_id=23189;tee_id=ghin:23189:tee:468e7646a10f;rating_rights=LEGAL_REVIEW_REQUIRED;source_url=https://www.ghin.com/post-score/hole-by-hole/round-setup/23189,2026-09-20 00:00:00+00,NEEDS_VERIFICATION
CLUB CAMPESTRE DE DURANGO,CLUB CAMPESTRE DE DURANGO,Durango,Durango,CLUB CAMPESTRE DE DURANGO,NEGRAS,,73,,,7122 yd,YES,YES,OWNER_CATALOG_REVIEW,origin=GHIN;facility_id=review-club-8abf3c37764a3b5c1c8b;layout_id=23189;tee_id=ghin:23189:tee:6b76f06adc0e;rating_rights=LEGAL_REVIEW_REQUIRED;source_url=https://www.ghin.com/post-score/hole-by-hole/round-setup/23189,2026-09-20 00:00:00+00,NEEDS_VERIFICATION
CLUB CAMPESTRE DE DURANGO,CLUB CAMPESTRE DE DURANGO,Durango,Durango,CLUB CAMPESTRE DE DURANGO,ROJAS,,73,,,4909 yd,YES,YES,OWNER_CATALOG_REVIEW,origin=GHIN;facility_id=review-club-8abf3c37764a3b5c1c8b;layout_id=23189;tee_id=ghin:23189:tee:bf9b9ce0bd10;rating_rights=LEGAL_REVIEW_REQUIRED;source_url=https://www.ghin.com/post-score/hole-by-hole/round-setup/23189,2026-09-20 00:00:00+00,NEEDS_VERIFICATION
CLUB DE GOLF LA HACIENDA,La Hacienda,Atizapan De Z.,Estado De México,La Hacienda,AZULES,,72,,,7121 yd,YES,YES,OWNER_CATALOG_REVIEW,origin=GHIN;facility_id=review-club-86e1e8b00f7ee91de483;layout_id=23188;tee_id=ghin:23188:tee:a5be40b61705;rating_rights=LEGAL_REVIEW_REQUIRED;source_url=https://www.ghin.com/post-score/hole-by-hole/round-setup/23188,2026-09-20 00:00:00+00,NEEDS_VERIFICATION
CLUB DE GOLF LA HACIENDA,La Hacienda,Atizapan De Z.,Estado De México,La Hacienda,BLANCAS,,72,,,6764 yd,YES,YES,OWNER_CATALOG_REVIEW,origin=GHIN;facility_id=review-club-86e1e8b00f7ee91de483;layout_id=23188;tee_id=ghin:23188:tee:ad652458406f;rating_rights=LEGAL_REVIEW_REQUIRED;source_url=https://www.ghin.com/post-score/hole-by-hole/round-setup/23188,2026-09-20 00:00:00+00,NEEDS_VERIFICATION
CLUB DE GOLF LA HACIENDA,La Hacienda,Atizapan De Z.,Estado De México,La Hacienda,DORADAS,,72,,,6281 yd,YES,YES,OWNER_CATALOG_REVIEW,origin=GHIN;facility_id=review-club-86e1e8b00f7ee91de483;layout_id=23188;tee_id=ghin:23188:tee:468e7646a10f;rating_rights=LEGAL_REVIEW_REQUIRED;source_url=https://www.ghin.com/post-score/hole-by-hole/round-setup/23188,2026-09-20 00:00:00+00,NEEDS_VERIFICATION
CLUB DE GOLF LA HACIENDA,La Hacienda,Atizapan De Z.,Estado De México,La Hacienda,NEGRAS,,72,,,7391 yd,YES,YES,OWNER_CATALOG_REVIEW,origin=GHIN;facility_id=review-club-86e1e8b00f7ee91de483;layout_id=23188;tee_id=ghin:23188:tee:6b76f06adc0e;rating_rights=LEGAL_REVIEW_REQUIRED;source_url=https://www.ghin.com/post-score/hole-by-hole/round-setup/23188,2026-09-20 00:00:00+00,NEEDS_VERIFICATION
CLUB DE GOLF LA HACIENDA,La Hacienda,Atizapan De Z.,Estado De México,La Hacienda,PLATEADAS,,72,,,4385 yd,YES,YES,OWNER_CATALOG_REVIEW,origin=GHIN;facility_id=review-club-86e1e8b00f7ee91de483;layout_id=23188;tee_id=ghin:23188:tee:0bc30df9398a;rating_rights=LEGAL_REVIEW_REQUIRED;source_url=https://www.ghin.com/post-score/hole-by-hole/round-setup/23188,2026-09-20 00:00:00+00,NEEDS_VERIFICATION
BELLAVISTA GOLF & COUNTRY CLUB,BELLAVISTA,Atizapán De Z.,Estado De México,BELLAVISTA,AZULES,,71,,,6953 yd,YES,YES,OWNER_CATALOG_REVIEW,origin=GHIN;facility_id=review-club-5346360f80a34943a905;layout_id=23245;tee_id=ghin:23245:tee:a5be40b61705;rating_rights=LEGAL_REVIEW_REQUIRED;source_url=https://www.ghin.com/post-score/hole-by-hole/round-setup/23245,2026-09-20 00:00:00+00,NEEDS_VERIFICATION
BELLAVISTA GOLF & COUNTRY CLUB,BELLAVISTA,Atizapán De Z.,Estado De México,BELLAVISTA,BLANCAS,,72,,,6671 yd,YES,YES,OWNER_CATALOG_REVIEW,origin=GHIN;facility_id=review-club-5346360f80a34943a905;layout_id=23245;tee_id=ghin:23245:tee:ad652458406f;rating_rights=LEGAL_REVIEW_REQUIRED;source_url=https://www.ghin.com/post-score/hole-by-hole/round-setup/23245,2026-09-20 00:00:00+00,NEEDS_VERIFICATION
BELLAVISTA GOLF & COUNTRY CLUB,BELLAVISTA,Atizapán De Z.,Estado De México,BELLAVISTA,DORADAS,,72,,,6047 yd,YES,YES,OWNER_CATALOG_REVIEW,origin=GHIN;facility_id=review-club-5346360f80a34943a905;layout_id=23245;tee_id=ghin:23245:tee:468e7646a10f;rating_rights=LEGAL_REVIEW_REQUIRED;source_url=https://www.ghin.com/post-score/hole-by-hole/round-setup/23245,2026-09-20 00:00:00+00,NEEDS_VERIFICATION
BELLAVISTA GOLF & COUNTRY CLUB,BELLAVISTA,Atizapán De Z.,Estado De México,BELLAVISTA,NEGRAS,,71,,,7272 yd,YES,YES,OWNER_CATALOG_REVIEW,origin=GHIN;facility_id=review-club-5346360f80a34943a905;layout_id=23245;tee_id=ghin:23245:tee:6b76f06adc0e;rating_rights=LEGAL_REVIEW_REQUIRED;source_url=https://www.ghin.com/post-score/hole-by-hole/round-setup/23245,2026-09-20 00:00:00+00,NEEDS_VERIFICATION
BELLAVISTA GOLF & COUNTRY CLUB,BELLAVISTA,Atizapán De Z.,Estado De México,BELLAVISTA,PLATEADAS,,72,,,4429 yd,YES,YES,OWNER_CATALOG_REVIEW,origin=GHIN;facility_id=review-club-5346360f80a34943a905;layout_id=23245;tee_id=ghin:23245:tee:0bc30df9398a;rating_rights=LEGAL_REVIEW_REQUIRED;source_url=https://www.ghin.com/post-score/hole-by-hole/round-setup/23245,2026-09-20 00:00:00+00,NEEDS_VERIFICATION
BOSQUE REAL COUNTRY CLUB CAMPO EJECUTIVO,CAMPO EJECUTIVO,Huixquilucan,Estado De México,CAMPO EJECUTIVO,AMARILLAS,,72,,,4832 yd,YES,YES,OWNER_CATALOG_REVIEW,origin=GHIN;facility_id=review-club-0f5dac6b48dc172f65c2;layout_id=23210;tee_id=ghin:23210:tee:a8797d9f33d8;rating_rights=LEGAL_REVIEW_REQUIRED;source_url=https://www.ghin.com/post-score/hole-by-hole/round-setup/23210,2026-09-20 00:00:00+00,NEEDS_VERIFICATION
BOSQUE REAL COUNTRY CLUB CAMPO EJECUTIVO,CAMPO EJECUTIVO,Huixquilucan,Estado De México,CAMPO EJECUTIVO,AZULES,,72,,,6340 yd,YES,YES,OWNER_CATALOG_REVIEW,origin=GHIN;facility_id=review-club-0f5dac6b48dc172f65c2;layout_id=23210;tee_id=ghin:23210:tee:a5be40b61705;rating_rights=LEGAL_REVIEW_REQUIRED;source_url=https://www.ghin.com/post-score/hole-by-hole/round-setup/23210,2026-09-20 00:00:00+00,NEEDS_VERIFICATION
BOSQUE REAL COUNTRY CLUB CAMPO EJECUTIVO,CAMPO EJECUTIVO,Huixquilucan,Estado De México,CAMPO EJECUTIVO,BLANCAS,,72,,,5946 yd,YES,YES,OWNER_CATALOG_REVIEW,origin=GHIN;facility_id=review-club-0f5dac6b48dc172f65c2;layout_id=23210;tee_id=ghin:23210:tee:ad652458406f;rating_rights=LEGAL_REVIEW_REQUIRED;source_url=https://www.ghin.com/post-score/hole-by-hole/round-setup/23210,2026-09-20 00:00:00+00,NEEDS_VERIFICATION
BOSQUE REAL COUNTRY CLUB CAMPO EJECUTIVO,CAMPO EJECUTIVO,Huixquilucan,Estado De México,CAMPO EJECUTIVO,NEGRAS,,72,,,6982 yd,YES,YES,OWNER_CATALOG_REVIEW,origin=GHIN;facility_id=review-club-0f5dac6b48dc172f65c2;layout_id=23210;tee_id=ghin:23210:tee:6b76f06adc0e;rating_rights=LEGAL_REVIEW_REQUIRED;source_url=https://www.ghin.com/post-score/hole-by-hole/round-setup/23210,2026-09-20 00:00:00+00,NEEDS_VERIFICATION
BOSQUE REAL COUNTRY CLUB CAMPO EJECUTIVO,CAMPO EJECUTIVO,Huixquilucan,Estado De México,CAMPO EJECUTIVO,PLATEADAS,,72,,,3770 yd,YES,YES,OWNER_CATALOG_REVIEW,origin=GHIN;facility_id=review-club-0f5dac6b48dc172f65c2;layout_id=23210;tee_id=ghin:23210:tee:0bc30df9398a;rating_rights=LEGAL_REVIEW_REQUIRED;source_url=https://www.ghin.com/post-score/hole-by-hole/round-setup/23210,2026-09-20 00:00:00+00,NEEDS_VERIFICATION
LOMAS COUNTRY CLUB,LOMAS COUNTRY,Huixquilucan,Estado De México,LOMAS COUNTRY,AMARILLAS,,71,,,4258 yd,YES,YES,OWNER_CATALOG_REVIEW,origin=GHIN;facility_id=review-club-1ef287a1d88f06cba9dc;layout_id=23159;tee_id=ghin:23159:tee:a8797d9f33d8;rating_rights=LEGAL_REVIEW_REQUIRED;source_url=https://www.ghin.com/post-score/hole-by-hole/round-setup/23159,2026-09-20 00:00:00+00,NEEDS_VERIFICATION
LOMAS COUNTRY CLUB,LOMAS COUNTRY,Huixquilucan,Estado De México,LOMAS COUNTRY,AZULES,,71,,,6227 yd,YES,YES,OWNER_CATALOG_REVIEW,origin=GHIN;facility_id=review-club-1ef287a1d88f06cba9dc;layout_id=23159;tee_id=ghin:23159:tee:a5be40b61705;rating_rights=LEGAL_REVIEW_REQUIRED;source_url=https://www.ghin.com/post-score/hole-by-hole/round-setup/23159,2026-09-20 00:00:00+00,NEEDS_VERIFICATION
LOMAS COUNTRY CLUB,LOMAS COUNTRY,Huixquilucan,Estado De México,LOMAS COUNTRY,BLANCAS,,71,,,5713 yd,YES,YES,OWNER_CATALOG_REVIEW,origin=GHIN;facility_id=review-club-1ef287a1d88f06cba9dc;layout_id=23159;tee_id=ghin:23159:tee:ad652458406f;rating_rights=LEGAL_REVIEW_REQUIRED;source_url=https://www.ghin.com/post-score/hole-by-hole/round-setup/23159,2026-09-20 00:00:00+00,NEEDS_VERIFICATION
LOMAS COUNTRY CLUB,LOMAS COUNTRY,Huixquilucan,Estado De México,LOMAS COUNTRY,PLATEADAS,,71,,,5299 yd,YES,YES,OWNER_CATALOG_REVIEW,origin=GHIN;facility_id=review-club-1ef287a1d88f06cba9dc;layout_id=23159;tee_id=ghin:23159:tee:0bc30df9398a;rating_rights=LEGAL_REVIEW_REQUIRED;source_url=https://www.ghin.com/post-score/hole-by-hole/round-setup/23159,2026-09-20 00:00:00+00,NEEDS_VERIFICATION
GRAN RESERVA GOLF RESORT & COUNTRY CLUB,GRAN RESERVA,Ixtapan De La Sal,Estado De México,GRAN RESERVA,AZULES,,72,,,6895 yd,YES,YES,OWNER_CATALOG_REVIEW,origin=GHIN;facility_id=review-club-1d941f08d63fd95b862a;layout_id=23199;tee_id=ghin:23199:tee:a5be40b61705;rating_rights=LEGAL_REVIEW_REQUIRED;source_url=https://www.ghin.com/post-score/hole-by-hole/round-setup/23199,2026-09-20 00:00:00+00,NEEDS_VERIFICATION
GRAN RESERVA GOLF RESORT & COUNTRY CLUB,GRAN RESERVA,Ixtapan De La Sal,Estado De México,GRAN RESERVA,BLANCAS,,72,,,6320 yd,YES,YES,OWNER_CATALOG_REVIEW,origin=GHIN;facility_id=review-club-1d941f08d63fd95b862a;layout_id=23199;tee_id=ghin:23199:tee:ad652458406f;rating_rights=LEGAL_REVIEW_REQUIRED;source_url=https://www.ghin.com/post-score/hole-by-hole/round-setup/23199,2026-09-20 00:00:00+00,NEEDS_VERIFICATION
GRAN RESERVA GOLF RESORT & COUNTRY CLUB,GRAN RESERVA,Ixtapan De La Sal,Estado De México,GRAN RESERVA,DORADAS,,72,,,5781 yd,YES,YES,OWNER_CATALOG_REVIEW,origin=GHIN;facility_id=review-club-1d941f08d63fd95b862a;layout_id=23199;tee_id=ghin:23199:tee:468e7646a10f;rating_rights=LEGAL_REVIEW_REQUIRED;source_url=https://www.ghin.com/post-score/hole-by-hole/round-setup/23199,2026-09-20 00:00:00+00,NEEDS_VERIFICATION
GRAN RESERVA GOLF RESORT & COUNTRY CLUB,GRAN RESERVA,Ixtapan De La Sal,Estado De México,GRAN RESERVA,NEGRAS,,72,,,7187 yd,YES,YES,OWNER_CATALOG_REVIEW,origin=GHIN;facility_id=review-club-1d941f08d63fd95b862a;layout_id=23199;tee_id=ghin:23199:tee:6b76f06adc0e;rating_rights=LEGAL_REVIEW_REQUIRED;source_url=https://www.ghin.com/post-score/hole-by-hole/round-setup/23199,2026-09-20 00:00:00+00,NEEDS_VERIFICATION
CLUB DE GOLF MALINALCO,CLUB DE GOLF MALINALCO,Malinalco,Estado De México,CLUB DE GOLF MALINALCO,AZULES,,72,,,6870 yd,YES,YES,OWNER_CATALOG_REVIEW,origin=GHIN;facility_id=review-club-d0ac2c71627f019348ba;layout_id=23193;tee_id=ghin:23193:tee:a5be40b61705;rating_rights=LEGAL_REVIEW_REQUIRED;source_url=https://www.ghin.com/post-score/hole-by-hole/round-setup/23193,2026-09-20 00:00:00+00,NEEDS_VERIFICATION
CLUB DE GOLF MALINALCO,CLUB DE GOLF MALINALCO,Malinalco,Estado De México,CLUB DE GOLF MALINALCO,BLANCAS,,72,,,6425 yd,YES,YES,OWNER_CATALOG_REVIEW,origin=GHIN;facility_id=review-club-d0ac2c71627f019348ba;layout_id=23193;tee_id=ghin:23193:tee:ad652458406f;rating_rights=LEGAL_REVIEW_REQUIRED;source_url=https://www.ghin.com/post-score/hole-by-hole/round-setup/23193,2026-09-20 00:00:00+00,NEEDS_VERIFICATION
CLUB DE GOLF MALINALCO,CLUB DE GOLF MALINALCO,Malinalco,Estado De México,CLUB DE GOLF MALINALCO,DORADAS,,72,,,5745 yd,YES,YES,OWNER_CATALOG_REVIEW,origin=GHIN;facility_id=review-club-d0ac2c71627f019348ba;layout_id=23193;tee_id=ghin:23193:tee:468e7646a10f;rating_rights=LEGAL_REVIEW_REQUIRED;source_url=https://www.ghin.com/post-score/hole-by-hole/round-setup/23193,2026-09-20 00:00:00+00,NEEDS_VERIFICATION
CLUB DE GOLF MALINALCO,CLUB DE GOLF MALINALCO,Malinalco,Estado De México,CLUB DE GOLF MALINALCO,NEGRAS,,72,,,7211 yd,YES,YES,OWNER_CATALOG_REVIEW,origin=GHIN;facility_id=review-club-d0ac2c71627f019348ba;layout_id=23193;tee_id=ghin:23193:tee:6b76f06adc0e;rating_rights=LEGAL_REVIEW_REQUIRED;source_url=https://www.ghin.com/post-score/hole-by-hole/round-setup/23193,2026-09-20 00:00:00+00,NEEDS_VERIFICATION
CLUB DE GOLF SAN CARLOS,SAN CARLOS,Metepec,Estado De México,SAN CARLOS,AZULES,,71,,,6842 yd,YES,YES,OWNER_CATALOG_REVIEW,origin=GHIN;facility_id=review-club-565c43c91c5e1c8ef218;layout_id=23260;tee_id=ghin:23260:tee:a5be40b61705;rating_rights=LEGAL_REVIEW_REQUIRED;source_url=https://www.ghin.com/post-score/hole-by-hole/round-setup/23260,2026-09-20 00:00:00+00,NEEDS_VERIFICATION
CLUB DE GOLF SAN CARLOS,SAN CARLOS,Metepec,Estado De México,SAN CARLOS,BLANCAS,,71,,,6464 yd,YES,YES,OWNER_CATALOG_REVIEW,origin=GHIN;facility_id=review-club-565c43c91c5e1c8ef218;layout_id=23260;tee_id=ghin:23260:tee:ad652458406f;rating_rights=LEGAL_REVIEW_REQUIRED;source_url=https://www.ghin.com/post-score/hole-by-hole/round-setup/23260,2026-09-20 00:00:00+00,NEEDS_VERIFICATION
CLUB DE GOLF SAN CARLOS,SAN CARLOS,Metepec,Estado De México,SAN CARLOS,DORADAS,,71,,,6018 yd,YES,YES,OWNER_CATALOG_REVIEW,origin=GHIN;facility_id=review-club-565c43c91c5e1c8ef218;layout_id=23260;tee_id=ghin:23260:tee:468e7646a10f;rating_rights=LEGAL_REVIEW_REQUIRED;source_url=https://www.ghin.com/post-score/hole-by-hole/round-setup/23260,2026-09-20 00:00:00+00,NEEDS_VERIFICATION
CLUB DE GOLF SAN CARLOS,SAN CARLOS,Metepec,Estado De México,SAN CARLOS,PLATEADAS,,71,,,4394 yd,YES,YES,OWNER_CATALOG_REVIEW,origin=GHIN;facility_id=review-club-565c43c91c5e1c8ef218;layout_id=23260;tee_id=ghin:23260:tee:0bc30df9398a;rating_rights=LEGAL_REVIEW_REQUIRED;source_url=https://www.ghin.com/post-score/hole-by-hole/round-setup/23260,2026-09-20 00:00:00+00,NEEDS_VERIFICATION
CLUB DE GOLF CHAPULTEPEC,CHAPULTEPEC,Naucalpan,Estado De México,CHAPULTEPEC,Amarillas Prov,,69,,,4236 yd,YES,YES,OWNER_CATALOG_REVIEW,origin=GHIN;facility_id=review-club-1ae0d8902caead12a663;layout_id=23185;tee_id=ghin:23185:tee:d07a97d0f5ec;rating_rights=LEGAL_REVIEW_REQUIRED;source_url=https://www.ghin.com/post-score/hole-by-hole/round-setup/23185,2026-09-20 00:00:00+00,NEEDS_VERIFICATION
CLUB DE GOLF CHAPULTEPEC,CHAPULTEPEC,Naucalpan,Estado De México,CHAPULTEPEC,Azules Prov,,69,,,5605 yd,YES,YES,OWNER_CATALOG_REVIEW,origin=GHIN;facility_id=review-club-1ae0d8902caead12a663;layout_id=23185;tee_id=ghin:23185:tee:a3128e270aa3;rating_rights=LEGAL_REVIEW_REQUIRED;source_url=https://www.ghin.com/post-score/hole-by-hole/round-setup/23185,2026-09-20 00:00:00+00,NEEDS_VERIFICATION
CLUB DE GOLF CHAPULTEPEC,CHAPULTEPEC,Naucalpan,Estado De México,CHAPULTEPEC,Blancas Prov,,69,,,4887 yd,YES,YES,OWNER_CATALOG_REVIEW,origin=GHIN;facility_id=review-club-1ae0d8902caead12a663;layout_id=23185;tee_id=ghin:23185:tee:723485444c00;rating_rights=LEGAL_REVIEW_REQUIRED;source_url=https://www.ghin.com/post-score/hole-by-hole/round-setup/23185,2026-09-20 00:00:00+00,NEEDS_VERIFICATION
CLUB DE GOLF CHAPULTEPEC,CHAPULTEPEC,Naucalpan,Estado De México,CHAPULTEPEC,Doradas Prov,,69,,,5175 yd,YES,YES,OWNER_CATALOG_REVIEW,origin=GHIN;facility_id=review-club-1ae0d8902caead12a663;layout_id=23185;tee_id=ghin:23185:tee:2267a903038f;rating_rights=LEGAL_REVIEW_REQUIRED;source_url=https://www.ghin.com/post-score/hole-by-hole/round-setup/23185,2026-09-20 00:00:00+00,NEEDS_VERIFICATION
CLUB DE GOLF CHAPULTEPEC,CHAPULTEPEC,Naucalpan,Estado De México,CHAPULTEPEC,Negras Prov,,69,,,5780 yd,YES,YES,OWNER_CATALOG_REVIEW,origin=GHIN;facility_id=review-club-1ae0d8902caead12a663;layout_id=23185;tee_id=ghin:23185:tee:d8be58eea21d;rating_rights=LEGAL_REVIEW_REQUIRED;source_url=https://www.ghin.com/post-score/hole-by-hole/round-setup/23185,2026-09-20 00:00:00+00,NEEDS_VERIFICATION
CLUB DE GOLF CHAPULTEPEC,CHAPULTEPEC,Naucalpan,Estado De México,CHAPULTEPEC,Plateadas Prov,,69,,,3334 yd,YES,YES,OWNER_CATALOG_REVIEW,origin=GHIN;facility_id=review-club-1ae0d8902caead12a663;layout_id=23185;tee_id=ghin:23185:tee:798071782056;rating_rights=LEGAL_REVIEW_REQUIRED;source_url=https://www.ghin.com/post-score/hole-by-hole/round-setup/23185,2026-09-20 00:00:00+00,NEEDS_VERIFICATION
LA ESMERALDA COUNTRY CLUB,LA ESMERALDA,Tecámac,Estado De México,LA ESMERALDA,AZULES,,72,,,6380 yd,YES,YES,OWNER_CATALOG_REVIEW,origin=GHIN;facility_id=review-club-3ef62ad5bd5086fc6fe5;layout_id=25235;tee_id=ghin:25235:tee:a5be40b61705;rating_rights=LEGAL_REVIEW_REQUIRED;source_url=https://www.ghin.com/post-score/hole-by-hole/round-setup/25235,2026-09-20 00:00:00+00,NEEDS_VERIFICATION
LA ESMERALDA COUNTRY CLUB,LA ESMERALDA,Tecámac,Estado De México,LA ESMERALDA,BLANCAS,,72,,,6012 yd,YES,YES,OWNER_CATALOG_REVIEW,origin=GHIN;facility_id=review-club-3ef62ad5bd5086fc6fe5;layout_id=25235;tee_id=ghin:25235:tee:ad652458406f;rating_rights=LEGAL_REVIEW_REQUIRED;source_url=https://www.ghin.com/post-score/hole-by-hole/round-setup/25235,2026-09-20 00:00:00+00,NEEDS_VERIFICATION
LA ESMERALDA COUNTRY CLUB,LA ESMERALDA,Tecámac,Estado De México,LA ESMERALDA,PLATEADAS,,72,,,4954 yd,YES,YES,OWNER_CATALOG_REVIEW,origin=GHIN;facility_id=review-club-3ef62ad5bd5086fc6fe5;layout_id=25235;tee_id=ghin:25235:tee:0bc30df9398a;rating_rights=LEGAL_REVIEW_REQUIRED;source_url=https://www.ghin.com/post-score/hole-by-hole/round-setup/25235,2026-09-20 00:00:00+00,NEEDS_VERIFICATION
CLUB CAMPESTRE EL COPAL,CLUB CAMPESTRE EL COPAL,Tlalnepantla,Estado De México,CLUB CAMPESTRE EL COPAL,BLANCAS,,70,,,5982 yd,YES,YES,OWNER_CATALOG_REVIEW,origin=GHIN;facility_id=review-club-52ffbbf9b3112f431591;layout_id=23161;tee_id=ghin:23161:tee:ad652458406f;rating_rights=LEGAL_REVIEW_REQUIRED;source_url=https://www.ghin.com/post-score/hole-by-hole/round-setup/23161,2026-09-20 00:00:00+00,NEEDS_VERIFICATION
CLUB CAMPESTRE IZAR,IZAR,Valle De Bravo,Estado De México,IZAR,AZULES,,72,,,6338 yd,YES,YES,OWNER_CATALOG_REVIEW,origin=GHIN;facility_id=review-club-8cb3c6323ab74175d4b4;layout_id=23174;tee_id=ghin:23174:tee:a5be40b61705;rating_rights=LEGAL_REVIEW_REQUIRED;source_url=https://www.ghin.com/post-score/hole-by-hole/round-setup/23174,2026-09-20 00:00:00+00,NEEDS_VERIFICATION
CLUB CAMPESTRE IZAR,IZAR,Valle De Bravo,Estado De México,IZAR,BLANCAS,,72,,,5786 yd,YES,YES,OWNER_CATALOG_REVIEW,origin=GHIN;facility_id=review-club-8cb3c6323ab74175d4b4;layout_id=23174;tee_id=ghin:23174:tee:ad652458406f;rating_rights=LEGAL_REVIEW_REQUIRED;source_url=https://www.ghin.com/post-score/hole-by-hole/round-setup/23174,2026-09-20 00:00:00+00,NEEDS_VERIFICATION
CLUB CAMPESTRE IZAR,IZAR,Valle De Bravo,Estado De México,IZAR,DORADAS,,70,,,5195 yd,YES,YES,OWNER_CATALOG_REVIEW,origin=GHIN;facility_id=review-club-8cb3c6323ab74175d4b4;layout_id=23174;tee_id=ghin:23174:tee:468e7646a10f;rating_rights=LEGAL_REVIEW_REQUIRED;source_url=https://www.ghin.com/post-score/hole-by-hole/round-setup/23174,2026-09-20 00:00:00+00,NEEDS_VERIFICATION
CLUB DE GOLF AVANDARO,CLUB DE GOLF AVANDARO,Valle De Bravo,Estado De México,CLUB DE GOLF AVANDARO,AZULES,,72,,,6681 yd,YES,YES,OWNER_CATALOG_REVIEW,origin=GHIN;facility_id=review-club-8989cf9a2e86ecda8d94;layout_id=23268;tee_id=ghin:23268:tee:a5be40b61705;rating_rights=LEGAL_REVIEW_REQUIRED;source_url=https://www.ghin.com/post-score/hole-by-hole/round-setup/23268,2026-09-20 00:00:00+00,NEEDS_VERIFICATION
CLUB DE GOLF AVANDARO,CLUB DE GOLF AVANDARO,Valle De Bravo,Estado De México,CLUB DE GOLF AVANDARO,BLANCAS,,72,,,6262 yd,YES,YES,OWNER_CATALOG_REVIEW,origin=GHIN;facility_id=review-club-8989cf9a2e86ecda8d94;layout_id=23268;tee_id=ghin:23268:tee:ad652458406f;rating_rights=LEGAL_REVIEW_REQUIRED;source_url=https://www.ghin.com/post-score/hole-by-hole/round-setup/23268,2026-09-20 00:00:00+00,NEEDS_VERIFICATION
CLUB DE GOLF AVANDARO,CLUB DE GOLF AVANDARO,Valle De Bravo,Estado De México,CLUB DE GOLF AVANDARO,DORADAS,,72,,,5840 yd,YES,YES,OWNER_CATALOG_REVIEW,origin=GHIN;facility_id=review-club-8989cf9a2e86ecda8d94;layout_id=23268;tee_id=ghin:23268:tee:468e7646a10f;rating_rights=LEGAL_REVIEW_REQUIRED;source_url=https://www.ghin.com/post-score/hole-by-hole/round-setup/23268,2026-09-20 00:00:00+00,NEEDS_VERIFICATION
RANCHO AVANDARO COUNTRY CLUB,RANCHO AVANDARO,Valle De Bravo,Estado De México,RANCHO AVANDARO,AZULES,,72,,,6926 yd,YES,YES,OWNER_CATALOG_REVIEW,origin=GHIN;facility_id=review-club-5c59f66e459c94de89b3;layout_id=23267;tee_id=ghin:23267:tee:a5be40b61705;rating_rights=LEGAL_REVIEW_REQUIRED;source_url=https://www.ghin.com/post-score/hole-by-hole/round-setup/23267,2026-09-20 00:00:00+00,NEEDS_VERIFICATION
RANCHO AVANDARO COUNTRY CLUB,RANCHO AVANDARO,Valle De Bravo,Estado De México,RANCHO AVANDARO,BLANCAS,,72,,,6510 yd,YES,YES,OWNER_CATALOG_REVIEW,origin=GHIN;facility_id=review-club-5c59f66e459c94de89b3;layout_id=23267;tee_id=ghin:23267:tee:ad652458406f;rating_rights=LEGAL_REVIEW_REQUIRED;source_url=https://www.ghin.com/post-score/hole-by-hole/round-setup/23267,2026-09-20 00:00:00+00,NEEDS_VERIFICATION
RANCHO AVANDARO COUNTRY CLUB,RANCHO AVANDARO,Valle De Bravo,Estado De México,RANCHO AVANDARO,DORADAS,,72,,,6066 yd,YES,YES,OWNER_CATALOG_REVIEW,origin=GHIN;facility_id=review-club-5c59f66e459c94de89b3;layout_id=23267;tee_id=ghin:23267:tee:468e7646a10f;rating_rights=LEGAL_REVIEW_REQUIRED;source_url=https://www.ghin.com/post-score/hole-by-hole/round-setup/23267,2026-09-20 00:00:00+00,NEEDS_VERIFICATION
CLUB DE GOLF LOS NARANJOS,LOS NARANJOS,Leon,Guanajuato,LOS NARANJOS,AMARILLAS,,72,,,5928 yd,YES,YES,OWNER_CATALOG_REVIEW,origin=GHIN;facility_id=review-club-cee3702e834da170ca3d;layout_id=23262;tee_id=ghin:23262:tee:a8797d9f33d8;rating_rights=LEGAL_REVIEW_REQUIRED;source_url=https://www.ghin.com/post-score/hole-by-hole/round-setup/23262,2026-09-20 00:00:00+00,NEEDS_VERIFICATION
CLUB DE GOLF LOS NARANJOS,LOS NARANJOS,Leon,Guanajuato,LOS NARANJOS,AZULES,,72,,,6878 yd,YES,YES,OWNER_CATALOG_REVIEW,origin=GHIN;facility_id=review-club-cee3702e834da170ca3d;layout_id=23262;tee_id=ghin:23262:tee:a5be40b61705;rating_rights=LEGAL_REVIEW_REQUIRED;source_url=https://www.ghin.com/post-score/hole-by-hole/round-setup/23262,2026-09-20 00:00:00+00,NEEDS_VERIFICATION
CLUB DE GOLF LOS NARANJOS,LOS NARANJOS,Leon,Guanajuato,LOS NARANJOS,BLANCAS,,72,,,6328 yd,YES,YES,OWNER_CATALOG_REVIEW,origin=GHIN;facility_id=review-club-cee3702e834da170ca3d;layout_id=23262;tee_id=ghin:23262:tee:ad652458406f;rating_rights=LEGAL_REVIEW_REQUIRED;source_url=https://www.ghin.com/post-score/hole-by-hole/round-setup/23262,2026-09-20 00:00:00+00,NEEDS_VERIFICATION
CLUB CAMPESTRE DE LEON,LEON,León,Guanajuato,LEON,AZULES,,72,,,6953 yd,YES,YES,OWNER_CATALOG_REVIEW,origin=GHIN;facility_id=review-club-c3138e4ba3398e28679a;layout_id=23242;tee_id=ghin:23242:tee:a5be40b61705;rating_rights=LEGAL_REVIEW_REQUIRED;source_url=https://www.ghin.com/post-score/hole-by-hole/round-setup/23242,2026-09-20 00:00:00+00,NEEDS_VERIFICATION
CLUB CAMPESTRE DE LEON,LEON,León,Guanajuato,LEON,BLANCAS,,72,,,6364 yd,YES,YES,OWNER_CATALOG_REVIEW,origin=GHIN;facility_id=review-club-c3138e4ba3398e28679a;layout_id=23242;tee_id=ghin:23242:tee:ad652458406f;rating_rights=LEGAL_REVIEW_REQUIRED;source_url=https://www.ghin.com/post-score/hole-by-hole/round-setup/23242,2026-09-20 00:00:00+00,NEEDS_VERIFICATION
CLUB CAMPESTRE DE LEON,LEON,León,Guanajuato,LEON,DORADAS,,72,,,5913 yd,YES,YES,OWNER_CATALOG_REVIEW,origin=GHIN;facility_id=review-club-c3138e4ba3398e28679a;layout_id=23242;tee_id=ghin:23242:tee:468e7646a10f;rating_rights=LEGAL_REVIEW_REQUIRED;source_url=https://www.ghin.com/post-score/hole-by-hole/round-setup/23242,2026-09-20 00:00:00+00,NEEDS_VERIFICATION
CLUB CAMPESTRE DE LEON,LEON,León,Guanajuato,LEON,PLATEADAS,,72,,,5463 yd,YES,YES,OWNER_CATALOG_REVIEW,origin=GHIN;facility_id=review-club-c3138e4ba3398e28679a;layout_id=23242;tee_id=ghin:23242:tee:0bc30df9398a;rating_rights=LEGAL_REVIEW_REQUIRED;source_url=https://www.ghin.com/post-score/hole-by-hole/round-setup/23242,2026-09-20 00:00:00+00,NEEDS_VERIFICATION
CLUB DE GOLF LA HACIENDA DE LEON,LA HACIENDA DE LEON,León,Guanajuato,LA HACIENDA DE LEON,AZULES,,72,,,6800 yd,YES,YES,OWNER_CATALOG_REVIEW,origin=GHIN;facility_id=review-club-c7ff0240b1fc2ad08823;layout_id=24741;tee_id=ghin:24741:tee:a5be40b61705;rating_rights=LEGAL_REVIEW_REQUIRED;source_url=https://www.ghin.com/post-score/hole-by-hole/round-setup/24741,2026-09-20 00:00:00+00,NEEDS_VERIFICATION
CLUB DE GOLF LA HACIENDA DE LEON,LA HACIENDA DE LEON,León,Guanajuato,LA HACIENDA DE LEON,BLANCAS,,72,,,6044 yd,YES,YES,OWNER_CATALOG_REVIEW,origin=GHIN;facility_id=review-club-c7ff0240b1fc2ad08823;layout_id=24741;tee_id=ghin:24741:tee:ad652458406f;rating_rights=LEGAL_REVIEW_REQUIRED;source_url=https://www.ghin.com/post-score/hole-by-hole/round-setup/24741,2026-09-20 00:00:00+00,NEEDS_VERIFICATION
CLUB DE GOLF LA HACIENDA DE LEON,LA HACIENDA DE LEON,León,Guanajuato,LA HACIENDA DE LEON,DORADAS,,72,,,5312 yd,YES,YES,OWNER_CATALOG_REVIEW,origin=GHIN;facility_id=review-club-c7ff0240b1fc2ad08823;layout_id=24741;tee_id=ghin:24741:tee:468e7646a10f;rating_rights=LEGAL_REVIEW_REQUIRED;source_url=https://www.ghin.com/post-score/hole-by-hole/round-setup/24741,2026-09-20 00:00:00+00,NEEDS_VERIFICATION
EL BOSQUE COUNTRY CLUB DE GRAN JARDIN,El Bosque Country Club,León,Guanajuato,El Bosque Country Club,AZULES,,72,,,7035 yd,YES,YES,OWNER_CATALOG_REVIEW,origin=GHIN;facility_id=review-club-a5bca3ce6e28a88ad246;layout_id=23206;tee_id=ghin:23206:tee:a5be40b61705;rating_rights=LEGAL_REVIEW_REQUIRED;source_url=https://www.ghin.com/post-score/hole-by-hole/round-setup/23206,2026-09-20 00:00:00+00,NEEDS_VERIFICATION
EL BOSQUE COUNTRY CLUB DE GRAN JARDIN,El Bosque Country Club,León,Guanajuato,El Bosque Country Club,BLANCAS,,72,,,6616 yd,YES,YES,OWNER_CATALOG_REVIEW,origin=GHIN;facility_id=review-club-a5bca3ce6e28a88ad246;layout_id=23206;tee_id=ghin:23206:tee:ad652458406f;rating_rights=LEGAL_REVIEW_REQUIRED;source_url=https://www.ghin.com/post-score/hole-by-hole/round-setup/23206,2026-09-20 00:00:00+00,NEEDS_VERIFICATION
EL BOSQUE COUNTRY CLUB DE GRAN JARDIN,El Bosque Country Club,León,Guanajuato,El Bosque Country Club,DORADAS,,72,,,6108 yd,YES,YES,OWNER_CATALOG_REVIEW,origin=GHIN;facility_id=review-club-a5bca3ce6e28a88ad246;layout_id=23206;tee_id=ghin:23206:tee:468e7646a10f;rating_rights=LEGAL_REVIEW_REQUIRED;source_url=https://www.ghin.com/post-score/hole-by-hole/round-setup/23206,2026-09-20 00:00:00+00,NEEDS_VERIFICATION
EL BOSQUE COUNTRY CLUB DE GRAN JARDIN,El Bosque Country Club,León,Guanajuato,El Bosque Country Club,NEGRAS,,72,,,7706 yd,YES,YES,OWNER_CATALOG_REVIEW,origin=GHIN;facility_id=review-club-a5bca3ce6e28a88ad246;layout_id=23206;tee_id=ghin:23206:tee:6b76f06adc0e;rating_rights=LEGAL_REVIEW_REQUIRED;source_url=https://www.ghin.com/post-score/hole-by-hole/round-setup/23206,2026-09-20 00:00:00+00,NEEDS_VERIFICATION
EL BOSQUE COUNTRY CLUB DE GRAN JARDIN,El Bosque Country Club,León,Guanajuato,El Bosque Country Club,Negras Torneo CNIJ,,72,,,7330 yd,YES,YES,OWNER_CATALOG_REVIEW,origin=GHIN;facility_id=review-club-a5bca3ce6e28a88ad246;layout_id=23206;tee_id=ghin:23206:tee:246e098369f4;rating_rights=LEGAL_REVIEW_REQUIRED;source_url=https://www.ghin.com/post-score/hole-by-hole/round-setup/23206,2026-09-20 00:00:00+00,NEEDS_VERIFICATION
EL BOSQUE COUNTRY CLUB DE GRAN JARDIN,El Bosque Country Club,León,Guanajuato,El Bosque Country Club,PLATEADAS,,72,,,5438 yd,YES,YES,OWNER_CATALOG_REVIEW,origin=GHIN;facility_id=review-club-a5bca3ce6e28a88ad246;layout_id=23206;tee_id=ghin:23206:tee:0bc30df9398a;rating_rights=LEGAL_REVIEW_REQUIRED;source_url=https://www.ghin.com/post-score/hole-by-hole/round-setup/23206,2026-09-20 00:00:00+00,NEEDS_VERIFICATION
EL MOLINO GOLF CLUB,EL MOLINO,León,Guanajuato,EL MOLINO,AMARILLAS,,72,,,6089 yd,YES,YES,OWNER_CATALOG_REVIEW,origin=GHIN;facility_id=review-club-e2b56a1df394fc72bba5;layout_id=24742;tee_id=ghin:24742:tee:a8797d9f33d8;rating_rights=LEGAL_REVIEW_REQUIRED;source_url=https://www.ghin.com/post-score/hole-by-hole/round-setup/24742,2026-09-20 00:00:00+00,NEEDS_VERIFICATION
EL MOLINO GOLF CLUB,EL MOLINO,León,Guanajuato,EL MOLINO,AZULES,,72,,,7054 yd,YES,YES,OWNER_CATALOG_REVIEW,origin=GHIN;facility_id=review-club-e2b56a1df394fc72bba5;layout_id=24742;tee_id=ghin:24742:tee:a5be40b61705;rating_rights=LEGAL_REVIEW_REQUIRED;source_url=https://www.ghin.com/post-score/hole-by-hole/round-setup/24742,2026-09-20 00:00:00+00,NEEDS_VERIFICATION
EL MOLINO GOLF CLUB,EL MOLINO,León,Guanajuato,EL MOLINO,BLANCAS,,72,,,6595 yd,YES,YES,OWNER_CATALOG_REVIEW,origin=GHIN;facility_id=review-club-e2b56a1df394fc72bba5;layout_id=24742;tee_id=ghin:24742:tee:ad652458406f;rating_rights=LEGAL_REVIEW_REQUIRED;source_url=https://www.ghin.com/post-score/hole-by-hole/round-setup/24742,2026-09-20 00:00:00+00,NEEDS_VERIFICATION
EL MOLINO GOLF CLUB,EL MOLINO,León,Guanajuato,EL MOLINO,NEGRAS,,72,,,7580 yd,YES,YES,OWNER_CATALOG_REVIEW,origin=GHIN;facility_id=review-club-e2b56a1df394fc72bba5;layout_id=24742;tee_id=ghin:24742:tee:6b76f06adc0e;rating_rights=LEGAL_REVIEW_REQUIRED;source_url=https://www.ghin.com/post-score/hole-by-hole/round-setup/24742,2026-09-20 00:00:00+00,NEEDS_VERIFICATION
CLUB CAMPESTRE RIAMA,RIAMA,Salamanca,Guanajuato,RIAMA,AZULES,,66,,,4956 yd,YES,YES,OWNER_CATALOG_REVIEW,origin=GHIN;facility_id=review-club-50a82bcb09e4ab2cd0ec;layout_id=26088;tee_id=ghin:26088:tee:a5be40b61705;rating_rights=LEGAL_REVIEW_REQUIRED;source_url=https://www.ghin.com/post-score/hole-by-hole/round-setup/26088,2026-09-20 00:00:00+00,NEEDS_VERIFICATION
CLUB CAMPESTRE RIAMA,RIAMA,Salamanca,Guanajuato,RIAMA,BLANCAS,,66,,,4652 yd,YES,YES,OWNER_CATALOG_REVIEW,origin=GHIN;facility_id=review-club-50a82bcb09e4ab2cd0ec;layout_id=26088;tee_id=ghin:26088:tee:ad652458406f;rating_rights=LEGAL_REVIEW_REQUIRED;source_url=https://www.ghin.com/post-score/hole-by-hole/round-setup/26088,2026-09-20 00:00:00+00,NEEDS_VERIFICATION
CLUB CAMPESTRE RIAMA,RIAMA,Salamanca,Guanajuato,RIAMA,DORADAS,,66,,,3862 yd,YES,YES,OWNER_CATALOG_REVIEW,origin=GHIN;facility_id=review-club-50a82bcb09e4ab2cd0ec;layout_id=26088;tee_id=ghin:26088:tee:468e7646a10f;rating_rights=LEGAL_REVIEW_REQUIRED;source_url=https://www.ghin.com/post-score/hole-by-hole/round-setup/26088,2026-09-20 00:00:00+00,NEEDS_VERIFICATION
CLUB DE GOLF MALANQUIN,MALANQUIN,San Miguel De Allende,Guanajuato,MALANQUIN,AZULES,,72,,,7243 yd,YES,YES,OWNER_CATALOG_REVIEW,origin=GHIN;facility_id=review-club-a21a97eff656d31e288a;layout_id=24533;tee_id=ghin:24533:tee:a5be40b61705;rating_rights=LEGAL_REVIEW_REQUIRED;source_url=https://www.ghin.com/post-score/hole-by-hole/round-setup/24533,2026-09-20 00:00:00+00,NEEDS_VERIFICATION
CLUB DE GOLF MALANQUIN,MALANQUIN,San Miguel De Allende,Guanajuato,MALANQUIN,BLANCAS,,72,,,6613 yd,YES,YES,OWNER_CATALOG_REVIEW,origin=GHIN;facility_id=review-club-a21a97eff656d31e288a;layout_id=24533;tee_id=ghin:24533:tee:ad652458406f;rating_rights=LEGAL_REVIEW_REQUIRED;source_url=https://www.ghin.com/post-score/hole-by-hole/round-setup/24533,2026-09-20 00:00:00+00,NEEDS_VERIFICATION
CLUB DE GOLF MALANQUIN,MALANQUIN,San Miguel De Allende,Guanajuato,MALANQUIN,DORADAS,,72,,,5867 yd,YES,YES,OWNER_CATALOG_REVIEW,origin=GHIN;facility_id=review-club-a21a97eff656d31e288a;layout_id=24533;tee_id=ghin:24533:tee:468e7646a10f;rating_rights=LEGAL_REVIEW_REQUIRED;source_url=https://www.ghin.com/post-score/hole-by-hole/round-setup/24533,2026-09-20 00:00:00+00,NEEDS_VERIFICATION
ZIRANDARO GOLF CLUB,ZIRANDARO,San Miguel De Allende,Guanajuato,ZIRANDARO,AMARILLAS,,54,,,,NO,YES,OWNER_CATALOG_REVIEW,origin=GHIN;facility_id=review-club-2dea74ef7f5f525c5975;layout_id=32225;tee_id=ghin:32225:tee:a8797d9f33d8;rating_rights=LEGAL_REVIEW_REQUIRED;source_url=https://www.ghin.com/post-score/hole-by-hole/round-setup/32225,2026-09-20 00:00:00+00,NEEDS_VERIFICATION
ZIRANDARO GOLF CLUB,ZIRANDARO,San Miguel De Allende,Guanajuato,ZIRANDARO,AZULES,,54,,,,NO,YES,OWNER_CATALOG_REVIEW,origin=GHIN;facility_id=review-club-2dea74ef7f5f525c5975;layout_id=32225;tee_id=ghin:32225:tee:a5be40b61705;rating_rights=LEGAL_REVIEW_REQUIRED;source_url=https://www.ghin.com/post-score/hole-by-hole/round-setup/32225,2026-09-20 00:00:00+00,NEEDS_VERIFICATION
ZIRANDARO GOLF CLUB,ZIRANDARO,San Miguel De Allende,Guanajuato,ZIRANDARO,BLANCAS,,54,,,,NO,YES,OWNER_CATALOG_REVIEW,origin=GHIN;facility_id=review-club-2dea74ef7f5f525c5975;layout_id=32225;tee_id=ghin:32225:tee:ad652458406f;rating_rights=LEGAL_REVIEW_REQUIRED;source_url=https://www.ghin.com/post-score/hole-by-hole/round-setup/32225,2026-09-20 00:00:00+00,NEEDS_VERIFICATION
CLUB DE GOLF ACAPULCO,ACAPULCO,Acapulco,Guerrero,ACAPULCO,BLANCAS / AZULES,,70,,,5128 yd,YES,YES,OWNER_CATALOG_REVIEW,origin=GHIN;facility_id=review-club-f962d5d67ee4b04cdf0d;layout_id=25683;tee_id=ghin:25683:tee:adcf9751eed3;rating_rights=LEGAL_REVIEW_REQUIRED;source_url=https://www.ghin.com/post-score/hole-by-hole/round-setup/25683,2026-09-20 00:00:00+00,NEEDS_VERIFICATION
CLUB DE GOLF ACAPULCO,ACAPULCO,Acapulco,Guerrero,ACAPULCO,DORADAS,,70,,,4707 yd,YES,YES,OWNER_CATALOG_REVIEW,origin=GHIN;facility_id=review-club-f962d5d67ee4b04cdf0d;layout_id=25683;tee_id=ghin:25683:tee:468e7646a10f;rating_rights=LEGAL_REVIEW_REQUIRED;source_url=https://www.ghin.com/post-score/hole-by-hole/round-setup/25683,2026-09-20 00:00:00+00,NEEDS_VERIFICATION
PRINCESS MUNDO IMPERIAL GOLF CLUB,PRINCESS,Acapulco,Guerrero,PRINCESS,AZULES,,72,,,6112 yd,YES,YES,OWNER_CATALOG_REVIEW,origin=GHIN;facility_id=review-club-77657699511ea2ad1fe8;layout_id=36236;tee_id=ghin:36236:tee:a5be40b61705;rating_rights=LEGAL_REVIEW_REQUIRED;source_url=https://www.ghin.com/post-score/hole-by-hole/round-setup/36236,2026-09-20 00:00:00+00,NEEDS_VERIFICATION
PRINCESS MUNDO IMPERIAL GOLF CLUB,PRINCESS,Acapulco,Guerrero,PRINCESS,BLANCAS,,72,,,5815 yd,YES,YES,OWNER_CATALOG_REVIEW,origin=GHIN;facility_id=review-club-77657699511ea2ad1fe8;layout_id=36236;tee_id=ghin:36236:tee:ad652458406f;rating_rights=LEGAL_REVIEW_REQUIRED;source_url=https://www.ghin.com/post-score/hole-by-hole/round-setup/36236,2026-09-20 00:00:00+00,NEEDS_VERIFICATION
PRINCESS MUNDO IMPERIAL GOLF CLUB,PRINCESS,Acapulco,Guerrero,PRINCESS,DORADAS,,72,,,5543 yd,YES,YES,OWNER_CATALOG_REVIEW,origin=GHIN;facility_id=review-club-77657699511ea2ad1fe8;layout_id=36236;tee_id=ghin:36236:tee:468e7646a10f;rating_rights=LEGAL_REVIEW_REQUIRED;source_url=https://www.ghin.com/post-score/hole-by-hole/round-setup/36236,2026-09-20 00:00:00+00,NEEDS_VERIFICATION
TURTLE DUNES COUNTRY CLUB,TURTLE DUNES COUNTRY CLUB,Acapulco,Guerrero,TURTLE DUNES COUNTRY CLUB,DIAMANTE,,72,,,7244 yd,YES,YES,OWNER_CATALOG_REVIEW,origin=GHIN;facility_id=review-club-c5de0d78790249df7e81;layout_id=23158;tee_id=ghin:23158:tee:ebcd9f5a0a12;rating_rights=LEGAL_REVIEW_REQUIRED;source_url=https://www.ghin.com/post-score/hole-by-hole/round-setup/23158,2026-09-20 00:00:00+00,NEEDS_VERIFICATION
TURTLE DUNES COUNTRY CLUB,TURTLE DUNES COUNTRY CLUB,Acapulco,Guerrero,TURTLE DUNES COUNTRY CLUB,ESMERALDA,,72,,,5882 yd,YES,YES,OWNER_CATALOG_REVIEW,origin=GHIN;facility_id=review-club-c5de0d78790249df7e81;layout_id=23158;tee_id=ghin:23158:tee:ada156e061bc;rating_rights=LEGAL_REVIEW_REQUIRED;source_url=https://www.ghin.com/post-score/hole-by-hole/round-setup/23158,2026-09-20 00:00:00+00,NEEDS_VERIFICATION
TURTLE DUNES COUNTRY CLUB,TURTLE DUNES COUNTRY CLUB,Acapulco,Guerrero,TURTLE DUNES COUNTRY CLUB,ORO,,72,,,6917 yd,YES,YES,OWNER_CATALOG_REVIEW,origin=GHIN;facility_id=review-club-c5de0d78790249df7e81;layout_id=23158;tee_id=ghin:23158:tee:3bf2d23ded17;rating_rights=LEGAL_REVIEW_REQUIRED;source_url=https://www.ghin.com/post-score/hole-by-hole/round-setup/23158,2026-09-20 00:00:00+00,NEEDS_VERIFICATION
TURTLE DUNES COUNTRY CLUB,TURTLE DUNES COUNTRY CLUB,Acapulco,Guerrero,TURTLE DUNES COUNTRY CLUB,PLATA,,72,,,6519 yd,YES,YES,OWNER_CATALOG_REVIEW,origin=GHIN;facility_id=review-club-c5de0d78790249df7e81;layout_id=23158;tee_id=ghin:23158:tee:bbaa759be033;rating_rights=LEGAL_REVIEW_REQUIRED;source_url=https://www.ghin.com/post-score/hole-by-hole/round-setup/23158,2026-09-20 00:00:00+00,NEEDS_VERIFICATION
VIDANTA GOLF ACAPULCO,VIDANTA ACAPULCO,Acapulco,Guerrero,VIDANTA ACAPULCO,AZULES,,72,,,6156 yd,YES,YES,OWNER_CATALOG_REVIEW,origin=GHIN;facility_id=review-club-c13677f2d42e260b2ad5;layout_id=23256;tee_id=ghin:23256:tee:a5be40b61705;rating_rights=LEGAL_REVIEW_REQUIRED;source_url=https://www.ghin.com/post-score/hole-by-hole/round-setup/23256,2026-09-20 00:00:00+00,NEEDS_VERIFICATION
VIDANTA GOLF ACAPULCO,VIDANTA ACAPULCO,Acapulco,Guerrero,VIDANTA ACAPULCO,BLANCAS,,72,,,5877 yd,YES,YES,OWNER_CATALOG_REVIEW,origin=GHIN;facility_id=review-club-c13677f2d42e260b2ad5;layout_id=23256;tee_id=ghin:23256:tee:ad652458406f;rating_rights=LEGAL_REVIEW_REQUIRED;source_url=https://www.ghin.com/post-score/hole-by-hole/round-setup/23256,2026-09-20 00:00:00+00,NEEDS_VERIFICATION
PALMA REAL GOLF & BEACH CLUB,PALMA REAL,Ixtapa Zihuatanejo,Guerrero,PALMA REAL,AZULES,,72,,,6891 yd,YES,YES,OWNER_CATALOG_REVIEW,origin=GHIN;facility_id=review-club-9bfdf5168f84735bc8ff;layout_id=23156;tee_id=ghin:23156:tee:a5be40b61705;rating_rights=LEGAL_REVIEW_REQUIRED;source_url=https://www.ghin.com/post-score/hole-by-hole/round-setup/23156,2026-09-20 00:00:00+00,NEEDS_VERIFICATION
PALMA REAL GOLF & BEACH CLUB,PALMA REAL,Ixtapa Zihuatanejo,Guerrero,PALMA REAL,BLANCAS,,72,,,6397 yd,YES,YES,OWNER_CATALOG_REVIEW,origin=GHIN;facility_id=review-club-9bfdf5168f84735bc8ff;layout_id=23156;tee_id=ghin:23156:tee:ad652458406f;rating_rights=LEGAL_REVIEW_REQUIRED;source_url=https://www.ghin.com/post-score/hole-by-hole/round-setup/23156,2026-09-20 00:00:00+00,NEEDS_VERIFICATION
PALMA REAL GOLF & BEACH CLUB,PALMA REAL,Ixtapa Zihuatanejo,Guerrero,PALMA REAL,DORADAS,,72,,,5908 yd,YES,YES,OWNER_CATALOG_REVIEW,origin=GHIN;facility_id=review-club-9bfdf5168f84735bc8ff;layout_id=23156;tee_id=ghin:23156:tee:468e7646a10f;rating_rights=LEGAL_REVIEW_REQUIRED;source_url=https://www.ghin.com/post-score/hole-by-hole/round-setup/23156,2026-09-20 00:00:00+00,NEEDS_VERIFICATION
CLUB DE GOLF PACHUCA,CLUB DE GOLF PACHUCA,Pachuca,Hidalgo,CLUB DE GOLF PACHUCA,AZULES/NEGRAS,,72,,,7086 yd,YES,YES,OWNER_CATALOG_REVIEW,origin=GHIN;facility_id=review-club-bb0a38e5436e9d171e75;layout_id=23265;tee_id=ghin:23265:tee:70f69614b973;rating_rights=LEGAL_REVIEW_REQUIRED;source_url=https://www.ghin.com/post-score/hole-by-hole/round-setup/23265,2026-09-20 00:00:00+00,NEEDS_VERIFICATION
CLUB DE GOLF PACHUCA,CLUB DE GOLF PACHUCA,Pachuca,Hidalgo,CLUB DE GOLF PACHUCA,BLANCAS/AMARILLAS,,72,,,6610 yd,YES,YES,OWNER_CATALOG_REVIEW,origin=GHIN;facility_id=review-club-bb0a38e5436e9d171e75;layout_id=23265;tee_id=ghin:23265:tee:4e8c499ba01c;rating_rights=LEGAL_REVIEW_REQUIRED;source_url=https://www.ghin.com/post-score/hole-by-hole/round-setup/23265,2026-09-20 00:00:00+00,NEEDS_VERIFICATION
CLUB DE GOLF PACHUCA,CLUB DE GOLF PACHUCA,Pachuca,Hidalgo,CLUB DE GOLF PACHUCA,DORADAS,,72,,,6046 yd,YES,YES,OWNER_CATALOG_REVIEW,origin=GHIN;facility_id=review-club-bb0a38e5436e9d171e75;layout_id=23265;tee_id=ghin:23265:tee:468e7646a10f;rating_rights=LEGAL_REVIEW_REQUIRED;source_url=https://www.ghin.com/post-score/hole-by-hole/round-setup/23265,2026-09-20 00:00:00+00,NEEDS_VERIFICATION
CLUB DE GOLF PACHUCA,CLUB DE GOLF PACHUCA,Pachuca,Hidalgo,CLUB DE GOLF PACHUCA,PLATEADAS,,72,,,4788 yd,YES,YES,OWNER_CATALOG_REVIEW,origin=GHIN;facility_id=review-club-bb0a38e5436e9d171e75;layout_id=23265;tee_id=ghin:23265:tee:0bc30df9398a;rating_rights=LEGAL_REVIEW_REQUIRED;source_url=https://www.ghin.com/post-score/hole-by-hole/round-setup/23265,2026-09-20 00:00:00+00,NEEDS_VERIFICATION
ASOCIACION DEPORTIVA TULA,EL AGRARIO,Tula De Allende,Hidalgo,EL AGRARIO,AMARILLAS,,66,,,4022 yd,YES,YES,OWNER_CATALOG_REVIEW,origin=GHIN;facility_id=review-club-736ff252dbba8f29c7ae;layout_id=23247;tee_id=ghin:23247:tee:a8797d9f33d8;rating_rights=LEGAL_REVIEW_REQUIRED;source_url=https://www.ghin.com/post-score/hole-by-hole/round-setup/23247,2026-09-20 00:00:00+00,NEEDS_VERIFICATION
ASOCIACION DEPORTIVA TULA,EL AGRARIO,Tula De Allende,Hidalgo,EL AGRARIO,AZULES,,66,,,4976 yd,YES,YES,OWNER_CATALOG_REVIEW,origin=GHIN;facility_id=review-club-736ff252dbba8f29c7ae;layout_id=23247;tee_id=ghin:23247:tee:a5be40b61705;rating_rights=LEGAL_REVIEW_REQUIRED;source_url=https://www.ghin.com/post-score/hole-by-hole/round-setup/23247,2026-09-20 00:00:00+00,NEEDS_VERIFICATION
COUNTRY CLUB DE CHAPALA,CHAPALA,Chapala,Jalisco,CHAPALA,BLUE,,72,,,6440 yd,YES,YES,OWNER_CATALOG_REVIEW,origin=GHIN;facility_id=review-club-90069c04174ef58c5d92;layout_id=25802;tee_id=ghin:25802:tee:0c706ff3441c;rating_rights=LEGAL_REVIEW_REQUIRED;source_url=https://www.ghin.com/post-score/hole-by-hole/round-setup/25802,2026-09-20 00:00:00+00,NEEDS_VERIFICATION
COUNTRY CLUB DE CHAPALA,CHAPALA,Chapala,Jalisco,CHAPALA,GREEN,,72,,,6037 yd,YES,YES,OWNER_CATALOG_REVIEW,origin=GHIN;facility_id=review-club-90069c04174ef58c5d92;layout_id=25802;tee_id=ghin:25802:tee:7d452567fc53;rating_rights=LEGAL_REVIEW_REQUIRED;source_url=https://www.ghin.com/post-score/hole-by-hole/round-setup/25802,2026-09-20 00:00:00+00,NEEDS_VERIFICATION
COUNTRY CLUB DE CHAPALA,CHAPALA,Chapala,Jalisco,CHAPALA,RED,,72,,,5224 yd,YES,YES,OWNER_CATALOG_REVIEW,origin=GHIN;facility_id=review-club-90069c04174ef58c5d92;layout_id=25802;tee_id=ghin:25802:tee:5b0e8d916909;rating_rights=LEGAL_REVIEW_REQUIRED;source_url=https://www.ghin.com/post-score/hole-by-hole/round-setup/25802,2026-09-20 00:00:00+00,NEEDS_VERIFICATION
COUNTRY CLUB DE CHAPALA,CHAPALA,Chapala,Jalisco,CHAPALA,WHITE,,72,,,5665 yd,YES,YES,OWNER_CATALOG_REVIEW,origin=GHIN;facility_id=review-club-90069c04174ef58c5d92;layout_id=25802;tee_id=ghin:25802:tee:e3eae62f13b9;rating_rights=LEGAL_REVIEW_REQUIRED;source_url=https://www.ghin.com/post-score/hole-by-hole/round-setup/25802,2026-09-20 00:00:00+00,NEEDS_VERIFICATION
COUNTRY CLUB DE CHAPALA,CHAPALA,Chapala,Jalisco,CHAPALA,YELLOW,,72,,,4676 yd,YES,YES,OWNER_CATALOG_REVIEW,origin=GHIN;facility_id=review-club-90069c04174ef58c5d92;layout_id=25802;tee_id=ghin:25802:tee:75e1e00a2de6;rating_rights=LEGAL_REVIEW_REQUIRED;source_url=https://www.ghin.com/post-score/hole-by-hole/round-setup/25802,2026-09-20 00:00:00+00,NEEDS_VERIFICATION
EL RIO COUNTRY CLUB,EL RIO,Guadalajara,Jalisco,EL RIO,AMARILLAS,,72,,,5947 yd,YES,YES,OWNER_CATALOG_REVIEW,origin=GHIN;facility_id=review-club-3c882a37c8b365d6f217;layout_id=23217;tee_id=ghin:23217:tee:a8797d9f33d8;rating_rights=LEGAL_REVIEW_REQUIRED;source_url=https://www.ghin.com/post-score/hole-by-hole/round-setup/23217,2026-09-20 00:00:00+00,NEEDS_VERIFICATION
EL RIO COUNTRY CLUB,EL RIO,Guadalajara,Jalisco,EL RIO,AZULES,,72,,,6954 yd,YES,YES,OWNER_CATALOG_REVIEW,origin=GHIN;facility_id=review-club-3c882a37c8b365d6f217;layout_id=23217;tee_id=ghin:23217:tee:a5be40b61705;rating_rights=LEGAL_REVIEW_REQUIRED;source_url=https://www.ghin.com/post-score/hole-by-hole/round-setup/23217,2026-09-20 00:00:00+00,NEEDS_VERIFICATION
EL RIO COUNTRY CLUB,EL RIO,Guadalajara,Jalisco,EL RIO,BLANCAS,,72,,,6494 yd,YES,YES,OWNER_CATALOG_REVIEW,origin=GHIN;facility_id=review-club-3c882a37c8b365d6f217;layout_id=23217;tee_id=ghin:23217:tee:ad652458406f;rating_rights=LEGAL_REVIEW_REQUIRED;source_url=https://www.ghin.com/post-score/hole-by-hole/round-setup/23217,2026-09-20 00:00:00+00,NEEDS_VERIFICATION
EL RIO COUNTRY CLUB,EL RIO,Guadalajara,Jalisco,EL RIO,NEGRAS,,72,,,7544 yd,YES,YES,OWNER_CATALOG_REVIEW,origin=GHIN;facility_id=review-club-3c882a37c8b365d6f217;layout_id=23217;tee_id=ghin:23217:tee:6b76f06adc0e;rating_rights=LEGAL_REVIEW_REQUIRED;source_url=https://www.ghin.com/post-score/hole-by-hole/round-setup/23217,2026-09-20 00:00:00+00,NEEDS_VERIFICATION
GUADALAJARA COUNTRY CLUB,GUADALAJARA,Guadalajara,Jalisco,GUADALAJARA,AZULES,,72,,,7003 yd,YES,YES,OWNER_CATALOG_REVIEW,origin=GHIN;facility_id=review-club-f6f28f2bfa1241117c53;layout_id=23155;tee_id=ghin:23155:tee:a5be40b61705;rating_rights=LEGAL_REVIEW_REQUIRED;source_url=https://www.ghin.com/post-score/hole-by-hole/round-setup/23155,2026-09-20 00:00:00+00,NEEDS_VERIFICATION
GUADALAJARA COUNTRY CLUB,GUADALAJARA,Guadalajara,Jalisco,GUADALAJARA,BLANCAS,,72,,,6484 yd,YES,YES,OWNER_CATALOG_REVIEW,origin=GHIN;facility_id=review-club-f6f28f2bfa1241117c53;layout_id=23155;tee_id=ghin:23155:tee:ad652458406f;rating_rights=LEGAL_REVIEW_REQUIRED;source_url=https://www.ghin.com/post-score/hole-by-hole/round-setup/23155,2026-09-20 00:00:00+00,NEEDS_VERIFICATION
GUADALAJARA COUNTRY CLUB,GUADALAJARA,Guadalajara,Jalisco,GUADALAJARA,DORADAS,,72,,,5908 yd,YES,YES,OWNER_CATALOG_REVIEW,origin=GHIN;facility_id=review-club-f6f28f2bfa1241117c53;layout_id=23155;tee_id=ghin:23155:tee:468e7646a10f;rating_rights=LEGAL_REVIEW_REQUIRED;source_url=https://www.ghin.com/post-score/hole-by-hole/round-setup/23155,2026-09-20 00:00:00+00,NEEDS_VERIFICATION
GUADALAJARA COUNTRY CLUB,GUADALAJARA,Guadalajara,Jalisco,GUADALAJARA,Eucalipto D/R,,72,,,5623 yd,YES,YES,OWNER_CATALOG_REVIEW,origin=GHIN;facility_id=review-club-f6f28f2bfa1241117c53;layout_id=23155;tee_id=ghin:23155:tee:1e7be371463a;rating_rights=LEGAL_REVIEW_REQUIRED;source_url=https://www.ghin.com/post-score/hole-by-hole/round-setup/23155,2026-09-20 00:00:00+00,NEEDS_VERIFICATION
GUADALAJARA COUNTRY CLUB,GUADALAJARA,Guadalajara,Jalisco,GUADALAJARA,Fresno A/B/D,,72,,,6538 yd,YES,YES,OWNER_CATALOG_REVIEW,origin=GHIN;facility_id=review-club-f6f28f2bfa1241117c53;layout_id=23155;tee_id=ghin:23155:tee:a230bcba9961;rating_rights=LEGAL_REVIEW_REQUIRED;source_url=https://www.ghin.com/post-score/hole-by-hole/round-setup/23155,2026-09-20 00:00:00+00,NEEDS_VERIFICATION
GUADALAJARA COUNTRY CLUB,GUADALAJARA,Guadalajara,Jalisco,GUADALAJARA,Galeana A/B/D,,72,,,6469 yd,YES,YES,OWNER_CATALOG_REVIEW,origin=GHIN;facility_id=review-club-f6f28f2bfa1241117c53;layout_id=23155;tee_id=ghin:23155:tee:54deb7ab608c;rating_rights=LEGAL_REVIEW_REQUIRED;source_url=https://www.ghin.com/post-score/hole-by-hole/round-setup/23155,2026-09-20 00:00:00+00,NEEDS_VERIFICATION
GUADALAJARA COUNTRY CLUB,GUADALAJARA,Guadalajara,Jalisco,GUADALAJARA,Jacaranda B/R,,72,,,5880 yd,YES,YES,OWNER_CATALOG_REVIEW,origin=GHIN;facility_id=review-club-f6f28f2bfa1241117c53;layout_id=23155;tee_id=ghin:23155:tee:990fd397e58e;rating_rights=LEGAL_REVIEW_REQUIRED;source_url=https://www.ghin.com/post-score/hole-by-hole/round-setup/23155,2026-09-20 00:00:00+00,NEEDS_VERIFICATION
GUADALAJARA COUNTRY CLUB,GUADALAJARA,Guadalajara,Jalisco,GUADALAJARA,Magnolia A/B,,72,,,6682 yd,YES,YES,OWNER_CATALOG_REVIEW,origin=GHIN;facility_id=review-club-f6f28f2bfa1241117c53;layout_id=23155;tee_id=ghin:23155:tee:4931a6a8bc54;rating_rights=LEGAL_REVIEW_REQUIRED;source_url=https://www.ghin.com/post-score/hole-by-hole/round-setup/23155,2026-09-20 00:00:00+00,NEEDS_VERIFICATION
GUADALAJARA COUNTRY CLUB,GUADALAJARA,Guadalajara,Jalisco,GUADALAJARA,Primavera D/V,,72,,,5216 yd,YES,YES,OWNER_CATALOG_REVIEW,origin=GHIN;facility_id=review-club-f6f28f2bfa1241117c53;layout_id=23155;tee_id=ghin:23155:tee:eff06373eb9f;rating_rights=LEGAL_REVIEW_REQUIRED;source_url=https://www.ghin.com/post-score/hole-by-hole/round-setup/23155,2026-09-20 00:00:00+00,NEEDS_VERIFICATION
GUADALAJARA COUNTRY CLUB,GUADALAJARA,Guadalajara,Jalisco,GUADALAJARA,ROJAS,,72,,,5350 yd,YES,YES,OWNER_CATALOG_REVIEW,origin=GHIN;facility_id=review-club-f6f28f2bfa1241117c53;layout_id=23155;tee_id=ghin:23155:tee:bf9b9ce0bd10;rating_rights=LEGAL_REVIEW_REQUIRED;source_url=https://www.ghin.com/post-score/hole-by-hole/round-setup/23155,2026-09-20 00:00:00+00,NEEDS_VERIFICATION
GUADALAJARA COUNTRY CLUB,GUADALAJARA,Guadalajara,Jalisco,GUADALAJARA,Sabino B/D,,72,,,6179 yd,YES,YES,OWNER_CATALOG_REVIEW,origin=GHIN;facility_id=review-club-f6f28f2bfa1241117c53;layout_id=23155;tee_id=ghin:23155:tee:8807f9ad1574;rating_rights=LEGAL_REVIEW_REQUIRED;source_url=https://www.ghin.com/post-score/hole-by-hole/round-setup/23155,2026-09-20 00:00:00+00,NEEDS_VERIFICATION
GUADALAJARA COUNTRY CLUB,GUADALAJARA,Guadalajara,Jalisco,GUADALAJARA,Tabachin R/V,,72,,,5000 yd,YES,YES,OWNER_CATALOG_REVIEW,origin=GHIN;facility_id=review-club-f6f28f2bfa1241117c53;layout_id=23155;tee_id=ghin:23155:tee:bc6865dd5823;rating_rights=LEGAL_REVIEW_REQUIRED;source_url=https://www.ghin.com/post-score/hole-by-hole/round-setup/23155,2026-09-20 00:00:00+00,NEEDS_VERIFICATION
GUADALAJARA COUNTRY CLUB,GUADALAJARA,Guadalajara,Jalisco,GUADALAJARA,VERDES,,72,,,4691 yd,YES,YES,OWNER_CATALOG_REVIEW,origin=GHIN;facility_id=review-club-f6f28f2bfa1241117c53;layout_id=23155;tee_id=ghin:23155:tee:8a0a66f1d328;rating_rights=LEGAL_REVIEW_REQUIRED;source_url=https://www.ghin.com/post-score/hole-by-hole/round-setup/23155,2026-09-20 00:00:00+00,NEEDS_VERIFICATION
MARINA VALLARTA CLUB DE GOLF,El Financiero,Puerto Vallarta,Jalisco,El Financiero,AMARILLAS,,71,,,5245 yd,YES,YES,OWNER_CATALOG_REVIEW,origin=GHIN;facility_id=review-club-d4af079bcdf30c33c848;layout_id=23166;tee_id=ghin:23166:tee:a8797d9f33d8;rating_rights=LEGAL_REVIEW_REQUIRED;source_url=https://www.ghin.com/post-score/hole-by-hole/round-setup/23166,2026-09-20 00:00:00+00,NEEDS_VERIFICATION
MARINA VALLARTA CLUB DE GOLF,El Financiero,Puerto Vallarta,Jalisco,El Financiero,AZULES,,71,,,6573 yd,YES,YES,OWNER_CATALOG_REVIEW,origin=GHIN;facility_id=review-club-d4af079bcdf30c33c848;layout_id=23166;tee_id=ghin:23166:tee:a5be40b61705;rating_rights=LEGAL_REVIEW_REQUIRED;source_url=https://www.ghin.com/post-score/hole-by-hole/round-setup/23166,2026-09-20 00:00:00+00,NEEDS_VERIFICATION
MARINA VALLARTA CLUB DE GOLF,El Financiero,Puerto Vallarta,Jalisco,El Financiero,BLANCAS,,71,,,6044 yd,YES,YES,OWNER_CATALOG_REVIEW,origin=GHIN;facility_id=review-club-d4af079bcdf30c33c848;layout_id=23166;tee_id=ghin:23166:tee:ad652458406f;rating_rights=LEGAL_REVIEW_REQUIRED;source_url=https://www.ghin.com/post-score/hole-by-hole/round-setup/23166,2026-09-20 00:00:00+00,NEEDS_VERIFICATION
CLUB DE GOLF SANTA ANITA,SANTA ANITA,Tlajomulco De Zúñiga,Jalisco,SANTA ANITA,AZULES,,72,,,6881 yd,YES,YES,OWNER_CATALOG_REVIEW,origin=GHIN;facility_id=review-club-2f5e550188d0c375667f;layout_id=23208;tee_id=ghin:23208:tee:a5be40b61705;rating_rights=LEGAL_REVIEW_REQUIRED;source_url=https://www.ghin.com/post-score/hole-by-hole/round-setup/23208,2026-09-20 00:00:00+00,NEEDS_VERIFICATION
CLUB DE GOLF SANTA ANITA,SANTA ANITA,Tlajomulco De Zúñiga,Jalisco,SANTA ANITA,BLANCAS,,72,,,6557 yd,YES,YES,OWNER_CATALOG_REVIEW,origin=GHIN;facility_id=review-club-2f5e550188d0c375667f;layout_id=23208;tee_id=ghin:23208:tee:ad652458406f;rating_rights=LEGAL_REVIEW_REQUIRED;source_url=https://www.ghin.com/post-score/hole-by-hole/round-setup/23208,2026-09-20 00:00:00+00,NEEDS_VERIFICATION
CLUB DE GOLF SANTA ANITA,SANTA ANITA,Tlajomulco De Zúñiga,Jalisco,SANTA ANITA,DORADAS,,72,,,6096 yd,YES,YES,OWNER_CATALOG_REVIEW,origin=GHIN;facility_id=review-club-2f5e550188d0c375667f;layout_id=23208;tee_id=ghin:23208:tee:468e7646a10f;rating_rights=LEGAL_REVIEW_REQUIRED;source_url=https://www.ghin.com/post-score/hole-by-hole/round-setup/23208,2026-09-20 00:00:00+00,NEEDS_VERIFICATION
CLUB DE GOLF SANTA ANITA,SANTA ANITA,Tlajomulco De Zúñiga,Jalisco,SANTA ANITA,PLATEADAS,,72,,,5447 yd,YES,YES,OWNER_CATALOG_REVIEW,origin=GHIN;facility_id=review-club-2f5e550188d0c375667f;layout_id=23208;tee_id=ghin:23208:tee:0bc30df9398a;rating_rights=LEGAL_REVIEW_REQUIRED;source_url=https://www.ghin.com/post-score/hole-by-hole/round-setup/23208,2026-09-20 00:00:00+00,NEEDS_VERIFICATION
EL CIELO COUNTRY CLUB,El Cielo,Tlajomulco De Zúñiga,Jalisco,El Cielo,AZULES,,72,,,6763 yd,YES,YES,OWNER_CATALOG_REVIEW,origin=GHIN;facility_id=review-club-938a0e48a5e83518615a;layout_id=24705;tee_id=ghin:24705:tee:a5be40b61705;rating_rights=LEGAL_REVIEW_REQUIRED;source_url=https://www.ghin.com/post-score/hole-by-hole/round-setup/24705,2026-09-20 00:00:00+00,NEEDS_VERIFICATION
EL CIELO COUNTRY CLUB,El Cielo,Tlajomulco De Zúñiga,Jalisco,El Cielo,BLANCAS,,72,,,6464 yd,YES,YES,OWNER_CATALOG_REVIEW,origin=GHIN;facility_id=review-club-938a0e48a5e83518615a;layout_id=24705;tee_id=ghin:24705:tee:ad652458406f;rating_rights=LEGAL_REVIEW_REQUIRED;source_url=https://www.ghin.com/post-score/hole-by-hole/round-setup/24705,2026-09-20 00:00:00+00,NEEDS_VERIFICATION
EL CIELO COUNTRY CLUB,El Cielo,Tlajomulco De Zúñiga,Jalisco,El Cielo,DORADAS,,72,,,5325 yd,YES,YES,OWNER_CATALOG_REVIEW,origin=GHIN;facility_id=review-club-938a0e48a5e83518615a;layout_id=24705;tee_id=ghin:24705:tee:468e7646a10f;rating_rights=LEGAL_REVIEW_REQUIRED;source_url=https://www.ghin.com/post-score/hole-by-hole/round-setup/24705,2026-09-20 00:00:00+00,NEEDS_VERIFICATION
CLUB DE GOLF VALLE IMPERIAL,VALLE IMPERIAL,Zapopan,Jalisco,VALLE IMPERIAL,AZULES,,72,,,7052 yd,YES,YES,OWNER_CATALOG_REVIEW,origin=GHIN;facility_id=review-club-12c2c266c042a5e2e01e;layout_id=23424;tee_id=ghin:23424:tee:a5be40b61705;rating_rights=LEGAL_REVIEW_REQUIRED;source_url=https://www.ghin.com/post-score/hole-by-hole/round-setup/23424,2026-09-20 00:00:00+00,NEEDS_VERIFICATION
CLUB DE GOLF VALLE IMPERIAL,VALLE IMPERIAL,Zapopan,Jalisco,VALLE IMPERIAL,BLANCAS,,72,,,6562 yd,YES,YES,OWNER_CATALOG_REVIEW,origin=GHIN;facility_id=review-club-12c2c266c042a5e2e01e;layout_id=23424;tee_id=ghin:23424:tee:ad652458406f;rating_rights=LEGAL_REVIEW_REQUIRED;source_url=https://www.ghin.com/post-score/hole-by-hole/round-setup/23424,2026-09-20 00:00:00+00,NEEDS_VERIFICATION
CLUB DE GOLF VALLE IMPERIAL,VALLE IMPERIAL,Zapopan,Jalisco,VALLE IMPERIAL,DORADAS,,72,,,5984 yd,YES,YES,OWNER_CATALOG_REVIEW,origin=GHIN;facility_id=review-club-12c2c266c042a5e2e01e;layout_id=23424;tee_id=ghin:23424:tee:468e7646a10f;rating_rights=LEGAL_REVIEW_REQUIRED;source_url=https://www.ghin.com/post-score/hole-by-hole/round-setup/23424,2026-09-20 00:00:00+00,NEEDS_VERIFICATION
CLUB DE GOLF VALLE IMPERIAL,VALLE IMPERIAL,Zapopan,Jalisco,VALLE IMPERIAL,NEGRAS,,72,,,7230 yd,YES,YES,OWNER_CATALOG_REVIEW,origin=GHIN;facility_id=review-club-12c2c266c042a5e2e01e;layout_id=23424;tee_id=ghin:23424:tee:6b76f06adc0e;rating_rights=LEGAL_REVIEW_REQUIRED;source_url=https://www.ghin.com/post-score/hole-by-hole/round-setup/23424,2026-09-20 00:00:00+00,NEEDS_VERIFICATION
LAS CAÑADAS COUNTRY CLUB,LAS CAÑADAS,Zapopan,Jalisco,LAS CAÑADAS,AZULES,,72,,,6731 yd,YES,YES,OWNER_CATALOG_REVIEW,origin=GHIN;facility_id=review-club-d0a70de3423dd61ef85c;layout_id=28330;tee_id=ghin:28330:tee:a5be40b61705;rating_rights=LEGAL_REVIEW_REQUIRED;source_url=https://www.ghin.com/post-score/hole-by-hole/round-setup/28330,2026-09-20 00:00:00+00,NEEDS_VERIFICATION
LAS CAÑADAS COUNTRY CLUB,LAS CAÑADAS,Zapopan,Jalisco,LAS CAÑADAS,BLANCAS,,72,,,6352 yd,YES,YES,OWNER_CATALOG_REVIEW,origin=GHIN;facility_id=review-club-d0a70de3423dd61ef85c;layout_id=28330;tee_id=ghin:28330:tee:ad652458406f;rating_rights=LEGAL_REVIEW_REQUIRED;source_url=https://www.ghin.com/post-score/hole-by-hole/round-setup/28330,2026-09-20 00:00:00+00,NEEDS_VERIFICATION
LAS CAÑADAS COUNTRY CLUB,LAS CAÑADAS,Zapopan,Jalisco,LAS CAÑADAS,DORADAS,,72,,,5416 yd,YES,YES,OWNER_CATALOG_REVIEW,origin=GHIN;facility_id=review-club-d0a70de3423dd61ef85c;layout_id=28330;tee_id=ghin:28330:tee:468e7646a10f;rating_rights=LEGAL_REVIEW_REQUIRED;source_url=https://www.ghin.com/post-score/hole-by-hole/round-setup/28330,2026-09-20 00:00:00+00,NEEDS_VERIFICATION
CLUB CAMPESTRE DE MORELIA,CLUB CAMPESTRE DE MORELIA,Morelia,Michoacán,CLUB CAMPESTRE DE MORELIA,AZULES,,72,,,6754 yd,YES,YES,OWNER_CATALOG_REVIEW,origin=GHIN;facility_id=review-club-c21e5a2787fcdec312d9;layout_id=25735;tee_id=ghin:25735:tee:a5be40b61705;rating_rights=LEGAL_REVIEW_REQUIRED;source_url=https://www.ghin.com/post-score/hole-by-hole/round-setup/25735,2026-09-20 00:00:00+00,NEEDS_VERIFICATION
CLUB CAMPESTRE DE MORELIA,CLUB CAMPESTRE DE MORELIA,Morelia,Michoacán,CLUB CAMPESTRE DE MORELIA,BLANCAS,,72,,,6508 yd,YES,YES,OWNER_CATALOG_REVIEW,origin=GHIN;facility_id=review-club-c21e5a2787fcdec312d9;layout_id=25735;tee_id=ghin:25735:tee:ad652458406f;rating_rights=LEGAL_REVIEW_REQUIRED;source_url=https://www.ghin.com/post-score/hole-by-hole/round-setup/25735,2026-09-20 00:00:00+00,NEEDS_VERIFICATION
CLUB CAMPESTRE DE MORELIA,CLUB CAMPESTRE DE MORELIA,Morelia,Michoacán,CLUB CAMPESTRE DE MORELIA,DORADAS,,72,,,6106 yd,YES,YES,OWNER_CATALOG_REVIEW,origin=GHIN;facility_id=review-club-c21e5a2787fcdec312d9;layout_id=25735;tee_id=ghin:25735:tee:468e7646a10f;rating_rights=LEGAL_REVIEW_REQUIRED;source_url=https://www.ghin.com/post-score/hole-by-hole/round-setup/25735,2026-09-20 00:00:00+00,NEEDS_VERIFICATION
CLUB DE GOLF TRES MARIAS,EL DESAFIO,Morelia,Michoacán,EL DESAFIO,AZULES,,72,,,6751 yd,YES,YES,OWNER_CATALOG_REVIEW,origin=GHIN;facility_id=review-club-6f4d7e8a3e095534eb20;layout_id=26425;tee_id=ghin:26425:tee:a5be40b61705;rating_rights=LEGAL_REVIEW_REQUIRED;source_url=https://www.ghin.com/post-score/hole-by-hole/round-setup/26425,2026-09-20 00:00:00+00,NEEDS_VERIFICATION
CLUB DE GOLF TRES MARIAS,EL DESAFIO,Morelia,Michoacán,EL DESAFIO,BLANCAS,,72,,,6142 yd,YES,YES,OWNER_CATALOG_REVIEW,origin=GHIN;facility_id=review-club-6f4d7e8a3e095534eb20;layout_id=26425;tee_id=ghin:26425:tee:ad652458406f;rating_rights=LEGAL_REVIEW_REQUIRED;source_url=https://www.ghin.com/post-score/hole-by-hole/round-setup/26425,2026-09-20 00:00:00+00,NEEDS_VERIFICATION
CLUB DE GOLF TRES MARIAS,EL DESAFIO,Morelia,Michoacán,EL DESAFIO,DORADAS,,72,,,5226 yd,YES,YES,OWNER_CATALOG_REVIEW,origin=GHIN;facility_id=review-club-6f4d7e8a3e095534eb20;layout_id=26425;tee_id=ghin:26425:tee:468e7646a10f;rating_rights=LEGAL_REVIEW_REQUIRED;source_url=https://www.ghin.com/post-score/hole-by-hole/round-setup/26425,2026-09-20 00:00:00+00,NEEDS_VERIFICATION
CLUB DE GOLF TRES MARIAS,EL DESAFIO,Morelia,Michoacán,EL DESAFIO,NEGRAS,,72,,,7201 yd,YES,YES,OWNER_CATALOG_REVIEW,origin=GHIN;facility_id=review-club-6f4d7e8a3e095534eb20;layout_id=26425;tee_id=ghin:26425:tee:6b76f06adc0e;rating_rights=LEGAL_REVIEW_REQUIRED;source_url=https://www.ghin.com/post-score/hole-by-hole/round-setup/26425,2026-09-20 00:00:00+00,NEEDS_VERIFICATION
CLUB DE GOLF TRES MARIAS,EL RETO,Morelia,Michoacán,EL RETO,AZULES,,72,,,6955 yd,YES,YES,OWNER_CATALOG_REVIEW,origin=GHIN;facility_id=review-club-6f4d7e8a3e095534eb20;layout_id=23163;tee_id=ghin:23163:tee:a5be40b61705;rating_rights=LEGAL_REVIEW_REQUIRED;source_url=https://www.ghin.com/post-score/hole-by-hole/round-setup/23163,2026-09-20 00:00:00+00,NEEDS_VERIFICATION
CLUB DE GOLF TRES MARIAS,EL RETO,Morelia,Michoacán,EL RETO,BLANCAS,,72,,,6461 yd,YES,YES,OWNER_CATALOG_REVIEW,origin=GHIN;facility_id=review-club-6f4d7e8a3e095534eb20;layout_id=23163;tee_id=ghin:23163:tee:ad652458406f;rating_rights=LEGAL_REVIEW_REQUIRED;source_url=https://www.ghin.com/post-score/hole-by-hole/round-setup/23163,2026-09-20 00:00:00+00,NEEDS_VERIFICATION
CLUB DE GOLF TRES MARIAS,EL RETO,Morelia,Michoacán,EL RETO,DORADAS,,72,,,5877 yd,YES,YES,OWNER_CATALOG_REVIEW,origin=GHIN;facility_id=review-club-6f4d7e8a3e095534eb20;layout_id=23163;tee_id=ghin:23163:tee:468e7646a10f;rating_rights=LEGAL_REVIEW_REQUIRED;source_url=https://www.ghin.com/post-score/hole-by-hole/round-setup/23163,2026-09-20 00:00:00+00,NEEDS_VERIFICATION
CLUB DE GOLF TRES MARIAS,EL RETO,Morelia,Michoacán,EL RETO,NEGRAS,,72,,,7254 yd,YES,YES,OWNER_CATALOG_REVIEW,origin=GHIN;facility_id=review-club-6f4d7e8a3e095534eb20;layout_id=23163;tee_id=ghin:23163:tee:6b76f06adc0e;rating_rights=LEGAL_REVIEW_REQUIRED;source_url=https://www.ghin.com/post-score/hole-by-hole/round-setup/23163,2026-09-20 00:00:00+00,NEEDS_VERIFICATION
CLUB DE GOLF TRES MARIAS,FRONT / BACK BACK,Morelia,Michoacán,FRONT / BACK BACK,AZULES,,72,,,6770 yd,YES,YES,OWNER_CATALOG_REVIEW,origin=GHIN;facility_id=review-club-6f4d7e8a3e095534eb20;layout_id=26483;tee_id=ghin:26483:tee:a5be40b61705;rating_rights=LEGAL_REVIEW_REQUIRED;source_url=https://www.ghin.com/post-score/hole-by-hole/round-setup/26483,2026-09-20 00:00:00+00,NEEDS_VERIFICATION
CLUB DE GOLF TRES MARIAS,FRONT / BACK BACK,Morelia,Michoacán,FRONT / BACK BACK,BLANCAS,,72,,,6177 yd,YES,YES,OWNER_CATALOG_REVIEW,origin=GHIN;facility_id=review-club-6f4d7e8a3e095534eb20;layout_id=26483;tee_id=ghin:26483:tee:ad652458406f;rating_rights=LEGAL_REVIEW_REQUIRED;source_url=https://www.ghin.com/post-score/hole-by-hole/round-setup/26483,2026-09-20 00:00:00+00,NEEDS_VERIFICATION
CLUB DE GOLF TRES MARIAS,FRONT / BACK BACK,Morelia,Michoacán,FRONT / BACK BACK,DORADAS,,72,,,5337 yd,YES,YES,OWNER_CATALOG_REVIEW,origin=GHIN;facility_id=review-club-6f4d7e8a3e095534eb20;layout_id=26483;tee_id=ghin:26483:tee:468e7646a10f;rating_rights=LEGAL_REVIEW_REQUIRED;source_url=https://www.ghin.com/post-score/hole-by-hole/round-setup/26483,2026-09-20 00:00:00+00,NEEDS_VERIFICATION
CLUB DE GOLF TRES MARIAS,FRONT / BACK BACK,Morelia,Michoacán,FRONT / BACK BACK,NEGRAS,,72,,,7157 yd,YES,YES,OWNER_CATALOG_REVIEW,origin=GHIN;facility_id=review-club-6f4d7e8a3e095534eb20;layout_id=26483;tee_id=ghin:26483:tee:6b76f06adc0e;rating_rights=LEGAL_REVIEW_REQUIRED;source_url=https://www.ghin.com/post-score/hole-by-hole/round-setup/26483,2026-09-20 00:00:00+00,NEEDS_VERIFICATION
CLUB DE GOLF TRES MARIAS,FRONT / FRONT,Morelia,Michoacán,FRONT / FRONT,AZULES,,72,,,6974 yd,YES,YES,OWNER_CATALOG_REVIEW,origin=GHIN;facility_id=review-club-6f4d7e8a3e095534eb20;layout_id=26465;tee_id=ghin:26465:tee:a5be40b61705;rating_rights=LEGAL_REVIEW_REQUIRED;source_url=https://www.ghin.com/post-score/hole-by-hole/round-setup/26465,2026-09-20 00:00:00+00,NEEDS_VERIFICATION
CLUB DE GOLF TRES MARIAS,FRONT / FRONT,Morelia,Michoacán,FRONT / FRONT,BLANCAS,,72,,,6496 yd,YES,YES,OWNER_CATALOG_REVIEW,origin=GHIN;facility_id=review-club-6f4d7e8a3e095534eb20;layout_id=26465;tee_id=ghin:26465:tee:ad652458406f;rating_rights=LEGAL_REVIEW_REQUIRED;source_url=https://www.ghin.com/post-score/hole-by-hole/round-setup/26465,2026-09-20 00:00:00+00,NEEDS_VERIFICATION
CLUB DE GOLF TRES MARIAS,FRONT / FRONT,Morelia,Michoacán,FRONT / FRONT,DORADAS,,72,,,5988 yd,YES,YES,OWNER_CATALOG_REVIEW,origin=GHIN;facility_id=review-club-6f4d7e8a3e095534eb20;layout_id=26465;tee_id=ghin:26465:tee:468e7646a10f;rating_rights=LEGAL_REVIEW_REQUIRED;source_url=https://www.ghin.com/post-score/hole-by-hole/round-setup/26465,2026-09-20 00:00:00+00,NEEDS_VERIFICATION
CLUB DE GOLF TRES MARIAS,FRONT / FRONT,Morelia,Michoacán,FRONT / FRONT,NEGRAS,,72,,,7210 yd,YES,YES,OWNER_CATALOG_REVIEW,origin=GHIN;facility_id=review-club-6f4d7e8a3e095534eb20;layout_id=26465;tee_id=ghin:26465:tee:6b76f06adc0e;rating_rights=LEGAL_REVIEW_REQUIRED;source_url=https://www.ghin.com/post-score/hole-by-hole/round-setup/26465,2026-09-20 00:00:00+00,NEEDS_VERIFICATION
GOLF BOSQUE MONARCA,ALTOZANO,Morelia,Michoacán,ALTOZANO,AZULES,,72,,,7034 yd,YES,YES,OWNER_CATALOG_REVIEW,origin=GHIN;facility_id=review-club-dafed95400698eb510c0;layout_id=23203;tee_id=ghin:23203:tee:a5be40b61705;rating_rights=LEGAL_REVIEW_REQUIRED;source_url=https://www.ghin.com/post-score/hole-by-hole/round-setup/23203,2026-09-20 00:00:00+00,NEEDS_VERIFICATION
GOLF BOSQUE MONARCA,ALTOZANO,Morelia,Michoacán,ALTOZANO,BLANCAS,,72,,,6483 yd,YES,YES,OWNER_CATALOG_REVIEW,origin=GHIN;facility_id=review-club-dafed95400698eb510c0;layout_id=23203;tee_id=ghin:23203:tee:ad652458406f;rating_rights=LEGAL_REVIEW_REQUIRED;source_url=https://www.ghin.com/post-score/hole-by-hole/round-setup/23203,2026-09-20 00:00:00+00,NEEDS_VERIFICATION
GOLF BOSQUE MONARCA,ALTOZANO,Morelia,Michoacán,ALTOZANO,DORADAS,,72,,,5913 yd,YES,YES,OWNER_CATALOG_REVIEW,origin=GHIN;facility_id=review-club-dafed95400698eb510c0;layout_id=23203;tee_id=ghin:23203:tee:468e7646a10f;rating_rights=LEGAL_REVIEW_REQUIRED;source_url=https://www.ghin.com/post-score/hole-by-hole/round-setup/23203,2026-09-20 00:00:00+00,NEEDS_VERIFICATION
GOLF BOSQUE MONARCA,ALTOZANO,Morelia,Michoacán,ALTOZANO,NEGRAS,,72,,,7379 yd,YES,YES,OWNER_CATALOG_REVIEW,origin=GHIN;facility_id=review-club-dafed95400698eb510c0;layout_id=23203;tee_id=ghin:23203:tee:6b76f06adc0e;rating_rights=LEGAL_REVIEW_REQUIRED;source_url=https://www.ghin.com/post-score/hole-by-hole/round-setup/23203,2026-09-20 00:00:00+00,NEEDS_VERIFICATION
CLUB CAMPESTRE ERANDENI,ERANDENI,Tarímbaro,Michoacán,ERANDENI,AZULES,,72,,,6925 yd,YES,YES,OWNER_CATALOG_REVIEW,origin=GHIN;facility_id=review-club-da7efb0af4a5af4df304;layout_id=34178;tee_id=ghin:34178:tee:a5be40b61705;rating_rights=LEGAL_REVIEW_REQUIRED;source_url=https://www.ghin.com/post-score/hole-by-hole/round-setup/34178,2026-09-20 00:00:00+00,NEEDS_VERIFICATION
CLUB CAMPESTRE ERANDENI,ERANDENI,Tarímbaro,Michoacán,ERANDENI,BLANCAS,,72,,,6389 yd,YES,YES,OWNER_CATALOG_REVIEW,origin=GHIN;facility_id=review-club-da7efb0af4a5af4df304;layout_id=34178;tee_id=ghin:34178:tee:ad652458406f;rating_rights=LEGAL_REVIEW_REQUIRED;source_url=https://www.ghin.com/post-score/hole-by-hole/round-setup/34178,2026-09-20 00:00:00+00,NEEDS_VERIFICATION
CLUB CAMPESTRE ERANDENI,ERANDENI,Tarímbaro,Michoacán,ERANDENI,DORADAS,,72,,,5779 yd,YES,YES,OWNER_CATALOG_REVIEW,origin=GHIN;facility_id=review-club-da7efb0af4a5af4df304;layout_id=34178;tee_id=ghin:34178:tee:468e7646a10f;rating_rights=LEGAL_REVIEW_REQUIRED;source_url=https://www.ghin.com/post-score/hole-by-hole/round-setup/34178,2026-09-20 00:00:00+00,NEEDS_VERIFICATION
HACIENDA CANTALAGUA COUNTRY CLUB,HACIENDA CANTALAGUA,Tepetongo Contepec,Michoacán,HACIENDA CANTALAGUA,AZULES,,72,,,7086 yd,YES,YES,OWNER_CATALOG_REVIEW,origin=GHIN;facility_id=review-club-692d89f9a68d8753f5f4;layout_id=23184;tee_id=ghin:23184:tee:a5be40b61705;rating_rights=LEGAL_REVIEW_REQUIRED;source_url=https://www.ghin.com/post-score/hole-by-hole/round-setup/23184,2026-09-20 00:00:00+00,NEEDS_VERIFICATION
HACIENDA CANTALAGUA COUNTRY CLUB,HACIENDA CANTALAGUA,Tepetongo Contepec,Michoacán,HACIENDA CANTALAGUA,BLANCAS,,72,,,6651 yd,YES,YES,OWNER_CATALOG_REVIEW,origin=GHIN;facility_id=review-club-692d89f9a68d8753f5f4;layout_id=23184;tee_id=ghin:23184:tee:ad652458406f;rating_rights=LEGAL_REVIEW_REQUIRED;source_url=https://www.ghin.com/post-score/hole-by-hole/round-setup/23184,2026-09-20 00:00:00+00,NEEDS_VERIFICATION
HACIENDA CANTALAGUA COUNTRY CLUB,HACIENDA CANTALAGUA,Tepetongo Contepec,Michoacán,HACIENDA CANTALAGUA,DORADAS,,72,,,5887 yd,YES,YES,OWNER_CATALOG_REVIEW,origin=GHIN;facility_id=review-club-692d89f9a68d8753f5f4;layout_id=23184;tee_id=ghin:23184:tee:468e7646a10f;rating_rights=LEGAL_REVIEW_REQUIRED;source_url=https://www.ghin.com/post-score/hole-by-hole/round-setup/23184,2026-09-20 00:00:00+00,NEEDS_VERIFICATION
CENTRO ASTURIANO DE MEXICO,Principado,Atlatlahucan,Morelos,Principado,AMARILLAS,,72,,,6312 yd,YES,YES,OWNER_CATALOG_REVIEW,origin=GHIN;facility_id=review-club-e2a342527f9ef2f39d59;layout_id=23202;tee_id=ghin:23202:tee:a8797d9f33d8;rating_rights=LEGAL_REVIEW_REQUIRED;source_url=https://www.ghin.com/post-score/hole-by-hole/round-setup/23202,2026-09-20 00:00:00+00,NEEDS_VERIFICATION
CENTRO ASTURIANO DE MEXICO,Principado,Atlatlahucan,Morelos,Principado,AZULES,,72,,,7668 yd,YES,YES,OWNER_CATALOG_REVIEW,origin=GHIN;facility_id=review-club-e2a342527f9ef2f39d59;layout_id=23202;tee_id=ghin:23202:tee:a5be40b61705;rating_rights=LEGAL_REVIEW_REQUIRED;source_url=https://www.ghin.com/post-score/hole-by-hole/round-setup/23202,2026-09-20 00:00:00+00,NEEDS_VERIFICATION
CENTRO ASTURIANO DE MEXICO,Principado,Atlatlahucan,Morelos,Principado,BLANCAS,,72,,,6869 yd,YES,YES,OWNER_CATALOG_REVIEW,origin=GHIN;facility_id=review-club-e2a342527f9ef2f39d59;layout_id=23202;tee_id=ghin:23202:tee:ad652458406f;rating_rights=LEGAL_REVIEW_REQUIRED;source_url=https://www.ghin.com/post-score/hole-by-hole/round-setup/23202,2026-09-20 00:00:00+00,NEEDS_VERIFICATION
CENTRO ASTURIANO DE MEXICO,Principado,Atlatlahucan,Morelos,Principado,PLATEADAS,,72,,,5098 yd,YES,YES,OWNER_CATALOG_REVIEW,origin=GHIN;facility_id=review-club-e2a342527f9ef2f39d59;layout_id=23202;tee_id=ghin:23202:tee:0bc30df9398a;rating_rights=LEGAL_REVIEW_REQUIRED;source_url=https://www.ghin.com/post-score/hole-by-hole/round-setup/23202,2026-09-20 00:00:00+00,NEEDS_VERIFICATION
CLUB CAMPESTRE LOMAS DE COCOYOC,LOMAS DE COCOYOC,Atlatlahucan,Morelos,LOMAS DE COCOYOC,AZULES,,72,,,6744 yd,YES,YES,OWNER_CATALOG_REVIEW,origin=GHIN;facility_id=review-club-38f5bdbb30eb97a4baee;layout_id=23493;tee_id=ghin:23493:tee:a5be40b61705;rating_rights=LEGAL_REVIEW_REQUIRED;source_url=https://www.ghin.com/post-score/hole-by-hole/round-setup/23493,2026-09-20 00:00:00+00,NEEDS_VERIFICATION
CLUB CAMPESTRE LOMAS DE COCOYOC,LOMAS DE COCOYOC,Atlatlahucan,Morelos,LOMAS DE COCOYOC,BLANCAS,,72,,,6315 yd,YES,YES,OWNER_CATALOG_REVIEW,origin=GHIN;facility_id=review-club-38f5bdbb30eb97a4baee;layout_id=23493;tee_id=ghin:23493:tee:ad652458406f;rating_rights=LEGAL_REVIEW_REQUIRED;source_url=https://www.ghin.com/post-score/hole-by-hole/round-setup/23493,2026-09-20 00:00:00+00,NEEDS_VERIFICATION
CLUB CAMPESTRE LOMAS DE COCOYOC,LOMAS DE COCOYOC,Atlatlahucan,Morelos,LOMAS DE COCOYOC,DORADAS,,72,,,5845 yd,YES,YES,OWNER_CATALOG_REVIEW,origin=GHIN;facility_id=review-club-38f5bdbb30eb97a4baee;layout_id=23493;tee_id=ghin:23493:tee:468e7646a10f;rating_rights=LEGAL_REVIEW_REQUIRED;source_url=https://www.ghin.com/post-score/hole-by-hole/round-setup/23493,2026-09-20 00:00:00+00,NEEDS_VERIFICATION
CLUB CAMPESTRE LOMAS DE COCOYOC,LOMAS DE COCOYOC,Atlatlahucan,Morelos,LOMAS DE COCOYOC,PLATEADAS,,72,,,5569 yd,YES,YES,OWNER_CATALOG_REVIEW,origin=GHIN;facility_id=review-club-38f5bdbb30eb97a4baee;layout_id=23493;tee_id=ghin:23493:tee:0bc30df9398a;rating_rights=LEGAL_REVIEW_REQUIRED;source_url=https://www.ghin.com/post-score/hole-by-hole/round-setup/23493,2026-09-20 00:00:00+00,NEEDS_VERIFICATION
CLUB DE GOLF DE CUERNAVACA,CUERNAVACA,Cuernavaca,Morelos,CUERNAVACA,AZULES,,70,,,5350 yd,YES,YES,OWNER_CATALOG_REVIEW,origin=GHIN;facility_id=review-club-0f3e85e7728a54074ab0;layout_id=23236;tee_id=ghin:23236:tee:a5be40b61705;rating_rights=LEGAL_REVIEW_REQUIRED;source_url=https://www.ghin.com/post-score/hole-by-hole/round-setup/23236,2026-09-20 00:00:00+00,NEEDS_VERIFICATION
CLUB DE GOLF DE CUERNAVACA,CUERNAVACA,Cuernavaca,Morelos,CUERNAVACA,BLANCAS,,70,,,5146 yd,YES,YES,OWNER_CATALOG_REVIEW,origin=GHIN;facility_id=review-club-0f3e85e7728a54074ab0;layout_id=23236;tee_id=ghin:23236:tee:ad652458406f;rating_rights=LEGAL_REVIEW_REQUIRED;source_url=https://www.ghin.com/post-score/hole-by-hole/round-setup/23236,2026-09-20 00:00:00+00,NEEDS_VERIFICATION
CLUB DE GOLF DE CUERNAVACA,CUERNAVACA,Cuernavaca,Morelos,CUERNAVACA,DORADAS,,70,,,5066 yd,YES,YES,OWNER_CATALOG_REVIEW,origin=GHIN;facility_id=review-club-0f3e85e7728a54074ab0;layout_id=23236;tee_id=ghin:23236:tee:468e7646a10f;rating_rights=LEGAL_REVIEW_REQUIRED;source_url=https://www.ghin.com/post-score/hole-by-hole/round-setup/23236,2026-09-20 00:00:00+00,NEEDS_VERIFICATION
CLUB DE GOLF LOS TABACHINES,LOS TABACHINES,Cuernavaca,Morelos,LOS TABACHINES,AZULES,,72,,,6709 yd,YES,YES,OWNER_CATALOG_REVIEW,origin=GHIN;facility_id=review-club-e51dca43689fb50622fa;layout_id=23241;tee_id=ghin:23241:tee:a5be40b61705;rating_rights=LEGAL_REVIEW_REQUIRED;source_url=https://www.ghin.com/post-score/hole-by-hole/round-setup/23241,2026-09-20 00:00:00+00,NEEDS_VERIFICATION
CLUB DE GOLF LOS TABACHINES,LOS TABACHINES,Cuernavaca,Morelos,LOS TABACHINES,BLANCAS,,72,,,6135 yd,YES,YES,OWNER_CATALOG_REVIEW,origin=GHIN;facility_id=review-club-e51dca43689fb50622fa;layout_id=23241;tee_id=ghin:23241:tee:ad652458406f;rating_rights=LEGAL_REVIEW_REQUIRED;source_url=https://www.ghin.com/post-score/hole-by-hole/round-setup/23241,2026-09-20 00:00:00+00,NEEDS_VERIFICATION
CLUB DE GOLF LOS TABACHINES,LOS TABACHINES,Cuernavaca,Morelos,LOS TABACHINES,DORADAS,,72,,,5644 yd,YES,YES,OWNER_CATALOG_REVIEW,origin=GHIN;facility_id=review-club-e51dca43689fb50622fa;layout_id=23241;tee_id=ghin:23241:tee:468e7646a10f;rating_rights=LEGAL_REVIEW_REQUIRED;source_url=https://www.ghin.com/post-score/hole-by-hole/round-setup/23241,2026-09-20 00:00:00+00,NEEDS_VERIFICATION
SANTA FE SOCIAL GOLF CLUB,SANTA FE SOCIAL,Xochitepec,Morelos,SANTA FE SOCIAL,AZULES,,72,,,6966 yd,YES,YES,OWNER_CATALOG_REVIEW,origin=GHIN;facility_id=review-club-0caf712e5e582e69d098;layout_id=23198;tee_id=ghin:23198:tee:a5be40b61705;rating_rights=LEGAL_REVIEW_REQUIRED;source_url=https://www.ghin.com/post-score/hole-by-hole/round-setup/23198,2026-09-20 00:00:00+00,NEEDS_VERIFICATION
SANTA FE SOCIAL GOLF CLUB,SANTA FE SOCIAL,Xochitepec,Morelos,SANTA FE SOCIAL,BLANCAS,,72,,,6564 yd,YES,YES,OWNER_CATALOG_REVIEW,origin=GHIN;facility_id=review-club-0caf712e5e582e69d098;layout_id=23198;tee_id=ghin:23198:tee:ad652458406f;rating_rights=LEGAL_REVIEW_REQUIRED;source_url=https://www.ghin.com/post-score/hole-by-hole/round-setup/23198,2026-09-20 00:00:00+00,NEEDS_VERIFICATION
SANTA FE SOCIAL GOLF CLUB,SANTA FE SOCIAL,Xochitepec,Morelos,SANTA FE SOCIAL,DORADAS,,72,,,5521 yd,YES,YES,OWNER_CATALOG_REVIEW,origin=GHIN;facility_id=review-club-0caf712e5e582e69d098;layout_id=23198;tee_id=ghin:23198:tee:468e7646a10f;rating_rights=LEGAL_REVIEW_REQUIRED;source_url=https://www.ghin.com/post-score/hole-by-hole/round-setup/23198,2026-09-20 00:00:00+00,NEEDS_VERIFICATION
CLUB DE GOLF PUNTA MITA,BAHIA,Bahía De Banderas,Nayarit,BAHIA,BLACK,,72,,,7035 yd,YES,YES,OWNER_CATALOG_REVIEW,origin=GHIN;facility_id=review-club-ed67ec96af2a8f26bd13;layout_id=36069;tee_id=ghin:36069:tee:38f7a0db59b2;rating_rights=LEGAL_REVIEW_REQUIRED;source_url=https://www.ghin.com/post-score/hole-by-hole/round-setup/36069,2026-09-20 00:00:00+00,NEEDS_VERIFICATION
CLUB DE GOLF PUNTA MITA,BAHIA,Bahía De Banderas,Nayarit,BAHIA,BLUE,,72,,,6327 yd,YES,YES,OWNER_CATALOG_REVIEW,origin=GHIN;facility_id=review-club-ed67ec96af2a8f26bd13;layout_id=36069;tee_id=ghin:36069:tee:0c706ff3441c;rating_rights=LEGAL_REVIEW_REQUIRED;source_url=https://www.ghin.com/post-score/hole-by-hole/round-setup/36069,2026-09-20 00:00:00+00,NEEDS_VERIFICATION
CLUB DE GOLF PUNTA MITA,BAHIA,Bahía De Banderas,Nayarit,BAHIA,Blue/White,,72,,,6130 yd,YES,YES,OWNER_CATALOG_REVIEW,origin=GHIN;facility_id=review-club-ed67ec96af2a8f26bd13;layout_id=36069;tee_id=ghin:36069:tee:2b4cd76d0940;rating_rights=LEGAL_REVIEW_REQUIRED;source_url=https://www.ghin.com/post-score/hole-by-hole/round-setup/36069,2026-09-20 00:00:00+00,NEEDS_VERIFICATION
CLUB DE GOLF PUNTA MITA,BAHIA,Bahía De Banderas,Nayarit,BAHIA,GOLD,,72,,,6571 yd,YES,YES,OWNER_CATALOG_REVIEW,origin=GHIN;facility_id=review-club-ed67ec96af2a8f26bd13;layout_id=36069;tee_id=ghin:36069:tee:03d3ac4b2f0f;rating_rights=LEGAL_REVIEW_REQUIRED;source_url=https://www.ghin.com/post-score/hole-by-hole/round-setup/36069,2026-09-20 00:00:00+00,NEEDS_VERIFICATION
CLUB DE GOLF PUNTA MITA,BAHIA,Bahía De Banderas,Nayarit,BAHIA,RED,,72,,,4916 yd,YES,YES,OWNER_CATALOG_REVIEW,origin=GHIN;facility_id=review-club-ed67ec96af2a8f26bd13;layout_id=36069;tee_id=ghin:36069:tee:5b0e8d916909;rating_rights=LEGAL_REVIEW_REQUIRED;source_url=https://www.ghin.com/post-score/hole-by-hole/round-setup/36069,2026-09-20 00:00:00+00,NEEDS_VERIFICATION
CLUB DE GOLF PUNTA MITA,BAHIA,Bahía De Banderas,Nayarit,BAHIA,WHITE,,72,,,5959 yd,YES,YES,OWNER_CATALOG_REVIEW,origin=GHIN;facility_id=review-club-ed67ec96af2a8f26bd13;layout_id=36069;tee_id=ghin:36069:tee:e3eae62f13b9;rating_rights=LEGAL_REVIEW_REQUIRED;source_url=https://www.ghin.com/post-score/hole-by-hole/round-setup/36069,2026-09-20 00:00:00+00,NEEDS_VERIFICATION
CLUB DE GOLF PUNTA MITA,BAHIA,Bahía De Banderas,Nayarit,BAHIA,White/Red,,72,,,5344 yd,YES,YES,OWNER_CATALOG_REVIEW,origin=GHIN;facility_id=review-club-ed67ec96af2a8f26bd13;layout_id=36069;tee_id=ghin:36069:tee:c0bf567925a7;rating_rights=LEGAL_REVIEW_REQUIRED;source_url=https://www.ghin.com/post-score/hole-by-hole/round-setup/36069,2026-09-20 00:00:00+00,NEEDS_VERIFICATION
CLUB DE GOLF PUNTA MITA,PACIFICO,Bahía De Banderas,Nayarit,PACIFICO,BLACK - 3 A,,72,,,7001 yd,YES,YES,OWNER_CATALOG_REVIEW,origin=GHIN;facility_id=review-club-ed67ec96af2a8f26bd13;layout_id=23197;tee_id=ghin:23197:tee:e392f4cf50c0;rating_rights=LEGAL_REVIEW_REQUIRED;source_url=https://www.ghin.com/post-score/hole-by-hole/round-setup/23197,2026-09-20 00:00:00+00,NEEDS_VERIFICATION
CLUB DE GOLF PUNTA MITA,PACIFICO,Bahía De Banderas,Nayarit,PACIFICO,BLACK - 3 B,,72,,,7014 yd,YES,YES,OWNER_CATALOG_REVIEW,origin=GHIN;facility_id=review-club-ed67ec96af2a8f26bd13;layout_id=23197;tee_id=ghin:23197:tee:285070c9d4d5;rating_rights=LEGAL_REVIEW_REQUIRED;source_url=https://www.ghin.com/post-score/hole-by-hole/round-setup/23197,2026-09-20 00:00:00+00,NEEDS_VERIFICATION
CLUB DE GOLF PUNTA MITA,PACIFICO,Bahía De Banderas,Nayarit,PACIFICO,BLUE - 3 A,,72,,,6211 yd,YES,YES,OWNER_CATALOG_REVIEW,origin=GHIN;facility_id=review-club-ed67ec96af2a8f26bd13;layout_id=23197;tee_id=ghin:23197:tee:22b2ba9ac6a2;rating_rights=LEGAL_REVIEW_REQUIRED;source_url=https://www.ghin.com/post-score/hole-by-hole/round-setup/23197,2026-09-20 00:00:00+00,NEEDS_VERIFICATION
CLUB DE GOLF PUNTA MITA,PACIFICO,Bahía De Banderas,Nayarit,PACIFICO,Blue / White 3-A,,72,,,5926 yd,YES,YES,OWNER_CATALOG_REVIEW,origin=GHIN;facility_id=review-club-ed67ec96af2a8f26bd13;layout_id=23197;tee_id=ghin:23197:tee:de54b41dc662;rating_rights=LEGAL_REVIEW_REQUIRED;source_url=https://www.ghin.com/post-score/hole-by-hole/round-setup/23197,2026-09-20 00:00:00+00,NEEDS_VERIFICATION
CLUB DE GOLF PUNTA MITA,PACIFICO,Bahía De Banderas,Nayarit,PACIFICO,Blue / White 3-B,,72,,,5976 yd,YES,YES,OWNER_CATALOG_REVIEW,origin=GHIN;facility_id=review-club-ed67ec96af2a8f26bd13;layout_id=23197;tee_id=ghin:23197:tee:c09fcb338d70;rating_rights=LEGAL_REVIEW_REQUIRED;source_url=https://www.ghin.com/post-score/hole-by-hole/round-setup/23197,2026-09-20 00:00:00+00,NEEDS_VERIFICATION
CLUB DE GOLF PUNTA MITA,PACIFICO,Bahía De Banderas,Nayarit,PACIFICO,BLUE- 3 B,,72,,,6261 yd,YES,YES,OWNER_CATALOG_REVIEW,origin=GHIN;facility_id=review-club-ed67ec96af2a8f26bd13;layout_id=23197;tee_id=ghin:23197:tee:89fc479365be;rating_rights=LEGAL_REVIEW_REQUIRED;source_url=https://www.ghin.com/post-score/hole-by-hole/round-setup/23197,2026-09-20 00:00:00+00,NEEDS_VERIFICATION
CLUB DE GOLF PUNTA MITA,PACIFICO,Bahía De Banderas,Nayarit,PACIFICO,GOLD - 3 A,,72,,,6610 yd,YES,YES,OWNER_CATALOG_REVIEW,origin=GHIN;facility_id=review-club-ed67ec96af2a8f26bd13;layout_id=23197;tee_id=ghin:23197:tee:d654c9482bdb;rating_rights=LEGAL_REVIEW_REQUIRED;source_url=https://www.ghin.com/post-score/hole-by-hole/round-setup/23197,2026-09-20 00:00:00+00,NEEDS_VERIFICATION
CLUB DE GOLF PUNTA MITA,PACIFICO,Bahía De Banderas,Nayarit,PACIFICO,GOLD - 3 B,,72,,,6641 yd,YES,YES,OWNER_CATALOG_REVIEW,origin=GHIN;facility_id=review-club-ed67ec96af2a8f26bd13;layout_id=23197;tee_id=ghin:23197:tee:7b6750552848;rating_rights=LEGAL_REVIEW_REQUIRED;source_url=https://www.ghin.com/post-score/hole-by-hole/round-setup/23197,2026-09-20 00:00:00+00,NEEDS_VERIFICATION
CLUB DE GOLF PUNTA MITA,PACIFICO,Bahía De Banderas,Nayarit,PACIFICO,RED - 3 A,,72,,,4974 yd,YES,YES,OWNER_CATALOG_REVIEW,origin=GHIN;facility_id=review-club-ed67ec96af2a8f26bd13;layout_id=23197;tee_id=ghin:23197:tee:3826f7537361;rating_rights=LEGAL_REVIEW_REQUIRED;source_url=https://www.ghin.com/post-score/hole-by-hole/round-setup/23197,2026-09-20 00:00:00+00,NEEDS_VERIFICATION
CLUB DE GOLF PUNTA MITA,PACIFICO,Bahía De Banderas,Nayarit,PACIFICO,RED - 3 B,,72,,,5037 yd,YES,YES,OWNER_CATALOG_REVIEW,origin=GHIN;facility_id=review-club-ed67ec96af2a8f26bd13;layout_id=23197;tee_id=ghin:23197:tee:c5cbf54eef18;rating_rights=LEGAL_REVIEW_REQUIRED;source_url=https://www.ghin.com/post-score/hole-by-hole/round-setup/23197,2026-09-20 00:00:00+00,NEEDS_VERIFICATION
CLUB DE GOLF PUNTA MITA,PACIFICO,Bahía De Banderas,Nayarit,PACIFICO,WHITE - 3 A,,72,,,5710 yd,YES,YES,OWNER_CATALOG_REVIEW,origin=GHIN;facility_id=review-club-ed67ec96af2a8f26bd13;layout_id=23197;tee_id=ghin:23197:tee:db275a1c30e0;rating_rights=LEGAL_REVIEW_REQUIRED;source_url=https://www.ghin.com/post-score/hole-by-hole/round-setup/23197,2026-09-20 00:00:00+00,NEEDS_VERIFICATION
CLUB DE GOLF PUNTA MITA,PACIFICO,Bahía De Banderas,Nayarit,PACIFICO,WHITE - 3 B,,72,,,5767 yd,YES,YES,OWNER_CATALOG_REVIEW,origin=GHIN;facility_id=review-club-ed67ec96af2a8f26bd13;layout_id=23197;tee_id=ghin:23197:tee:d72b0f573524;rating_rights=LEGAL_REVIEW_REQUIRED;source_url=https://www.ghin.com/post-score/hole-by-hole/round-setup/23197,2026-09-20 00:00:00+00,NEEDS_VERIFICATION
CLUB DE GOLF PUNTA MITA,PACIFICO,Bahía De Banderas,Nayarit,PACIFICO,White / Red 3-B,,72,,,5404 yd,YES,YES,OWNER_CATALOG_REVIEW,origin=GHIN;facility_id=review-club-ed67ec96af2a8f26bd13;layout_id=23197;tee_id=ghin:23197:tee:fd6ea60c5ebb;rating_rights=LEGAL_REVIEW_REQUIRED;source_url=https://www.ghin.com/post-score/hole-by-hole/round-setup/23197,2026-09-20 00:00:00+00,NEEDS_VERIFICATION
CLUB DE GOLF PUNTA MITA,PACIFICO,Bahía De Banderas,Nayarit,PACIFICO,White / Red 3A,,72,,,5347 yd,YES,YES,OWNER_CATALOG_REVIEW,origin=GHIN;facility_id=review-club-ed67ec96af2a8f26bd13;layout_id=23197;tee_id=ghin:23197:tee:5bd57ab6658f;rating_rights=LEGAL_REVIEW_REQUIRED;source_url=https://www.ghin.com/post-score/hole-by-hole/round-setup/23197,2026-09-20 00:00:00+00,NEEDS_VERIFICATION
NAUKA GOLF CLUB,Nauka,Compostela,Nayarit,Nauka,BLACK,,72,,,7590 yd,YES,YES,OWNER_CATALOG_REVIEW,origin=GHIN;facility_id=review-club-53c52adb045d435e357b;layout_id=35727;tee_id=ghin:35727:tee:38f7a0db59b2;rating_rights=LEGAL_REVIEW_REQUIRED;source_url=https://www.ghin.com/post-score/hole-by-hole/round-setup/35727,2026-09-20 00:00:00+00,NEEDS_VERIFICATION
NAUKA GOLF CLUB,Nauka,Compostela,Nayarit,Nauka,BOOBY BLUE,,72,,,7029 yd,YES,YES,OWNER_CATALOG_REVIEW,origin=GHIN;facility_id=review-club-53c52adb045d435e357b;layout_id=35727;tee_id=ghin:35727:tee:5809e2fe1978;rating_rights=LEGAL_REVIEW_REQUIRED;source_url=https://www.ghin.com/post-score/hole-by-hole/round-setup/35727,2026-09-20 00:00:00+00,NEEDS_VERIFICATION
NAUKA GOLF CLUB,Nauka,Compostela,Nayarit,Nauka,GOLDY,,72,,,5364 yd,YES,YES,OWNER_CATALOG_REVIEW,origin=GHIN;facility_id=review-club-53c52adb045d435e357b;layout_id=35727;tee_id=ghin:35727:tee:3dd333893c43;rating_rights=LEGAL_REVIEW_REQUIRED;source_url=https://www.ghin.com/post-score/hole-by-hole/round-setup/35727,2026-09-20 00:00:00+00,NEEDS_VERIFICATION
NAUKA GOLF CLUB,Nauka,Compostela,Nayarit,Nauka,SEA BLUE,,72,,,6523 yd,YES,YES,OWNER_CATALOG_REVIEW,origin=GHIN;facility_id=review-club-53c52adb045d435e357b;layout_id=35727;tee_id=ghin:35727:tee:4425aec6ad7e;rating_rights=LEGAL_REVIEW_REQUIRED;source_url=https://www.ghin.com/post-score/hole-by-hole/round-setup/35727,2026-09-20 00:00:00+00,NEEDS_VERIFICATION
NAUKA GOLF CLUB,Nauka,Compostela,Nayarit,Nauka,TROPICAL GREEN,,72,,,5975 yd,YES,YES,OWNER_CATALOG_REVIEW,origin=GHIN;facility_id=review-club-53c52adb045d435e357b;layout_id=35727;tee_id=ghin:35727:tee:6d403a2fac7c;rating_rights=LEGAL_REVIEW_REQUIRED;source_url=https://www.ghin.com/post-score/hole-by-hole/round-setup/35727,2026-09-20 00:00:00+00,NEEDS_VERIFICATION
PARADISE VILLAGE COUNTRY CLUB,EL TIGRE,Nuevo Vallarta,Nayarit,EL TIGRE,B/W COMBO,,72,,,6478 yd,YES,YES,OWNER_CATALOG_REVIEW,origin=GHIN;facility_id=review-club-41d1aa772cc4b48a087e;layout_id=30663;tee_id=ghin:30663:tee:ce3c9ba7033a;rating_rights=LEGAL_REVIEW_REQUIRED;source_url=https://www.ghin.com/post-score/hole-by-hole/round-setup/30663,2026-09-20 00:00:00+00,NEEDS_VERIFICATION
PARADISE VILLAGE COUNTRY CLUB,EL TIGRE,Nuevo Vallarta,Nayarit,EL TIGRE,BLACK,,72,,,7239 yd,YES,YES,OWNER_CATALOG_REVIEW,origin=GHIN;facility_id=review-club-41d1aa772cc4b48a087e;layout_id=30663;tee_id=ghin:30663:tee:38f7a0db59b2;rating_rights=LEGAL_REVIEW_REQUIRED;source_url=https://www.ghin.com/post-score/hole-by-hole/round-setup/30663,2026-09-20 00:00:00+00,NEEDS_VERIFICATION
PARADISE VILLAGE COUNTRY CLUB,EL TIGRE,Nuevo Vallarta,Nayarit,EL TIGRE,BLUE,,72,,,6631 yd,YES,YES,OWNER_CATALOG_REVIEW,origin=GHIN;facility_id=review-club-41d1aa772cc4b48a087e;layout_id=30663;tee_id=ghin:30663:tee:0c706ff3441c;rating_rights=LEGAL_REVIEW_REQUIRED;source_url=https://www.ghin.com/post-score/hole-by-hole/round-setup/30663,2026-09-20 00:00:00+00,NEEDS_VERIFICATION
PARADISE VILLAGE COUNTRY CLUB,EL TIGRE,Nuevo Vallarta,Nayarit,EL TIGRE,G/R COMBO,,72,,,5421 yd,YES,YES,OWNER_CATALOG_REVIEW,origin=GHIN;facility_id=review-club-41d1aa772cc4b48a087e;layout_id=30663;tee_id=ghin:30663:tee:c518df9461f4;rating_rights=LEGAL_REVIEW_REQUIRED;source_url=https://www.ghin.com/post-score/hole-by-hole/round-setup/30663,2026-09-20 00:00:00+00,NEEDS_VERIFICATION
PARADISE VILLAGE COUNTRY CLUB,EL TIGRE,Nuevo Vallarta,Nayarit,EL TIGRE,GOLD,,72,,,5727 yd,YES,YES,OWNER_CATALOG_REVIEW,origin=GHIN;facility_id=review-club-41d1aa772cc4b48a087e;layout_id=30663;tee_id=ghin:30663:tee:03d3ac4b2f0f;rating_rights=LEGAL_REVIEW_REQUIRED;source_url=https://www.ghin.com/post-score/hole-by-hole/round-setup/30663,2026-09-20 00:00:00+00,NEEDS_VERIFICATION
PARADISE VILLAGE COUNTRY CLUB,EL TIGRE,Nuevo Vallarta,Nayarit,EL TIGRE,RED,,72,,,5159 yd,YES,YES,OWNER_CATALOG_REVIEW,origin=GHIN;facility_id=review-club-41d1aa772cc4b48a087e;layout_id=30663;tee_id=ghin:30663:tee:5b0e8d916909;rating_rights=LEGAL_REVIEW_REQUIRED;source_url=https://www.ghin.com/post-score/hole-by-hole/round-setup/30663,2026-09-20 00:00:00+00,NEEDS_VERIFICATION
PARADISE VILLAGE COUNTRY CLUB,EL TIGRE,Nuevo Vallarta,Nayarit,EL TIGRE,W/G COMBO,,72,,,6008 yd,YES,YES,OWNER_CATALOG_REVIEW,origin=GHIN;facility_id=review-club-41d1aa772cc4b48a087e;layout_id=30663;tee_id=ghin:30663:tee:842fda59f87b;rating_rights=LEGAL_REVIEW_REQUIRED;source_url=https://www.ghin.com/post-score/hole-by-hole/round-setup/30663,2026-09-20 00:00:00+00,NEEDS_VERIFICATION
PARADISE VILLAGE COUNTRY CLUB,EL TIGRE,Nuevo Vallarta,Nayarit,EL TIGRE,WHITE,,72,,,6245 yd,YES,YES,OWNER_CATALOG_REVIEW,origin=GHIN;facility_id=review-club-41d1aa772cc4b48a087e;layout_id=30663;tee_id=ghin:30663:tee:e3eae62f13b9;rating_rights=LEGAL_REVIEW_REQUIRED;source_url=https://www.ghin.com/post-score/hole-by-hole/round-setup/30663,2026-09-20 00:00:00+00,NEEDS_VERIFICATION
CLUB DE GOLF LAS CRUCES,LAS CRUCES,Apodaca,Nuevo León,LAS CRUCES,AZULES,,72,,,6647 yd,YES,YES,OWNER_CATALOG_REVIEW,origin=GHIN;facility_id=review-club-1baa030dca80426a79fb;layout_id=23183;tee_id=ghin:23183:tee:a5be40b61705;rating_rights=LEGAL_REVIEW_REQUIRED;source_url=https://www.ghin.com/post-score/hole-by-hole/round-setup/23183,2026-09-20 00:00:00+00,NEEDS_VERIFICATION
CLUB DE GOLF LAS CRUCES,LAS CRUCES,Apodaca,Nuevo León,LAS CRUCES,BLANCAS,,72,,,6158 yd,YES,YES,OWNER_CATALOG_REVIEW,origin=GHIN;facility_id=review-club-1baa030dca80426a79fb;layout_id=23183;tee_id=ghin:23183:tee:ad652458406f;rating_rights=LEGAL_REVIEW_REQUIRED;source_url=https://www.ghin.com/post-score/hole-by-hole/round-setup/23183,2026-09-20 00:00:00+00,NEEDS_VERIFICATION
CLUB DE GOLF LAS CRUCES,LAS CRUCES,Apodaca,Nuevo León,LAS CRUCES,DORADAS,,72,,,5582 yd,YES,YES,OWNER_CATALOG_REVIEW,origin=GHIN;facility_id=review-club-1baa030dca80426a79fb;layout_id=23183;tee_id=ghin:23183:tee:468e7646a10f;rating_rights=LEGAL_REVIEW_REQUIRED;source_url=https://www.ghin.com/post-score/hole-by-hole/round-setup/23183,2026-09-20 00:00:00+00,NEEDS_VERIFICATION
CLUB DE GOLF VALLE ALTO,VALLE ALTO,Monterrey,Nuevo León,VALLE ALTO,AZULES,,72,,,6790 yd,YES,YES,OWNER_CATALOG_REVIEW,origin=GHIN;facility_id=review-club-0d0828f22163f1c19b8e;layout_id=23218;tee_id=ghin:23218:tee:a5be40b61705;rating_rights=LEGAL_REVIEW_REQUIRED;source_url=https://www.ghin.com/post-score/hole-by-hole/round-setup/23218,2026-09-20 00:00:00+00,NEEDS_VERIFICATION
CLUB DE GOLF VALLE ALTO,VALLE ALTO,Monterrey,Nuevo León,VALLE ALTO,BLANCAS,,72,,,6506 yd,YES,YES,OWNER_CATALOG_REVIEW,origin=GHIN;facility_id=review-club-0d0828f22163f1c19b8e;layout_id=23218;tee_id=ghin:23218:tee:ad652458406f;rating_rights=LEGAL_REVIEW_REQUIRED;source_url=https://www.ghin.com/post-score/hole-by-hole/round-setup/23218,2026-09-20 00:00:00+00,NEEDS_VERIFICATION
CLUB DE GOLF VALLE ALTO,VALLE ALTO,Monterrey,Nuevo León,VALLE ALTO,DORADAS,,72,,,5705 yd,YES,YES,OWNER_CATALOG_REVIEW,origin=GHIN;facility_id=review-club-0d0828f22163f1c19b8e;layout_id=23218;tee_id=ghin:23218:tee:468e7646a10f;rating_rights=LEGAL_REVIEW_REQUIRED;source_url=https://www.ghin.com/post-score/hole-by-hole/round-setup/23218,2026-09-20 00:00:00+00,NEEDS_VERIFICATION
CLUB DE GOLF VALLE ALTO,VALLE ALTO,Monterrey,Nuevo León,VALLE ALTO,NEGRAS,,72,,,7029 yd,YES,YES,OWNER_CATALOG_REVIEW,origin=GHIN;facility_id=review-club-0d0828f22163f1c19b8e;layout_id=23218;tee_id=ghin:23218:tee:6b76f06adc0e;rating_rights=LEGAL_REVIEW_REQUIRED;source_url=https://www.ghin.com/post-score/hole-by-hole/round-setup/23218,2026-09-20 00:00:00+00,NEEDS_VERIFICATION
CLUB CAMPESTRE MONTERREY,Mitras-Sierra,Sn Pedro Garza García,Nuevo León,Mitras-Sierra,AZULES,,72,,,6704 yd,YES,YES,OWNER_CATALOG_REVIEW,origin=GHIN;facility_id=review-club-2ba4b061a2ac9295169e;layout_id=32840;tee_id=ghin:32840:tee:a5be40b61705;rating_rights=LEGAL_REVIEW_REQUIRED;source_url=https://www.ghin.com/post-score/hole-by-hole/round-setup/32840,2026-09-20 00:00:00+00,NEEDS_VERIFICATION
CLUB CAMPESTRE MONTERREY,Mitras-Sierra,Sn Pedro Garza García,Nuevo León,Mitras-Sierra,Azules/Blancas,,72,,,6568 yd,YES,YES,OWNER_CATALOG_REVIEW,origin=GHIN;facility_id=review-club-2ba4b061a2ac9295169e;layout_id=32840;tee_id=ghin:32840:tee:f05fc709dc6b;rating_rights=LEGAL_REVIEW_REQUIRED;source_url=https://www.ghin.com/post-score/hole-by-hole/round-setup/32840,2026-09-20 00:00:00+00,NEEDS_VERIFICATION
CLUB CAMPESTRE MONTERREY,Mitras-Sierra,Sn Pedro Garza García,Nuevo León,Mitras-Sierra,BLANCAS,,72,,,6399 yd,YES,YES,OWNER_CATALOG_REVIEW,origin=GHIN;facility_id=review-club-2ba4b061a2ac9295169e;layout_id=32840;tee_id=ghin:32840:tee:ad652458406f;rating_rights=LEGAL_REVIEW_REQUIRED;source_url=https://www.ghin.com/post-score/hole-by-hole/round-setup/32840,2026-09-20 00:00:00+00,NEEDS_VERIFICATION
CLUB CAMPESTRE MONTERREY,Mitras-Sierra,Sn Pedro Garza García,Nuevo León,Mitras-Sierra,Blancas/Doradas,,72,,,6214 yd,YES,YES,OWNER_CATALOG_REVIEW,origin=GHIN;facility_id=review-club-2ba4b061a2ac9295169e;layout_id=32840;tee_id=ghin:32840:tee:903d28aaf4bf;rating_rights=LEGAL_REVIEW_REQUIRED;source_url=https://www.ghin.com/post-score/hole-by-hole/round-setup/32840,2026-09-20 00:00:00+00,NEEDS_VERIFICATION
CLUB CAMPESTRE MONTERREY,Mitras-Sierra,Sn Pedro Garza García,Nuevo León,Mitras-Sierra,DORADAS,,72,,,5942 yd,YES,YES,OWNER_CATALOG_REVIEW,origin=GHIN;facility_id=review-club-2ba4b061a2ac9295169e;layout_id=32840;tee_id=ghin:32840:tee:468e7646a10f;rating_rights=LEGAL_REVIEW_REQUIRED;source_url=https://www.ghin.com/post-score/hole-by-hole/round-setup/32840,2026-09-20 00:00:00+00,NEEDS_VERIFICATION
CLUB CAMPESTRE MONTERREY,Mitras-Sierra,Sn Pedro Garza García,Nuevo León,Mitras-Sierra,Doradas/Rojas,,72,,,5742 yd,YES,YES,OWNER_CATALOG_REVIEW,origin=GHIN;facility_id=review-club-2ba4b061a2ac9295169e;layout_id=32840;tee_id=ghin:32840:tee:8620c7c09773;rating_rights=LEGAL_REVIEW_REQUIRED;source_url=https://www.ghin.com/post-score/hole-by-hole/round-setup/32840,2026-09-20 00:00:00+00,NEEDS_VERIFICATION
CLUB CAMPESTRE MONTERREY,Mitras-Sierra,Sn Pedro Garza García,Nuevo León,Mitras-Sierra,NEGRAS,,72,,,7073 yd,YES,YES,OWNER_CATALOG_REVIEW,origin=GHIN;facility_id=review-club-2ba4b061a2ac9295169e;layout_id=32840;tee_id=ghin:32840:tee:6b76f06adc0e;rating_rights=LEGAL_REVIEW_REQUIRED;source_url=https://www.ghin.com/post-score/hole-by-hole/round-setup/32840,2026-09-20 00:00:00+00,NEEDS_VERIFICATION
CLUB CAMPESTRE MONTERREY,Mitras-Sierra,Sn Pedro Garza García,Nuevo León,Mitras-Sierra,Negras/Azules,,72,,,6860 yd,YES,YES,OWNER_CATALOG_REVIEW,origin=GHIN;facility_id=review-club-2ba4b061a2ac9295169e;layout_id=32840;tee_id=ghin:32840:tee:938ff2a8ba2b;rating_rights=LEGAL_REVIEW_REQUIRED;source_url=https://www.ghin.com/post-score/hole-by-hole/round-setup/32840,2026-09-20 00:00:00+00,NEEDS_VERIFICATION
CLUB CAMPESTRE MONTERREY,Mitras-Sierra,Sn Pedro Garza García,Nuevo León,Mitras-Sierra,PLATEADAS,,72,,,4824 yd,YES,YES,OWNER_CATALOG_REVIEW,origin=GHIN;facility_id=review-club-2ba4b061a2ac9295169e;layout_id=32840;tee_id=ghin:32840:tee:0bc30df9398a;rating_rights=LEGAL_REVIEW_REQUIRED;source_url=https://www.ghin.com/post-score/hole-by-hole/round-setup/32840,2026-09-20 00:00:00+00,NEEDS_VERIFICATION
CLUB CAMPESTRE MONTERREY,Mitras-Sierra,Sn Pedro Garza García,Nuevo León,Mitras-Sierra,ROJAS,,72,,,5329 yd,YES,YES,OWNER_CATALOG_REVIEW,origin=GHIN;facility_id=review-club-2ba4b061a2ac9295169e;layout_id=32840;tee_id=ghin:32840:tee:bf9b9ce0bd10;rating_rights=LEGAL_REVIEW_REQUIRED;source_url=https://www.ghin.com/post-score/hole-by-hole/round-setup/32840,2026-09-20 00:00:00+00,NEEDS_VERIFICATION
CLUB CAMPESTRE MONTERREY,Mitras-Sierra,Sn Pedro Garza García,Nuevo León,Mitras-Sierra,Rojas/Plateadas,,72,,,5063 yd,YES,YES,OWNER_CATALOG_REVIEW,origin=GHIN;facility_id=review-club-2ba4b061a2ac9295169e;layout_id=32840;tee_id=ghin:32840:tee:f56cf8e3187f;rating_rights=LEGAL_REVIEW_REQUIRED;source_url=https://www.ghin.com/post-score/hole-by-hole/round-setup/32840,2026-09-20 00:00:00+00,NEEDS_VERIFICATION
CLUB CAMPESTRE MONTERREY,Sierra-Silla,Sn Pedro Garza García,Nuevo León,Sierra-Silla,AZULES,,72,,,6856 yd,YES,YES,OWNER_CATALOG_REVIEW,origin=GHIN;facility_id=review-club-2ba4b061a2ac9295169e;layout_id=32838;tee_id=ghin:32838:tee:a5be40b61705;rating_rights=LEGAL_REVIEW_REQUIRED;source_url=https://www.ghin.com/post-score/hole-by-hole/round-setup/32838,2026-09-20 00:00:00+00,NEEDS_VERIFICATION
CLUB CAMPESTRE MONTERREY,Sierra-Silla,Sn Pedro Garza García,Nuevo León,Sierra-Silla,Azules/Blancas,,72,,,6714 yd,YES,YES,OWNER_CATALOG_REVIEW,origin=GHIN;facility_id=review-club-2ba4b061a2ac9295169e;layout_id=32838;tee_id=ghin:32838:tee:f05fc709dc6b;rating_rights=LEGAL_REVIEW_REQUIRED;source_url=https://www.ghin.com/post-score/hole-by-hole/round-setup/32838,2026-09-20 00:00:00+00,NEEDS_VERIFICATION
CLUB CAMPESTRE MONTERREY,Sierra-Silla,Sn Pedro Garza García,Nuevo León,Sierra-Silla,BLANCAS,,72,,,6500 yd,YES,YES,OWNER_CATALOG_REVIEW,origin=GHIN;facility_id=review-club-2ba4b061a2ac9295169e;layout_id=32838;tee_id=ghin:32838:tee:ad652458406f;rating_rights=LEGAL_REVIEW_REQUIRED;source_url=https://www.ghin.com/post-score/hole-by-hole/round-setup/32838,2026-09-20 00:00:00+00,NEEDS_VERIFICATION
CLUB CAMPESTRE MONTERREY,Sierra-Silla,Sn Pedro Garza García,Nuevo León,Sierra-Silla,Blancas/ Doradas,,72,,,6291 yd,YES,YES,OWNER_CATALOG_REVIEW,origin=GHIN;facility_id=review-club-2ba4b061a2ac9295169e;layout_id=32838;tee_id=ghin:32838:tee:f429c759548d;rating_rights=LEGAL_REVIEW_REQUIRED;source_url=https://www.ghin.com/post-score/hole-by-hole/round-setup/32838,2026-09-20 00:00:00+00,NEEDS_VERIFICATION
CLUB CAMPESTRE MONTERREY,Sierra-Silla,Sn Pedro Garza García,Nuevo León,Sierra-Silla,DORADAS,,72,,,6021 yd,YES,YES,OWNER_CATALOG_REVIEW,origin=GHIN;facility_id=review-club-2ba4b061a2ac9295169e;layout_id=32838;tee_id=ghin:32838:tee:468e7646a10f;rating_rights=LEGAL_REVIEW_REQUIRED;source_url=https://www.ghin.com/post-score/hole-by-hole/round-setup/32838,2026-09-20 00:00:00+00,NEEDS_VERIFICATION
CLUB CAMPESTRE MONTERREY,Sierra-Silla,Sn Pedro Garza García,Nuevo León,Sierra-Silla,Doradas/Rojas,,72,,,5882 yd,YES,YES,OWNER_CATALOG_REVIEW,origin=GHIN;facility_id=review-club-2ba4b061a2ac9295169e;layout_id=32838;tee_id=ghin:32838:tee:8620c7c09773;rating_rights=LEGAL_REVIEW_REQUIRED;source_url=https://www.ghin.com/post-score/hole-by-hole/round-setup/32838,2026-09-20 00:00:00+00,NEEDS_VERIFICATION
CLUB CAMPESTRE MONTERREY,Sierra-Silla,Sn Pedro Garza García,Nuevo León,Sierra-Silla,NEGRAS,,72,,,7258 yd,YES,YES,OWNER_CATALOG_REVIEW,origin=GHIN;facility_id=review-club-2ba4b061a2ac9295169e;layout_id=32838;tee_id=ghin:32838:tee:6b76f06adc0e;rating_rights=LEGAL_REVIEW_REQUIRED;source_url=https://www.ghin.com/post-score/hole-by-hole/round-setup/32838,2026-09-20 00:00:00+00,NEEDS_VERIFICATION
CLUB CAMPESTRE MONTERREY,Sierra-Silla,Sn Pedro Garza García,Nuevo León,Sierra-Silla,Negras/Azules,,72,,,6991 yd,YES,YES,OWNER_CATALOG_REVIEW,origin=GHIN;facility_id=review-club-2ba4b061a2ac9295169e;layout_id=32838;tee_id=ghin:32838:tee:938ff2a8ba2b;rating_rights=LEGAL_REVIEW_REQUIRED;source_url=https://www.ghin.com/post-score/hole-by-hole/round-setup/32838,2026-09-20 00:00:00+00,NEEDS_VERIFICATION
CLUB CAMPESTRE MONTERREY,Sierra-Silla,Sn Pedro Garza García,Nuevo León,Sierra-Silla,PLATEADAS,,72,,,4931 yd,YES,YES,OWNER_CATALOG_REVIEW,origin=GHIN;facility_id=review-club-2ba4b061a2ac9295169e;layout_id=32838;tee_id=ghin:32838:tee:0bc30df9398a;rating_rights=LEGAL_REVIEW_REQUIRED;source_url=https://www.ghin.com/post-score/hole-by-hole/round-setup/32838,2026-09-20 00:00:00+00,NEEDS_VERIFICATION
CLUB CAMPESTRE MONTERREY,Sierra-Silla,Sn Pedro Garza García,Nuevo León,Sierra-Silla,ROJAS,,72,,,5414 yd,YES,YES,OWNER_CATALOG_REVIEW,origin=GHIN;facility_id=review-club-2ba4b061a2ac9295169e;layout_id=32838;tee_id=ghin:32838:tee:bf9b9ce0bd10;rating_rights=LEGAL_REVIEW_REQUIRED;source_url=https://www.ghin.com/post-score/hole-by-hole/round-setup/32838,2026-09-20 00:00:00+00,NEEDS_VERIFICATION
CLUB CAMPESTRE MONTERREY,Sierra-Silla,Sn Pedro Garza García,Nuevo León,Sierra-Silla,Rojas/Plateadas,,72,,,5241 yd,YES,YES,OWNER_CATALOG_REVIEW,origin=GHIN;facility_id=review-club-2ba4b061a2ac9295169e;layout_id=32838;tee_id=ghin:32838:tee:f56cf8e3187f;rating_rights=LEGAL_REVIEW_REQUIRED;source_url=https://www.ghin.com/post-score/hole-by-hole/round-setup/32838,2026-09-20 00:00:00+00,NEEDS_VERIFICATION
CLUB CAMPESTRE MONTERREY,Silla-Mitras,Sn Pedro Garza García,Nuevo León,Silla-Mitras,AZULES,,72,,,6714 yd,YES,YES,OWNER_CATALOG_REVIEW,origin=GHIN;facility_id=review-club-2ba4b061a2ac9295169e;layout_id=32837;tee_id=ghin:32837:tee:a5be40b61705;rating_rights=LEGAL_REVIEW_REQUIRED;source_url=https://www.ghin.com/post-score/hole-by-hole/round-setup/32837,2026-09-20 00:00:00+00,NEEDS_VERIFICATION
CLUB CAMPESTRE MONTERREY,Silla-Mitras,Sn Pedro Garza García,Nuevo León,Silla-Mitras,Azules/Blancas,,72,,,6557 yd,YES,YES,OWNER_CATALOG_REVIEW,origin=GHIN;facility_id=review-club-2ba4b061a2ac9295169e;layout_id=32837;tee_id=ghin:32837:tee:f05fc709dc6b;rating_rights=LEGAL_REVIEW_REQUIRED;source_url=https://www.ghin.com/post-score/hole-by-hole/round-setup/32837,2026-09-20 00:00:00+00,NEEDS_VERIFICATION
CLUB CAMPESTRE MONTERREY,Silla-Mitras,Sn Pedro Garza García,Nuevo León,Silla-Mitras,BLANCAS,,72,,,6349 yd,YES,YES,OWNER_CATALOG_REVIEW,origin=GHIN;facility_id=review-club-2ba4b061a2ac9295169e;layout_id=32837;tee_id=ghin:32837:tee:ad652458406f;rating_rights=LEGAL_REVIEW_REQUIRED;source_url=https://www.ghin.com/post-score/hole-by-hole/round-setup/32837,2026-09-20 00:00:00+00,NEEDS_VERIFICATION
CLUB CAMPESTRE MONTERREY,Silla-Mitras,Sn Pedro Garza García,Nuevo León,Silla-Mitras,Blancas/ Doradas,,72,,,6200 yd,YES,YES,OWNER_CATALOG_REVIEW,origin=GHIN;facility_id=review-club-2ba4b061a2ac9295169e;layout_id=32837;tee_id=ghin:32837:tee:f429c759548d;rating_rights=LEGAL_REVIEW_REQUIRED;source_url=https://www.ghin.com/post-score/hole-by-hole/round-setup/32837,2026-09-20 00:00:00+00,NEEDS_VERIFICATION
CLUB CAMPESTRE MONTERREY,Silla-Mitras,Sn Pedro Garza García,Nuevo León,Silla-Mitras,DORADAS,,72,,,5925 yd,YES,YES,OWNER_CATALOG_REVIEW,origin=GHIN;facility_id=review-club-2ba4b061a2ac9295169e;layout_id=32837;tee_id=ghin:32837:tee:468e7646a10f;rating_rights=LEGAL_REVIEW_REQUIRED;source_url=https://www.ghin.com/post-score/hole-by-hole/round-setup/32837,2026-09-20 00:00:00+00,NEEDS_VERIFICATION
CLUB CAMPESTRE MONTERREY,Silla-Mitras,Sn Pedro Garza García,Nuevo León,Silla-Mitras,Doradas/Rojas,,72,,,5599 yd,YES,YES,OWNER_CATALOG_REVIEW,origin=GHIN;facility_id=review-club-2ba4b061a2ac9295169e;layout_id=32837;tee_id=ghin:32837:tee:8620c7c09773;rating_rights=LEGAL_REVIEW_REQUIRED;source_url=https://www.ghin.com/post-score/hole-by-hole/round-setup/32837,2026-09-20 00:00:00+00,NEEDS_VERIFICATION
CLUB CAMPESTRE MONTERREY,Silla-Mitras,Sn Pedro Garza García,Nuevo León,Silla-Mitras,NEGRAS,,72,,,7151 yd,YES,YES,OWNER_CATALOG_REVIEW,origin=GHIN;facility_id=review-club-2ba4b061a2ac9295169e;layout_id=32837;tee_id=ghin:32837:tee:6b76f06adc0e;rating_rights=LEGAL_REVIEW_REQUIRED;source_url=https://www.ghin.com/post-score/hole-by-hole/round-setup/32837,2026-09-20 00:00:00+00,NEEDS_VERIFICATION
CLUB CAMPESTRE MONTERREY,Silla-Mitras,Sn Pedro Garza García,Nuevo León,Silla-Mitras,Negras/Azules,,72,,,6856 yd,YES,YES,OWNER_CATALOG_REVIEW,origin=GHIN;facility_id=review-club-2ba4b061a2ac9295169e;layout_id=32837;tee_id=ghin:32837:tee:938ff2a8ba2b;rating_rights=LEGAL_REVIEW_REQUIRED;source_url=https://www.ghin.com/post-score/hole-by-hole/round-setup/32837,2026-09-20 00:00:00+00,NEEDS_VERIFICATION
CLUB CAMPESTRE MONTERREY,Silla-Mitras,Sn Pedro Garza García,Nuevo León,Silla-Mitras,PLATEADAS,,72,,,4857 yd,YES,YES,OWNER_CATALOG_REVIEW,origin=GHIN;facility_id=review-club-2ba4b061a2ac9295169e;layout_id=32837;tee_id=ghin:32837:tee:0bc30df9398a;rating_rights=LEGAL_REVIEW_REQUIRED;source_url=https://www.ghin.com/post-score/hole-by-hole/round-setup/32837,2026-09-20 00:00:00+00,NEEDS_VERIFICATION
CLUB CAMPESTRE MONTERREY,Silla-Mitras,Sn Pedro Garza García,Nuevo León,Silla-Mitras,ROJAS,,72,,,5373 yd,YES,YES,OWNER_CATALOG_REVIEW,origin=GHIN;facility_id=review-club-2ba4b061a2ac9295169e;layout_id=32837;tee_id=ghin:32837:tee:bf9b9ce0bd10;rating_rights=LEGAL_REVIEW_REQUIRED;source_url=https://www.ghin.com/post-score/hole-by-hole/round-setup/32837,2026-09-20 00:00:00+00,NEEDS_VERIFICATION
CLUB CAMPESTRE MONTERREY,Silla-Mitras,Sn Pedro Garza García,Nuevo León,Silla-Mitras,Rojas/Plateadas,,72,,,5083 yd,YES,YES,OWNER_CATALOG_REVIEW,origin=GHIN;facility_id=review-club-2ba4b061a2ac9295169e;layout_id=32837;tee_id=ghin:32837:tee:f56cf8e3187f;rating_rights=LEGAL_REVIEW_REQUIRED;source_url=https://www.ghin.com/post-score/hole-by-hole/round-setup/32837,2026-09-20 00:00:00+00,NEEDS_VERIFICATION
CLUB DE GOLF VISTA HERMOSA,VISTA HERMOSA,San Agustín Etla,Oaxaca,VISTA HERMOSA,AZULES / BLANCAS,,70,,,5218 yd,YES,YES,OWNER_CATALOG_REVIEW,origin=GHIN;facility_id=review-club-6bf31b8e33f9bd800bad;layout_id=26994;tee_id=ghin:26994:tee:d7e1a0f39e4b;rating_rights=LEGAL_REVIEW_REQUIRED;source_url=https://www.ghin.com/post-score/hole-by-hole/round-setup/26994,2026-09-20 00:00:00+00,NEEDS_VERIFICATION
LAS PAROTAS CLUB DE GOLF,LAS PAROTAS,Tangolunda,Oaxaca,LAS PAROTAS,AZULES,,72,,,,NO,YES,OWNER_CATALOG_REVIEW,origin=GHIN;facility_id=review-club-b8efd981c0b7685b4e0e;layout_id=23170;tee_id=ghin:23170:tee:a5be40b61705;rating_rights=LEGAL_REVIEW_REQUIRED;source_url=https://www.ghin.com/post-score/hole-by-hole/round-setup/23170,2026-09-20 00:00:00+00,NEEDS_VERIFICATION
LAS PAROTAS CLUB DE GOLF,LAS PAROTAS,Tangolunda,Oaxaca,LAS PAROTAS,BLANCAS,,71,,,,NO,YES,OWNER_CATALOG_REVIEW,origin=GHIN;facility_id=review-club-b8efd981c0b7685b4e0e;layout_id=23170;tee_id=ghin:23170:tee:ad652458406f;rating_rights=LEGAL_REVIEW_REQUIRED;source_url=https://www.ghin.com/post-score/hole-by-hole/round-setup/23170,2026-09-20 00:00:00+00,NEEDS_VERIFICATION
CLUB CAMPESTRE EL CRISTO,CLUB CAMPESTRE EL CRISTO,Atlixco,Puebla,CLUB CAMPESTRE EL CRISTO,AZULES,,72,,,6698 yd,YES,YES,OWNER_CATALOG_REVIEW,origin=GHIN;facility_id=club-el-cristo;layout_id=23227;tee_id=ghin:23227:tee:a5be40b61705;rating_rights=LEGAL_REVIEW_REQUIRED;source_url=https://www.ghin.com/post-score/hole-by-hole/round-setup/23227,2026-09-20 00:00:00+00,NEEDS_VERIFICATION
CLUB CAMPESTRE EL CRISTO,CLUB CAMPESTRE EL CRISTO,Atlixco,Puebla,CLUB CAMPESTRE EL CRISTO,BLANCAS,,72,,,6152 yd,YES,YES,OWNER_CATALOG_REVIEW,origin=GHIN;facility_id=club-el-cristo;layout_id=23227;tee_id=ghin:23227:tee:ad652458406f;rating_rights=LEGAL_REVIEW_REQUIRED;source_url=https://www.ghin.com/post-score/hole-by-hole/round-setup/23227,2026-09-20 00:00:00+00,NEEDS_VERIFICATION
CLUB CAMPESTRE EL CRISTO,CLUB CAMPESTRE EL CRISTO,Atlixco,Puebla,CLUB CAMPESTRE EL CRISTO,DORADAS,,72,,,5702 yd,YES,YES,OWNER_CATALOG_REVIEW,origin=GHIN;facility_id=club-el-cristo;layout_id=23227;tee_id=ghin:23227:tee:468e7646a10f;rating_rights=LEGAL_REVIEW_REQUIRED;source_url=https://www.ghin.com/post-score/hole-by-hole/round-setup/23227,2026-09-20 00:00:00+00,NEEDS_VERIFICATION
CLUB CAMPESTRE EL CRISTO,CLUB CAMPESTRE EL CRISTO,Atlixco,Puebla,CLUB CAMPESTRE EL CRISTO,PLATEADAS,,72,,,4537 yd,YES,YES,OWNER_CATALOG_REVIEW,origin=GHIN;facility_id=club-el-cristo;layout_id=23227;tee_id=ghin:23227:tee:0bc30df9398a;rating_rights=LEGAL_REVIEW_REQUIRED;source_url=https://www.ghin.com/post-score/hole-by-hole/round-setup/23227,2026-09-20 00:00:00+00,NEEDS_VERIFICATION
COLA DE LAGARTO CAMPO MÍTICO,COLA DE LAGARTO,Atlixco,Puebla,COLA DE LAGARTO,AZULES,,72,,,7117 yd,YES,YES,OWNER_CATALOG_REVIEW,origin=GHIN;facility_id=club-cola-de-lagarto;layout_id=32608;tee_id=ghin:32608:tee:a5be40b61705;rating_rights=LEGAL_REVIEW_REQUIRED;source_url=https://www.ghin.com/post-score/hole-by-hole/round-setup/32608?teeSetId=691409,2026-09-20 00:00:00+00,NEEDS_VERIFICATION
COLA DE LAGARTO CAMPO MÍTICO,COLA DE LAGARTO,Atlixco,Puebla,COLA DE LAGARTO,BLANCAS,,72,,,6359 yd,YES,YES,OWNER_CATALOG_REVIEW,origin=GHIN;facility_id=club-cola-de-lagarto;layout_id=32608;tee_id=ghin:32608:tee:ad652458406f;rating_rights=LEGAL_REVIEW_REQUIRED;source_url=https://www.ghin.com/post-score/hole-by-hole/round-setup/32608?teeSetId=691409,2026-09-20 00:00:00+00,NEEDS_VERIFICATION
COLA DE LAGARTO CAMPO MÍTICO,COLA DE LAGARTO,Atlixco,Puebla,COLA DE LAGARTO,DORADAS,,72,,,5624 yd,YES,YES,OWNER_CATALOG_REVIEW,origin=GHIN;facility_id=club-cola-de-lagarto;layout_id=32608;tee_id=ghin:32608:tee:468e7646a10f;rating_rights=LEGAL_REVIEW_REQUIRED;source_url=https://www.ghin.com/post-score/hole-by-hole/round-setup/32608?teeSetId=691409,2026-09-20 00:00:00+00,NEEDS_VERIFICATION
CLUB DE GOLF LA HUERTA,CLUB DE GOLF LA HUERTA,Cholula,Puebla,CLUB DE GOLF LA HUERTA,BLANCAS / AZULES,,62,,,3301 yd,YES,YES,OWNER_CATALOG_REVIEW,origin=GHIN;facility_id=review-club-9c0700f229794a278011;layout_id=23231;tee_id=ghin:23231:tee:adcf9751eed3;rating_rights=LEGAL_REVIEW_REQUIRED;source_url=https://www.ghin.com/post-score/hole-by-hole/round-setup/23231,2026-09-20 00:00:00+00,NEEDS_VERIFICATION
CLUB CAMPESTRE DE PUEBLA,PUEBLA,Puebla,Puebla,PUEBLA,AZULES,,72,,,6939 yd,YES,YES,OWNER_CATALOG_REVIEW,origin=GHIN;facility_id=club-campestre-puebla;layout_id=23232;tee_id=ghin:23232:tee:a5be40b61705;rating_rights=LEGAL_REVIEW_REQUIRED;source_url=https://www.ghin.com/post-score/hole-by-hole/round-setup/23232?teeSetId=237987,2026-09-20 00:00:00+00,NEEDS_VERIFICATION
CLUB CAMPESTRE DE PUEBLA,PUEBLA,Puebla,Puebla,PUEBLA,BLANCAS,,72,,,6567 yd,YES,YES,OWNER_CATALOG_REVIEW,origin=GHIN;facility_id=club-campestre-puebla;layout_id=23232;tee_id=ghin:23232:tee:ad652458406f;rating_rights=LEGAL_REVIEW_REQUIRED;source_url=https://www.ghin.com/post-score/hole-by-hole/round-setup/23232?teeSetId=237987,2026-09-20 00:00:00+00,NEEDS_VERIFICATION
CLUB CAMPESTRE DE PUEBLA,PUEBLA,Puebla,Puebla,PUEBLA,DORADAS,,72,,,5920 yd,YES,YES,OWNER_CATALOG_REVIEW,origin=GHIN;facility_id=club-campestre-puebla;layout_id=23232;tee_id=ghin:23232:tee:468e7646a10f;rating_rights=LEGAL_REVIEW_REQUIRED;source_url=https://www.ghin.com/post-score/hole-by-hole/round-setup/23232?teeSetId=237987,2026-09-20 00:00:00+00,NEEDS_VERIFICATION
CLUB CAMPESTRE DE PUEBLA,PUEBLA,Puebla,Puebla,PUEBLA,NEGRAS,,72,,,7225 yd,YES,YES,OWNER_CATALOG_REVIEW,origin=GHIN;facility_id=club-campestre-puebla;layout_id=23232;tee_id=ghin:23232:tee:6b76f06adc0e;rating_rights=LEGAL_REVIEW_REQUIRED;source_url=https://www.ghin.com/post-score/hole-by-hole/round-setup/23232?teeSetId=237987,2026-09-20 00:00:00+00,NEEDS_VERIFICATION
CLUB CAMPESTRE DE PUEBLA,PUEBLA,Puebla,Puebla,PUEBLA,PLATEADAS,,72,,,4935 yd,YES,YES,OWNER_CATALOG_REVIEW,origin=GHIN;facility_id=club-campestre-puebla;layout_id=23232;tee_id=ghin:23232:tee:0bc30df9398a;rating_rights=LEGAL_REVIEW_REQUIRED;source_url=https://www.ghin.com/post-score/hole-by-hole/round-setup/23232?teeSetId=237987,2026-09-20 00:00:00+00,NEEDS_VERIFICATION
CLUB DE GOLF LAS FUENTES,LAS FUENTES,Puebla,Puebla,LAS FUENTES,AZULES,,68,,,5308 yd,YES,YES,OWNER_CATALOG_REVIEW,origin=GHIN;facility_id=review-club-75f6ac3a0e37a69eabd3;layout_id=24458;tee_id=ghin:24458:tee:a5be40b61705;rating_rights=LEGAL_REVIEW_REQUIRED;source_url=https://www.ghin.com/post-score/hole-by-hole/round-setup/24458,2026-09-20 00:00:00+00,NEEDS_VERIFICATION
CLUB DE GOLF LAS FUENTES,LAS FUENTES,Puebla,Puebla,LAS FUENTES,BLANCAS,,68,,,4984 yd,YES,YES,OWNER_CATALOG_REVIEW,origin=GHIN;facility_id=review-club-75f6ac3a0e37a69eabd3;layout_id=24458;tee_id=ghin:24458:tee:ad652458406f;rating_rights=LEGAL_REVIEW_REQUIRED;source_url=https://www.ghin.com/post-score/hole-by-hole/round-setup/24458,2026-09-20 00:00:00+00,NEEDS_VERIFICATION
LA VISTA COUNTRY CLUB,LA VISTA COUNTRY CLUB,San Andrés Cholula,Puebla,LA VISTA COUNTRY CLUB,AZULES,MEN,72,73.8,135,7122 yd,YES,YES,GHIN,origin=GHIN;facility_id=19886;layout_id=23233;tee_id=280984;rating_rights=QA_CONFIRMED_GHIN;source_url=https://www.ghin.com/post-score/hole-by-hole/round-setup/23233,2026-09-28 00:17:46.769+00,COMPLETE
LA VISTA COUNTRY CLUB,LA VISTA COUNTRY CLUB,San Andrés Cholula,Puebla,LA VISTA COUNTRY CLUB,BLANCAS,WOMEN,72,77.4,153,6591 yd,YES,YES,GHIN,origin=GHIN;facility_id=19886;layout_id=23233;tee_id=106089;rating_rights=QA_CONFIRMED_GHIN;source_url=https://www.ghin.com/post-score/hole-by-hole/round-setup/23233,2026-09-28 00:17:46.769+00,COMPLETE
LA VISTA COUNTRY CLUB,LA VISTA COUNTRY CLUB,San Andrés Cholula,Puebla,LA VISTA COUNTRY CLUB,BLANCAS,MEN,72,70.8,128,6591 yd,YES,YES,GHIN,origin=GHIN;facility_id=19886;layout_id=23233;tee_id=106087;rating_rights=QA_CONFIRMED_GHIN;source_url=https://www.ghin.com/post-score/hole-by-hole/round-setup/23233,2026-09-28 00:17:46.769+00,COMPLETE
LA VISTA COUNTRY CLUB,LA VISTA COUNTRY CLUB,San Andrés Cholula,Puebla,LA VISTA COUNTRY CLUB,DORADAS,MEN,72,68.4,121,6038 yd,YES,YES,GHIN,origin=GHIN;facility_id=19886;layout_id=23233;tee_id=106088;rating_rights=QA_CONFIRMED_GHIN;source_url=https://www.ghin.com/post-score/hole-by-hole/round-setup/23233,2026-09-28 00:17:46.769+00,COMPLETE
LA VISTA COUNTRY CLUB,LA VISTA COUNTRY CLUB,San Andrés Cholula,Puebla,LA VISTA COUNTRY CLUB,NEGRAS,MEN,72,74.3,142,7326 yd,YES,YES,GHIN,origin=GHIN;facility_id=19886;layout_id=23233;tee_id=281493;rating_rights=QA_CONFIRMED_GHIN;source_url=https://www.ghin.com/post-score/hole-by-hole/round-setup/23233,2026-09-28 00:17:46.769+00,COMPLETE
LA VISTA COUNTRY CLUB,LA VISTA COUNTRY CLUB,San Andrés Cholula,Puebla,LA VISTA COUNTRY CLUB,ROJAS,WOMEN,72,71,137,5476 yd,YES,YES,GHIN,origin=GHIN;facility_id=19886;layout_id=23233;tee_id=106090;rating_rights=QA_CONFIRMED_GHIN;source_url=https://www.ghin.com/post-score/hole-by-hole/round-setup/23233,2026-09-28 00:17:46.769+00,COMPLETE
LA VISTA COUNTRY CLUB,La Vista Temporary — Par 69,San Andrés Cholula,Puebla,La Vista Temporary — Par 69,Blue,,69,70.2,126,,NO,YES,BACKYARD_INTERNAL,origin=BACKYARD_PROVISIONAL;facility_id=19886;rating_rights=AUTHORIZED_FIRST_PARTY;source_url=https://dev.thebackyard.com.mx,2026-09-27 20:31:59.417988+00,MISSING_HOLES
LA VISTA COUNTRY CLUB,La Vista Temporary — Par 69,San Andrés Cholula,Puebla,La Vista Temporary — Par 69,Gold,,69,65.2,113,,NO,YES,BACKYARD_INTERNAL,origin=BACKYARD_PROVISIONAL;facility_id=19886;rating_rights=AUTHORIZED_FIRST_PARTY;source_url=https://dev.thebackyard.com.mx,2026-09-27 20:31:59.417988+00,MISSING_HOLES
LA VISTA COUNTRY CLUB,La Vista Temporary — Par 69,San Andrés Cholula,Puebla,La Vista Temporary — Par 69,Red,,69,67.9,127,,NO,YES,BACKYARD_INTERNAL,origin=BACKYARD_PROVISIONAL;facility_id=19886;rating_rights=AUTHORIZED_FIRST_PARTY;source_url=https://dev.thebackyard.com.mx,2026-09-27 20:31:59.417988+00,MISSING_HOLES
LA VISTA COUNTRY CLUB,La Vista Temporary — Par 69,San Andrés Cholula,Puebla,La Vista Temporary — Par 69,White,,69,67.5,119,,NO,YES,BACKYARD_INTERNAL,origin=BACKYARD_PROVISIONAL;facility_id=19886;rating_rights=AUTHORIZED_FIRST_PARTY;source_url=https://dev.thebackyard.com.mx,2026-09-27 20:31:59.417988+00,MISSING_HOLES
LA VISTA COUNTRY CLUB,La Vista Temporary — Par 70,San Andrés Cholula,Puebla,La Vista Temporary — Par 70,Blue,,70,71.2,128,6790 yd,NO,YES,BACKYARD_INTERNAL,origin=BACKYARD_PROVISIONAL;facility_id=19886;rating_rights=AUTHORIZED_FIRST_PARTY;source_url=https://dev.thebackyard.com.mx,2026-09-27 20:31:59.417988+00,MISSING_HOLES
LA VISTA COUNTRY CLUB,La Vista Temporary — Par 70,San Andrés Cholula,Puebla,La Vista Temporary — Par 70,Gold,,70,66,115,5656 yd,NO,YES,BACKYARD_INTERNAL,origin=BACKYARD_PROVISIONAL;facility_id=19886;rating_rights=AUTHORIZED_FIRST_PARTY;source_url=https://dev.thebackyard.com.mx,2026-09-27 20:31:59.417988+00,MISSING_HOLES
LA VISTA COUNTRY CLUB,La Vista Temporary — Par 70,San Andrés Cholula,Puebla,La Vista Temporary — Par 70,Red,,70,68.6,128,5156 yd,NO,YES,BACKYARD_INTERNAL,origin=BACKYARD_PROVISIONAL;facility_id=19886;rating_rights=AUTHORIZED_FIRST_PARTY;source_url=https://dev.thebackyard.com.mx,2026-09-27 20:31:59.417988+00,MISSING_HOLES
LA VISTA COUNTRY CLUB,La Vista Temporary — Par 70,San Andrés Cholula,Puebla,La Vista Temporary — Par 70,White,,70,68.4,121,6191 yd,NO,YES,BACKYARD_INTERNAL,origin=BACKYARD_PROVISIONAL;facility_id=19886;rating_rights=AUTHORIZED_FIRST_PARTY;source_url=https://dev.thebackyard.com.mx,2026-09-27 20:31:59.417988+00,MISSING_HOLES
VISTA VERDE COUNTRY CLUB,VISTA VERDE,Tehuacán,Puebla,VISTA VERDE,BLANCAS,,72,,,5866 yd,YES,YES,OWNER_CATALOG_REVIEW,origin=GHIN;facility_id=review-club-d146fe8e70001cc350c2;layout_id=23167;tee_id=ghin:23167:tee:ad652458406f;rating_rights=LEGAL_REVIEW_REQUIRED;source_url=https://www.ghin.com/post-score/hole-by-hole/round-setup/23167,2026-09-20 00:00:00+00,NEEDS_VERIFICATION
VISTA VERDE COUNTRY CLUB,VISTA VERDE,Tehuacán,Puebla,VISTA VERDE,DORADAS,,72,,,5163 yd,YES,YES,OWNER_CATALOG_REVIEW,origin=GHIN;facility_id=review-club-d146fe8e70001cc350c2;layout_id=23167;tee_id=ghin:23167:tee:468e7646a10f;rating_rights=LEGAL_REVIEW_REQUIRED;source_url=https://www.ghin.com/post-score/hole-by-hole/round-setup/23167,2026-09-20 00:00:00+00,NEEDS_VERIFICATION
CLUB DE GOLF BALVANERA,BALVANERA,Corregidora,Querétaro,BALVANERA,AZULES,,72,,,6881 yd,YES,YES,OWNER_CATALOG_REVIEW,origin=GHIN;facility_id=review-club-46834c51aa2938f13a23;layout_id=26103;tee_id=ghin:26103:tee:a5be40b61705;rating_rights=LEGAL_REVIEW_REQUIRED;source_url=https://www.ghin.com/post-score/hole-by-hole/round-setup/26103,2026-09-20 00:00:00+00,NEEDS_VERIFICATION
CLUB DE GOLF BALVANERA,BALVANERA,Corregidora,Querétaro,BALVANERA,BLANCAS,,72,,,6266 yd,YES,YES,OWNER_CATALOG_REVIEW,origin=GHIN;facility_id=review-club-46834c51aa2938f13a23;layout_id=26103;tee_id=ghin:26103:tee:ad652458406f;rating_rights=LEGAL_REVIEW_REQUIRED;source_url=https://www.ghin.com/post-score/hole-by-hole/round-setup/26103,2026-09-20 00:00:00+00,NEEDS_VERIFICATION
CLUB DE GOLF BALVANERA,BALVANERA,Corregidora,Querétaro,BALVANERA,DORADAS,,72,,,5718 yd,YES,YES,OWNER_CATALOG_REVIEW,origin=GHIN;facility_id=review-club-46834c51aa2938f13a23;layout_id=26103;tee_id=ghin:26103:tee:468e7646a10f;rating_rights=LEGAL_REVIEW_REQUIRED;source_url=https://www.ghin.com/post-score/hole-by-hole/round-setup/26103,2026-09-20 00:00:00+00,NEEDS_VERIFICATION
CAMPO DE GOLF ZIBATA,ZIBATA,El Marqués,Querétaro,ZIBATA,AMARILLAS,,72,,,5909 yd,YES,YES,OWNER_CATALOG_REVIEW,origin=GHIN;facility_id=review-club-2cee8319bc8c7c646da7;layout_id=24737;tee_id=ghin:24737:tee:a8797d9f33d8;rating_rights=LEGAL_REVIEW_REQUIRED;source_url=https://www.ghin.com/post-score/hole-by-hole/round-setup/24737,2026-09-20 00:00:00+00,NEEDS_VERIFICATION
CAMPO DE GOLF ZIBATA,ZIBATA,El Marqués,Querétaro,ZIBATA,AZULES,,72,,,6910 yd,YES,YES,OWNER_CATALOG_REVIEW,origin=GHIN;facility_id=review-club-2cee8319bc8c7c646da7;layout_id=24737;tee_id=ghin:24737:tee:a5be40b61705;rating_rights=LEGAL_REVIEW_REQUIRED;source_url=https://www.ghin.com/post-score/hole-by-hole/round-setup/24737,2026-09-20 00:00:00+00,NEEDS_VERIFICATION
CAMPO DE GOLF ZIBATA,ZIBATA,El Marqués,Querétaro,ZIBATA,BLANCAS,,72,,,6326 yd,YES,YES,OWNER_CATALOG_REVIEW,origin=GHIN;facility_id=review-club-2cee8319bc8c7c646da7;layout_id=24737;tee_id=ghin:24737:tee:ad652458406f;rating_rights=LEGAL_REVIEW_REQUIRED;source_url=https://www.ghin.com/post-score/hole-by-hole/round-setup/24737,2026-09-20 00:00:00+00,NEEDS_VERIFICATION
CAMPO DE GOLF ZIBATA,ZIBATA,El Marqués,Querétaro,ZIBATA,NEGRAS,,72,,,7471 yd,YES,YES,OWNER_CATALOG_REVIEW,origin=GHIN;facility_id=review-club-2cee8319bc8c7c646da7;layout_id=24737;tee_id=ghin:24737:tee:6b76f06adc0e;rating_rights=LEGAL_REVIEW_REQUIRED;source_url=https://www.ghin.com/post-score/hole-by-hole/round-setup/24737,2026-09-20 00:00:00+00,NEEDS_VERIFICATION
CLUB CAMPESTRE DE QUERETARO,CLUB CAMPESTRE DE QUERETARO,Querétaro,Querétaro,CLUB CAMPESTRE DE QUERETARO,AZULES,,72,,,6908 yd,YES,YES,OWNER_CATALOG_REVIEW,origin=GHIN;facility_id=review-club-d4f31211eee8bebc650e;layout_id=23213;tee_id=ghin:23213:tee:a5be40b61705;rating_rights=LEGAL_REVIEW_REQUIRED;source_url=https://www.ghin.com/post-score/hole-by-hole/round-setup/23213,2026-09-20 00:00:00+00,NEEDS_VERIFICATION
CLUB CAMPESTRE DE QUERETARO,CLUB CAMPESTRE DE QUERETARO,Querétaro,Querétaro,CLUB CAMPESTRE DE QUERETARO,BLANCAS,,72,,,6463 yd,YES,YES,OWNER_CATALOG_REVIEW,origin=GHIN;facility_id=review-club-d4f31211eee8bebc650e;layout_id=23213;tee_id=ghin:23213:tee:ad652458406f;rating_rights=LEGAL_REVIEW_REQUIRED;source_url=https://www.ghin.com/post-score/hole-by-hole/round-setup/23213,2026-09-20 00:00:00+00,NEEDS_VERIFICATION
CLUB CAMPESTRE DE QUERETARO,CLUB CAMPESTRE DE QUERETARO,Querétaro,Querétaro,CLUB CAMPESTRE DE QUERETARO,DORADAS,,72,,,5834 yd,YES,YES,OWNER_CATALOG_REVIEW,origin=GHIN;facility_id=review-club-d4f31211eee8bebc650e;layout_id=23213;tee_id=ghin:23213:tee:468e7646a10f;rating_rights=LEGAL_REVIEW_REQUIRED;source_url=https://www.ghin.com/post-score/hole-by-hole/round-setup/23213,2026-09-20 00:00:00+00,NEEDS_VERIFICATION
CLUB CAMPESTRE DE QUERETARO,CLUB CAMPESTRE DE QUERETARO,Querétaro,Querétaro,CLUB CAMPESTRE DE QUERETARO,NEGRAS,,72,,,7066 yd,YES,YES,OWNER_CATALOG_REVIEW,origin=GHIN;facility_id=review-club-d4f31211eee8bebc650e;layout_id=23213;tee_id=ghin:23213:tee:6b76f06adc0e;rating_rights=LEGAL_REVIEW_REQUIRED;source_url=https://www.ghin.com/post-score/hole-by-hole/round-setup/23213,2026-09-20 00:00:00+00,NEEDS_VERIFICATION
GOLF JURIQUILLA,GOLF JURIQUILLA,Querétaro,Querétaro,GOLF JURIQUILLA,AZULES,,72,,,6774 yd,YES,YES,OWNER_CATALOG_REVIEW,origin=GHIN;facility_id=review-club-6d475c252df8917a791b;layout_id=23243;tee_id=ghin:23243:tee:a5be40b61705;rating_rights=LEGAL_REVIEW_REQUIRED;source_url=https://www.ghin.com/post-score/hole-by-hole/round-setup/23243,2026-09-20 00:00:00+00,NEEDS_VERIFICATION
GOLF JURIQUILLA,GOLF JURIQUILLA,Querétaro,Querétaro,GOLF JURIQUILLA,BLANCAS,,72,,,6192 yd,YES,YES,OWNER_CATALOG_REVIEW,origin=GHIN;facility_id=review-club-6d475c252df8917a791b;layout_id=23243;tee_id=ghin:23243:tee:ad652458406f;rating_rights=LEGAL_REVIEW_REQUIRED;source_url=https://www.ghin.com/post-score/hole-by-hole/round-setup/23243,2026-09-20 00:00:00+00,NEEDS_VERIFICATION
GOLF JURIQUILLA,GOLF JURIQUILLA,Querétaro,Querétaro,GOLF JURIQUILLA,DORADAS,,72,,,6012 yd,YES,YES,OWNER_CATALOG_REVIEW,origin=GHIN;facility_id=review-club-6d475c252df8917a791b;layout_id=23243;tee_id=ghin:23243:tee:468e7646a10f;rating_rights=LEGAL_REVIEW_REQUIRED;source_url=https://www.ghin.com/post-score/hole-by-hole/round-setup/23243,2026-09-20 00:00:00+00,NEEDS_VERIFICATION
CLUB DE GOLF SAN GIL,SAN GIL,San Juan Del Río,Querétaro,SAN GIL,AMARILLAS,,72,,,5830 yd,YES,YES,OWNER_CATALOG_REVIEW,origin=GHIN;facility_id=review-club-67cfc7cb6cdb9660991d;layout_id=23209;tee_id=ghin:23209:tee:a8797d9f33d8;rating_rights=LEGAL_REVIEW_REQUIRED;source_url=https://www.ghin.com/post-score/hole-by-hole/round-setup/23209,2026-09-20 00:00:00+00,NEEDS_VERIFICATION
CLUB DE GOLF SAN GIL,SAN GIL,San Juan Del Río,Querétaro,SAN GIL,AZULES,,72,,,7030 yd,YES,YES,OWNER_CATALOG_REVIEW,origin=GHIN;facility_id=review-club-67cfc7cb6cdb9660991d;layout_id=23209;tee_id=ghin:23209:tee:a5be40b61705;rating_rights=LEGAL_REVIEW_REQUIRED;source_url=https://www.ghin.com/post-score/hole-by-hole/round-setup/23209,2026-09-20 00:00:00+00,NEEDS_VERIFICATION
CLUB DE GOLF SAN GIL,SAN GIL,San Juan Del Río,Querétaro,SAN GIL,BLANCAS,,72,,,6477 yd,YES,YES,OWNER_CATALOG_REVIEW,origin=GHIN;facility_id=review-club-67cfc7cb6cdb9660991d;layout_id=23209;tee_id=ghin:23209:tee:ad652458406f;rating_rights=LEGAL_REVIEW_REQUIRED;source_url=https://www.ghin.com/post-score/hole-by-hole/round-setup/23209,2026-09-20 00:00:00+00,NEEDS_VERIFICATION
CLUB DE GOLF SAN GIL,SAN GIL,San Juan Del Río,Querétaro,SAN GIL,NEGRAS,,72,,,7277 yd,YES,YES,OWNER_CATALOG_REVIEW,origin=GHIN;facility_id=review-club-67cfc7cb6cdb9660991d;layout_id=23209;tee_id=ghin:23209:tee:6b76f06adc0e;rating_rights=LEGAL_REVIEW_REQUIRED;source_url=https://www.ghin.com/post-score/hole-by-hole/round-setup/23209,2026-09-20 00:00:00+00,NEEDS_VERIFICATION
IBEROSTAR CANCUN GOLF CLUB,IBEROSTAR CANCUN,Cancun,Quintana Roo,IBEROSTAR CANCUN,AMARILLAS,,72,,,5810 yd,YES,YES,OWNER_CATALOG_REVIEW,origin=GHIN;facility_id=review-club-5cf4acbf8b8a7e429648;layout_id=26746;tee_id=ghin:26746:tee:a8797d9f33d8;rating_rights=LEGAL_REVIEW_REQUIRED;source_url=https://www.ghin.com/post-score/hole-by-hole/round-setup/26746,2026-09-20 00:00:00+00,NEEDS_VERIFICATION
IBEROSTAR CANCUN GOLF CLUB,IBEROSTAR CANCUN,Cancun,Quintana Roo,IBEROSTAR CANCUN,AZULES,,72,,,6735 yd,YES,YES,OWNER_CATALOG_REVIEW,origin=GHIN;facility_id=review-club-5cf4acbf8b8a7e429648;layout_id=26746;tee_id=ghin:26746:tee:a5be40b61705;rating_rights=LEGAL_REVIEW_REQUIRED;source_url=https://www.ghin.com/post-score/hole-by-hole/round-setup/26746,2026-09-20 00:00:00+00,NEEDS_VERIFICATION
IBEROSTAR CANCUN GOLF CLUB,IBEROSTAR CANCUN,Cancun,Quintana Roo,IBEROSTAR CANCUN,BLANCAS,,72,,,6261 yd,YES,YES,OWNER_CATALOG_REVIEW,origin=GHIN;facility_id=review-club-5cf4acbf8b8a7e429648;layout_id=26746;tee_id=ghin:26746:tee:ad652458406f;rating_rights=LEGAL_REVIEW_REQUIRED;source_url=https://www.ghin.com/post-score/hole-by-hole/round-setup/26746,2026-09-20 00:00:00+00,NEEDS_VERIFICATION
MOON PALACE CANCÚN,Dunes - Jungle,Cancun,Quintana Roo,Dunes - Jungle,BLACK,,72,,,7200 yd,YES,YES,OWNER_CATALOG_REVIEW,origin=GHIN;facility_id=review-club-19e3e31c6df14e8d4929;layout_id=33753;tee_id=ghin:33753:tee:38f7a0db59b2;rating_rights=LEGAL_REVIEW_REQUIRED;source_url=https://www.ghin.com/post-score/hole-by-hole/round-setup/33753,2026-09-20 00:00:00+00,NEEDS_VERIFICATION
MOON PALACE CANCÚN,Dunes - Jungle,Cancun,Quintana Roo,Dunes - Jungle,BLUE,,72,,,6617 yd,YES,YES,OWNER_CATALOG_REVIEW,origin=GHIN;facility_id=review-club-19e3e31c6df14e8d4929;layout_id=33753;tee_id=ghin:33753:tee:0c706ff3441c;rating_rights=LEGAL_REVIEW_REQUIRED;source_url=https://www.ghin.com/post-score/hole-by-hole/round-setup/33753,2026-09-20 00:00:00+00,NEEDS_VERIFICATION
MOON PALACE CANCÚN,Dunes - Jungle,Cancun,Quintana Roo,Dunes - Jungle,GOLD,,72,,,5463 yd,YES,YES,OWNER_CATALOG_REVIEW,origin=GHIN;facility_id=review-club-19e3e31c6df14e8d4929;layout_id=33753;tee_id=ghin:33753:tee:03d3ac4b2f0f;rating_rights=LEGAL_REVIEW_REQUIRED;source_url=https://www.ghin.com/post-score/hole-by-hole/round-setup/33753,2026-09-20 00:00:00+00,NEEDS_VERIFICATION
MOON PALACE CANCÚN,Dunes - Jungle,Cancun,Quintana Roo,Dunes - Jungle,WHITE,,72,,,6272 yd,YES,YES,OWNER_CATALOG_REVIEW,origin=GHIN;facility_id=review-club-19e3e31c6df14e8d4929;layout_id=33753;tee_id=ghin:33753:tee:e3eae62f13b9;rating_rights=LEGAL_REVIEW_REQUIRED;source_url=https://www.ghin.com/post-score/hole-by-hole/round-setup/33753,2026-09-20 00:00:00+00,NEEDS_VERIFICATION
MOON PALACE CANCÚN,Jungle - Lakes,Cancun,Quintana Roo,Jungle - Lakes,BLACK,,72,,,7205 yd,YES,YES,OWNER_CATALOG_REVIEW,origin=GHIN;facility_id=review-club-19e3e31c6df14e8d4929;layout_id=33669;tee_id=ghin:33669:tee:38f7a0db59b2;rating_rights=LEGAL_REVIEW_REQUIRED;source_url=https://www.ghin.com/post-score/hole-by-hole/round-setup/33669,2026-09-20 00:00:00+00,NEEDS_VERIFICATION
MOON PALACE CANCÚN,Jungle - Lakes,Cancun,Quintana Roo,Jungle - Lakes,BLUE,,72,,,6577 yd,YES,YES,OWNER_CATALOG_REVIEW,origin=GHIN;facility_id=review-club-19e3e31c6df14e8d4929;layout_id=33669;tee_id=ghin:33669:tee:0c706ff3441c;rating_rights=LEGAL_REVIEW_REQUIRED;source_url=https://www.ghin.com/post-score/hole-by-hole/round-setup/33669,2026-09-20 00:00:00+00,NEEDS_VERIFICATION
MOON PALACE CANCÚN,Jungle - Lakes,Cancun,Quintana Roo,Jungle - Lakes,GOLD,,72,,,5463 yd,YES,YES,OWNER_CATALOG_REVIEW,origin=GHIN;facility_id=review-club-19e3e31c6df14e8d4929;layout_id=33669;tee_id=ghin:33669:tee:03d3ac4b2f0f;rating_rights=LEGAL_REVIEW_REQUIRED;source_url=https://www.ghin.com/post-score/hole-by-hole/round-setup/33669,2026-09-20 00:00:00+00,NEEDS_VERIFICATION
MOON PALACE CANCÚN,Jungle - Lakes,Cancun,Quintana Roo,Jungle - Lakes,WHITE,,72,,,6310 yd,YES,YES,OWNER_CATALOG_REVIEW,origin=GHIN;facility_id=review-club-19e3e31c6df14e8d4929;layout_id=33669;tee_id=ghin:33669:tee:e3eae62f13b9;rating_rights=LEGAL_REVIEW_REQUIRED;source_url=https://www.ghin.com/post-score/hole-by-hole/round-setup/33669,2026-09-20 00:00:00+00,NEEDS_VERIFICATION
MOON PALACE CANCÚN,Lakes - Dunes,Cancun,Quintana Roo,Lakes - Dunes,BLACK,,72,,,7199 yd,YES,YES,OWNER_CATALOG_REVIEW,origin=GHIN;facility_id=review-club-19e3e31c6df14e8d4929;layout_id=33670;tee_id=ghin:33670:tee:38f7a0db59b2;rating_rights=LEGAL_REVIEW_REQUIRED;source_url=https://www.ghin.com/post-score/hole-by-hole/round-setup/33670,2026-09-20 00:00:00+00,NEEDS_VERIFICATION
MOON PALACE CANCÚN,Lakes - Dunes,Cancun,Quintana Roo,Lakes - Dunes,BLUE,,72,,,6584 yd,YES,YES,OWNER_CATALOG_REVIEW,origin=GHIN;facility_id=review-club-19e3e31c6df14e8d4929;layout_id=33670;tee_id=ghin:33670:tee:0c706ff3441c;rating_rights=LEGAL_REVIEW_REQUIRED;source_url=https://www.ghin.com/post-score/hole-by-hole/round-setup/33670,2026-09-20 00:00:00+00,NEEDS_VERIFICATION
MOON PALACE CANCÚN,Lakes - Dunes,Cancun,Quintana Roo,Lakes - Dunes,GOLD,,72,,,5578 yd,YES,YES,OWNER_CATALOG_REVIEW,origin=GHIN;facility_id=review-club-19e3e31c6df14e8d4929;layout_id=33670;tee_id=ghin:33670:tee:03d3ac4b2f0f;rating_rights=LEGAL_REVIEW_REQUIRED;source_url=https://www.ghin.com/post-score/hole-by-hole/round-setup/33670,2026-09-20 00:00:00+00,NEEDS_VERIFICATION
MOON PALACE CANCÚN,Lakes - Dunes,Cancun,Quintana Roo,Lakes - Dunes,WHITE,,72,,,6300 yd,YES,YES,OWNER_CATALOG_REVIEW,origin=GHIN;facility_id=review-club-19e3e31c6df14e8d4929;layout_id=33670;tee_id=ghin:33670:tee:e3eae62f13b9;rating_rights=LEGAL_REVIEW_REQUIRED;source_url=https://www.ghin.com/post-score/hole-by-hole/round-setup/33670,2026-09-20 00:00:00+00,NEEDS_VERIFICATION
CANCUN GOLF CLUB AT POK TA POK,POK TA POK,Cancún,Quintana Roo,POK TA POK,AMARILLAS,,72,,,5855 yd,YES,YES,OWNER_CATALOG_REVIEW,origin=GHIN;facility_id=review-club-c15a04c97c96945362df;layout_id=26945;tee_id=ghin:26945:tee:a8797d9f33d8;rating_rights=LEGAL_REVIEW_REQUIRED;source_url=https://www.ghin.com/post-score/hole-by-hole/round-setup/26945,2026-09-20 00:00:00+00,NEEDS_VERIFICATION
CANCUN GOLF CLUB AT POK TA POK,POK TA POK,Cancún,Quintana Roo,POK TA POK,AZULES,,72,,,7051 yd,YES,YES,OWNER_CATALOG_REVIEW,origin=GHIN;facility_id=review-club-c15a04c97c96945362df;layout_id=26945;tee_id=ghin:26945:tee:a5be40b61705;rating_rights=LEGAL_REVIEW_REQUIRED;source_url=https://www.ghin.com/post-score/hole-by-hole/round-setup/26945,2026-09-20 00:00:00+00,NEEDS_VERIFICATION
CANCUN GOLF CLUB AT POK TA POK,POK TA POK,Cancún,Quintana Roo,POK TA POK,BLANCAS,,72,,,6421 yd,YES,YES,OWNER_CATALOG_REVIEW,origin=GHIN;facility_id=review-club-c15a04c97c96945362df;layout_id=26945;tee_id=ghin:26945:tee:ad652458406f;rating_rights=LEGAL_REVIEW_REQUIRED;source_url=https://www.ghin.com/post-score/hole-by-hole/round-setup/26945,2026-09-20 00:00:00+00,NEEDS_VERIFICATION
PLAYA MUJERES GOLF CLUB,PLAYA MUJERES,Cancún,Quintana Roo,PLAYA MUJERES,BLACK,,72,,,7218 yd,YES,YES,OWNER_CATALOG_REVIEW,origin=GHIN;facility_id=review-club-99fe35398fa5e377ba1c;layout_id=31612;tee_id=ghin:31612:tee:38f7a0db59b2;rating_rights=LEGAL_REVIEW_REQUIRED;source_url=https://www.ghin.com/post-score/hole-by-hole/round-setup/31612,2026-09-20 00:00:00+00,NEEDS_VERIFICATION
PLAYA MUJERES GOLF CLUB,PLAYA MUJERES,Cancún,Quintana Roo,PLAYA MUJERES,COPPER,,72,,,5859 yd,YES,YES,OWNER_CATALOG_REVIEW,origin=GHIN;facility_id=review-club-99fe35398fa5e377ba1c;layout_id=31612;tee_id=ghin:31612:tee:4554377245fd;rating_rights=LEGAL_REVIEW_REQUIRED;source_url=https://www.ghin.com/post-score/hole-by-hole/round-setup/31612,2026-09-20 00:00:00+00,NEEDS_VERIFICATION
PLAYA MUJERES GOLF CLUB,PLAYA MUJERES,Cancún,Quintana Roo,PLAYA MUJERES,GOLD,,72,,,6775 yd,YES,YES,OWNER_CATALOG_REVIEW,origin=GHIN;facility_id=review-club-99fe35398fa5e377ba1c;layout_id=31612;tee_id=ghin:31612:tee:03d3ac4b2f0f;rating_rights=LEGAL_REVIEW_REQUIRED;source_url=https://www.ghin.com/post-score/hole-by-hole/round-setup/31612,2026-09-20 00:00:00+00,NEEDS_VERIFICATION
PLAYA MUJERES GOLF CLUB,PLAYA MUJERES,Cancún,Quintana Roo,PLAYA MUJERES,SILVER,,72,,,,NO,YES,OWNER_CATALOG_REVIEW,origin=GHIN;facility_id=review-club-99fe35398fa5e377ba1c;layout_id=31612;tee_id=ghin:31612:tee:4bf712e82e4f;rating_rights=LEGAL_REVIEW_REQUIRED;source_url=https://www.ghin.com/post-score/hole-by-hole/round-setup/31612,2026-09-20 00:00:00+00,NEEDS_VERIFICATION
PUERTO CANCUN GOLF CLUB,PUERTO CANCUN,Cancún,Quintana Roo,PUERTO CANCUN,AMARILLAS,,72,,,5681 yd,YES,YES,OWNER_CATALOG_REVIEW,origin=GHIN;facility_id=review-club-c5d58d69c26a9278990c;layout_id=26942;tee_id=ghin:26942:tee:a8797d9f33d8;rating_rights=LEGAL_REVIEW_REQUIRED;source_url=https://www.ghin.com/post-score/hole-by-hole/round-setup/26942,2026-09-20 00:00:00+00,NEEDS_VERIFICATION
PUERTO CANCUN GOLF CLUB,PUERTO CANCUN,Cancún,Quintana Roo,PUERTO CANCUN,AZULES,,72,,,6722 yd,YES,YES,OWNER_CATALOG_REVIEW,origin=GHIN;facility_id=review-club-c5d58d69c26a9278990c;layout_id=26942;tee_id=ghin:26942:tee:a5be40b61705;rating_rights=LEGAL_REVIEW_REQUIRED;source_url=https://www.ghin.com/post-score/hole-by-hole/round-setup/26942,2026-09-20 00:00:00+00,NEEDS_VERIFICATION
PUERTO CANCUN GOLF CLUB,PUERTO CANCUN,Cancún,Quintana Roo,PUERTO CANCUN,BLANCAS,,72,,,6321 yd,YES,YES,OWNER_CATALOG_REVIEW,origin=GHIN;facility_id=review-club-c5d58d69c26a9278990c;layout_id=26942;tee_id=ghin:26942:tee:ad652458406f;rating_rights=LEGAL_REVIEW_REQUIRED;source_url=https://www.ghin.com/post-score/hole-by-hole/round-setup/26942,2026-09-20 00:00:00+00,NEEDS_VERIFICATION
PUERTO CANCUN GOLF CLUB,PUERTO CANCUN,Cancún,Quintana Roo,PUERTO CANCUN,NEGRAS,,72,,,7115 yd,YES,YES,OWNER_CATALOG_REVIEW,origin=GHIN;facility_id=review-club-c5d58d69c26a9278990c;layout_id=26942;tee_id=ghin:26942:tee:6b76f06adc0e;rating_rights=LEGAL_REVIEW_REQUIRED;source_url=https://www.ghin.com/post-score/hole-by-hole/round-setup/26942,2026-09-20 00:00:00+00,NEEDS_VERIFICATION
PUERTO CANCUN GOLF CLUB,PUERTO CANCUN,Cancún,Quintana Roo,PUERTO CANCUN,PLATEADAS,,72,,,3713 yd,YES,YES,OWNER_CATALOG_REVIEW,origin=GHIN;facility_id=review-club-c5d58d69c26a9278990c;layout_id=26942;tee_id=ghin:26942:tee:0bc30df9398a;rating_rights=LEGAL_REVIEW_REQUIRED;source_url=https://www.ghin.com/post-score/hole-by-hole/round-setup/26942,2026-09-20 00:00:00+00,NEEDS_VERIFICATION
RIVIERA CANCUN GOLF CLUB,RIVIERA CANCUN,Cancún,Quintana Roo,RIVIERA CANCUN,AZULES,,72,,,6519 yd,YES,YES,OWNER_CATALOG_REVIEW,origin=GHIN;facility_id=review-club-777b13cb6593fd6b5bf7;layout_id=26935;tee_id=ghin:26935:tee:a5be40b61705;rating_rights=LEGAL_REVIEW_REQUIRED;source_url=https://www.ghin.com/post-score/hole-by-hole/round-setup/26935,2026-09-20 00:00:00+00,NEEDS_VERIFICATION
RIVIERA CANCUN GOLF CLUB,RIVIERA CANCUN,Cancún,Quintana Roo,RIVIERA CANCUN,BLANCAS,,72,,,6200 yd,YES,YES,OWNER_CATALOG_REVIEW,origin=GHIN;facility_id=review-club-777b13cb6593fd6b5bf7;layout_id=26935;tee_id=ghin:26935:tee:ad652458406f;rating_rights=LEGAL_REVIEW_REQUIRED;source_url=https://www.ghin.com/post-score/hole-by-hole/round-setup/26935,2026-09-20 00:00:00+00,NEEDS_VERIFICATION
RIVIERA CANCUN GOLF CLUB,RIVIERA CANCUN,Cancún,Quintana Roo,RIVIERA CANCUN,NEGRAS,,72,,,7060 yd,YES,YES,OWNER_CATALOG_REVIEW,origin=GHIN;facility_id=review-club-777b13cb6593fd6b5bf7;layout_id=26935;tee_id=ghin:26935:tee:6b76f06adc0e;rating_rights=LEGAL_REVIEW_REQUIRED;source_url=https://www.ghin.com/post-score/hole-by-hole/round-setup/26935,2026-09-20 00:00:00+00,NEEDS_VERIFICATION
COZUMEL COUNTRY CLUB,COZUMEL,Cozumel,Quintana Roo,COZUMEL,BLACK,,72,,,6734 yd,YES,YES,OWNER_CATALOG_REVIEW,origin=GHIN;facility_id=review-club-d18ebcb23b167119f1d2;layout_id=28606;tee_id=ghin:28606:tee:38f7a0db59b2;rating_rights=LEGAL_REVIEW_REQUIRED;source_url=https://www.ghin.com/post-score/hole-by-hole/round-setup/28606,2026-09-20 00:00:00+00,NEEDS_VERIFICATION
COZUMEL COUNTRY CLUB,COZUMEL,Cozumel,Quintana Roo,COZUMEL,BLUE,,72,,,6247 yd,YES,YES,OWNER_CATALOG_REVIEW,origin=GHIN;facility_id=review-club-d18ebcb23b167119f1d2;layout_id=28606;tee_id=ghin:28606:tee:0c706ff3441c;rating_rights=LEGAL_REVIEW_REQUIRED;source_url=https://www.ghin.com/post-score/hole-by-hole/round-setup/28606,2026-09-20 00:00:00+00,NEEDS_VERIFICATION
COZUMEL COUNTRY CLUB,COZUMEL,Cozumel,Quintana Roo,COZUMEL,WHITE,,72,,,5624 yd,YES,YES,OWNER_CATALOG_REVIEW,origin=GHIN;facility_id=review-club-d18ebcb23b167119f1d2;layout_id=28606;tee_id=ghin:28606:tee:e3eae62f13b9;rating_rights=LEGAL_REVIEW_REQUIRED;source_url=https://www.ghin.com/post-score/hole-by-hole/round-setup/28606,2026-09-20 00:00:00+00,NEEDS_VERIFICATION
EL CAMALEON MAYAKOBA,EL CAMALEON MAYAKOBA,Playa Del Carmen,Quintana Roo,EL CAMALEON MAYAKOBA,AZULES,,72,,,6568 yd,YES,YES,OWNER_CATALOG_REVIEW,origin=GHIN;facility_id=review-club-a953d830ca94790373b6;layout_id=23244;tee_id=ghin:23244:tee:a5be40b61705;rating_rights=LEGAL_REVIEW_REQUIRED;source_url=https://www.ghin.com/post-score/hole-by-hole/round-setup/23244,2026-09-20 00:00:00+00,NEEDS_VERIFICATION
EL CAMALEON MAYAKOBA,EL CAMALEON MAYAKOBA,Playa Del Carmen,Quintana Roo,EL CAMALEON MAYAKOBA,BLANCAS,,72,,,6183 yd,YES,YES,OWNER_CATALOG_REVIEW,origin=GHIN;facility_id=review-club-a953d830ca94790373b6;layout_id=23244;tee_id=ghin:23244:tee:ad652458406f;rating_rights=LEGAL_REVIEW_REQUIRED;source_url=https://www.ghin.com/post-score/hole-by-hole/round-setup/23244,2026-09-20 00:00:00+00,NEEDS_VERIFICATION
EL CAMALEON MAYAKOBA,EL CAMALEON MAYAKOBA,Playa Del Carmen,Quintana Roo,EL CAMALEON MAYAKOBA,NEGRAS,,72,,,7024 yd,YES,YES,OWNER_CATALOG_REVIEW,origin=GHIN;facility_id=review-club-a953d830ca94790373b6;layout_id=23244;tee_id=ghin:23244:tee:6b76f06adc0e;rating_rights=LEGAL_REVIEW_REQUIRED;source_url=https://www.ghin.com/post-score/hole-by-hole/round-setup/23244,2026-09-20 00:00:00+00,NEEDS_VERIFICATION
EL CAMALEON MAYAKOBA,EL CAMALEON MAYAKOBA,Playa Del Carmen,Quintana Roo,EL CAMALEON MAYAKOBA,VERDES,,72,,,5667 yd,YES,YES,OWNER_CATALOG_REVIEW,origin=GHIN;facility_id=review-club-a953d830ca94790373b6;layout_id=23244;tee_id=ghin:23244:tee:8a0a66f1d328;rating_rights=LEGAL_REVIEW_REQUIRED;source_url=https://www.ghin.com/post-score/hole-by-hole/round-setup/23244,2026-09-20 00:00:00+00,NEEDS_VERIFICATION
GRAN COYOTE GOLF,GRAN COYOTE,Quintana Roo,Quintana Roo,GRAN COYOTE,AZULES,,71,,,6318 yd,YES,YES,OWNER_CATALOG_REVIEW,origin=GHIN;facility_id=review-club-fe4ad066491ee8f00cdd;layout_id=23178;tee_id=ghin:23178:tee:a5be40b61705;rating_rights=LEGAL_REVIEW_REQUIRED;source_url=https://www.ghin.com/post-score/hole-by-hole/round-setup/23178,2026-09-20 00:00:00+00,NEEDS_VERIFICATION
GRAN COYOTE GOLF,GRAN COYOTE,Quintana Roo,Quintana Roo,GRAN COYOTE,BLANCAS,,71,,,5909 yd,YES,YES,OWNER_CATALOG_REVIEW,origin=GHIN;facility_id=review-club-fe4ad066491ee8f00cdd;layout_id=23178;tee_id=ghin:23178:tee:ad652458406f;rating_rights=LEGAL_REVIEW_REQUIRED;source_url=https://www.ghin.com/post-score/hole-by-hole/round-setup/23178,2026-09-20 00:00:00+00,NEEDS_VERIFICATION
GRAN COYOTE GOLF,GRAN COYOTE,Quintana Roo,Quintana Roo,GRAN COYOTE,DORADAS,,71,,,6668 yd,YES,YES,OWNER_CATALOG_REVIEW,origin=GHIN;facility_id=review-club-fe4ad066491ee8f00cdd;layout_id=23178;tee_id=ghin:23178:tee:468e7646a10f;rating_rights=LEGAL_REVIEW_REQUIRED;source_url=https://www.ghin.com/post-score/hole-by-hole/round-setup/23178,2026-09-20 00:00:00+00,NEEDS_VERIFICATION
GRAN COYOTE GOLF,GRAN COYOTE,Quintana Roo,Quintana Roo,GRAN COYOTE,NEGRAS,,71,,,7043 yd,YES,YES,OWNER_CATALOG_REVIEW,origin=GHIN;facility_id=review-club-fe4ad066491ee8f00cdd;layout_id=23178;tee_id=ghin:23178:tee:6b76f06adc0e;rating_rights=LEGAL_REVIEW_REQUIRED;source_url=https://www.ghin.com/post-score/hole-by-hole/round-setup/23178,2026-09-20 00:00:00+00,NEEDS_VERIFICATION
PGA RIVIERA MAYA BY BAHIA PRINCIPE GOLF,Tulum Country Club,Tulum,Quintana Roo,Tulum Country Club,AZULES,,72,,,6691 yd,YES,YES,OWNER_CATALOG_REVIEW,origin=GHIN;facility_id=review-club-f7912c9f42354a0712ec;layout_id=25257;tee_id=ghin:25257:tee:a5be40b61705;rating_rights=LEGAL_REVIEW_REQUIRED;source_url=https://www.ghin.com/post-score/hole-by-hole/round-setup/25257,2026-09-20 00:00:00+00,NEEDS_VERIFICATION
PGA RIVIERA MAYA BY BAHIA PRINCIPE GOLF,Tulum Country Club,Tulum,Quintana Roo,Tulum Country Club,BLANCAS,,72,,,6006 yd,YES,YES,OWNER_CATALOG_REVIEW,origin=GHIN;facility_id=review-club-f7912c9f42354a0712ec;layout_id=25257;tee_id=ghin:25257:tee:ad652458406f;rating_rights=LEGAL_REVIEW_REQUIRED;source_url=https://www.ghin.com/post-score/hole-by-hole/round-setup/25257,2026-09-20 00:00:00+00,NEEDS_VERIFICATION
PGA RIVIERA MAYA BY BAHIA PRINCIPE GOLF,Tulum Country Club,Tulum,Quintana Roo,Tulum Country Club,NEGRAS,,72,,,7272 yd,YES,YES,OWNER_CATALOG_REVIEW,origin=GHIN;facility_id=review-club-f7912c9f42354a0712ec;layout_id=25257;tee_id=ghin:25257:tee:6b76f06adc0e;rating_rights=LEGAL_REVIEW_REQUIRED;source_url=https://www.ghin.com/post-score/hole-by-hole/round-setup/25257,2026-09-20 00:00:00+00,NEEDS_VERIFICATION
PGA RIVIERA MAYA BY BAHIA PRINCIPE GOLF,Tulum Country Club,Tulum,Quintana Roo,Tulum Country Club,Negras Interclubes,,72,,,6791 yd,YES,YES,OWNER_CATALOG_REVIEW,origin=GHIN;facility_id=review-club-f7912c9f42354a0712ec;layout_id=25257;tee_id=ghin:25257:tee:df21bd4e6414;rating_rights=LEGAL_REVIEW_REQUIRED;source_url=https://www.ghin.com/post-score/hole-by-hole/round-setup/25257,2026-09-20 00:00:00+00,NEEDS_VERIFICATION
ALQUERIAS DE POZOS,ALQUERIAS,San Luis Potosí,San Luis Potosí,ALQUERIAS,AZULES,,54,,,2868 yd,YES,YES,OWNER_CATALOG_REVIEW,origin=GHIN;facility_id=review-club-f1581ba9cd665b3bc5e2;layout_id=36036;tee_id=ghin:36036:tee:a5be40b61705;rating_rights=LEGAL_REVIEW_REQUIRED;source_url=https://www.ghin.com/post-score/hole-by-hole/round-setup/36036,2026-09-20 00:00:00+00,NEEDS_VERIFICATION
ALQUERIAS DE POZOS,ALQUERIAS,San Luis Potosí,San Luis Potosí,ALQUERIAS,Azules / Blancas,,54,,,,NO,YES,OWNER_CATALOG_REVIEW,origin=GHIN;facility_id=review-club-f1581ba9cd665b3bc5e2;layout_id=36036;tee_id=ghin:36036:tee:a5f794cf42a8;rating_rights=LEGAL_REVIEW_REQUIRED;source_url=https://www.ghin.com/post-score/hole-by-hole/round-setup/36036,2026-09-20 00:00:00+00,NEEDS_VERIFICATION
ALQUERIAS DE POZOS,ALQUERIAS,San Luis Potosí,San Luis Potosí,ALQUERIAS,BLANCAS,,54,,,2578 yd,YES,YES,OWNER_CATALOG_REVIEW,origin=GHIN;facility_id=review-club-f1581ba9cd665b3bc5e2;layout_id=36036;tee_id=ghin:36036:tee:ad652458406f;rating_rights=LEGAL_REVIEW_REQUIRED;source_url=https://www.ghin.com/post-score/hole-by-hole/round-setup/36036,2026-09-20 00:00:00+00,NEEDS_VERIFICATION
ALQUERIAS DE POZOS,ALQUERIAS,San Luis Potosí,San Luis Potosí,ALQUERIAS,DORADAS,,54,,,1922 yd,YES,YES,OWNER_CATALOG_REVIEW,origin=GHIN;facility_id=review-club-f1581ba9cd665b3bc5e2;layout_id=36036;tee_id=ghin:36036:tee:468e7646a10f;rating_rights=LEGAL_REVIEW_REQUIRED;source_url=https://www.ghin.com/post-score/hole-by-hole/round-setup/36036,2026-09-20 00:00:00+00,NEEDS_VERIFICATION
CLUB CAMPESTRE DE SAN LUIS,SAN LUIS,San Luis Potosí,San Luis Potosí,SAN LUIS,AZULES,,72,,,6493 yd,YES,YES,OWNER_CATALOG_REVIEW,origin=GHIN;facility_id=review-club-5f468f64989546a393a3;layout_id=23230;tee_id=ghin:23230:tee:a5be40b61705;rating_rights=LEGAL_REVIEW_REQUIRED;source_url=https://www.ghin.com/post-score/hole-by-hole/round-setup/23230,2026-09-20 00:00:00+00,NEEDS_VERIFICATION
CLUB CAMPESTRE DE SAN LUIS,SAN LUIS,San Luis Potosí,San Luis Potosí,SAN LUIS,BLANCAS,,72,,,6222 yd,YES,YES,OWNER_CATALOG_REVIEW,origin=GHIN;facility_id=review-club-5f468f64989546a393a3;layout_id=23230;tee_id=ghin:23230:tee:ad652458406f;rating_rights=LEGAL_REVIEW_REQUIRED;source_url=https://www.ghin.com/post-score/hole-by-hole/round-setup/23230,2026-09-20 00:00:00+00,NEEDS_VERIFICATION
CLUB CAMPESTRE DE SAN LUIS,SAN LUIS,San Luis Potosí,San Luis Potosí,SAN LUIS,DORADAS,,72,,,5579 yd,YES,YES,OWNER_CATALOG_REVIEW,origin=GHIN;facility_id=review-club-5f468f64989546a393a3;layout_id=23230;tee_id=ghin:23230:tee:468e7646a10f;rating_rights=LEGAL_REVIEW_REQUIRED;source_url=https://www.ghin.com/post-score/hole-by-hole/round-setup/23230,2026-09-20 00:00:00+00,NEEDS_VERIFICATION
CLUB DE GOLF LA PRIMAVERA,La Primavera,Culiacan,Sinaloa,La Primavera,AZULES,,72,,,6768 yd,YES,YES,OWNER_CATALOG_REVIEW,origin=GHIN;facility_id=review-club-6b7e5abd5b04e1942da9;layout_id=27038;tee_id=ghin:27038:tee:a5be40b61705;rating_rights=LEGAL_REVIEW_REQUIRED;source_url=https://www.ghin.com/post-score/hole-by-hole/round-setup/27038,2026-09-20 00:00:00+00,NEEDS_VERIFICATION
CLUB DE GOLF LA PRIMAVERA,La Primavera,Culiacan,Sinaloa,La Primavera,BLANCAS,,72,,,6107 yd,YES,YES,OWNER_CATALOG_REVIEW,origin=GHIN;facility_id=review-club-6b7e5abd5b04e1942da9;layout_id=27038;tee_id=ghin:27038:tee:ad652458406f;rating_rights=LEGAL_REVIEW_REQUIRED;source_url=https://www.ghin.com/post-score/hole-by-hole/round-setup/27038,2026-09-20 00:00:00+00,NEEDS_VERIFICATION
CLUB DE GOLF LA PRIMAVERA,La Primavera,Culiacan,Sinaloa,La Primavera,DORADAS,,72,,,5590 yd,YES,YES,OWNER_CATALOG_REVIEW,origin=GHIN;facility_id=review-club-6b7e5abd5b04e1942da9;layout_id=27038;tee_id=ghin:27038:tee:468e7646a10f;rating_rights=LEGAL_REVIEW_REQUIRED;source_url=https://www.ghin.com/post-score/hole-by-hole/round-setup/27038,2026-09-20 00:00:00+00,NEEDS_VERIFICATION
CLUB DE GOLF LA PRIMAVERA,La Primavera,Culiacan,Sinaloa,La Primavera,NEGRAS,,72,,,7438 yd,YES,YES,OWNER_CATALOG_REVIEW,origin=GHIN;facility_id=review-club-6b7e5abd5b04e1942da9;layout_id=27038;tee_id=ghin:27038:tee:6b76f06adc0e;rating_rights=LEGAL_REVIEW_REQUIRED;source_url=https://www.ghin.com/post-score/hole-by-hole/round-setup/27038,2026-09-20 00:00:00+00,NEEDS_VERIFICATION
COUNTRY CLUB DE CULIACAN,LAS IGUANAS,Culiacán,Sinaloa,LAS IGUANAS,AZULES,,71,,,6608 yd,YES,YES,OWNER_CATALOG_REVIEW,origin=GHIN;facility_id=review-club-98e2f5e23c20b50f40f2;layout_id=29148;tee_id=ghin:29148:tee:a5be40b61705;rating_rights=LEGAL_REVIEW_REQUIRED;source_url=https://www.ghin.com/post-score/hole-by-hole/round-setup/29148,2026-09-20 00:00:00+00,NEEDS_VERIFICATION
COUNTRY CLUB DE CULIACAN,LAS IGUANAS,Culiacán,Sinaloa,LAS IGUANAS,BLANCAS,,71,,,6096 yd,YES,YES,OWNER_CATALOG_REVIEW,origin=GHIN;facility_id=review-club-98e2f5e23c20b50f40f2;layout_id=29148;tee_id=ghin:29148:tee:ad652458406f;rating_rights=LEGAL_REVIEW_REQUIRED;source_url=https://www.ghin.com/post-score/hole-by-hole/round-setup/29148,2026-09-20 00:00:00+00,NEEDS_VERIFICATION
COUNTRY CLUB DE CULIACAN,LAS IGUANAS,Culiacán,Sinaloa,LAS IGUANAS,DORADAS,,71,,,5793 yd,YES,YES,OWNER_CATALOG_REVIEW,origin=GHIN;facility_id=review-club-98e2f5e23c20b50f40f2;layout_id=29148;tee_id=ghin:29148:tee:468e7646a10f;rating_rights=LEGAL_REVIEW_REQUIRED;source_url=https://www.ghin.com/post-score/hole-by-hole/round-setup/29148,2026-09-20 00:00:00+00,NEEDS_VERIFICATION
Country Club de Los Mochis,LOS MOCHIS,Los Mochis,Sinaloa,LOS MOCHIS,AZULES/BLANCAS,,70,,,5646 yd,YES,YES,OWNER_CATALOG_REVIEW,origin=GHIN;facility_id=review-club-0b4bef9000a7acc1e941;layout_id=22642;tee_id=ghin:22642:tee:2ff197576066;rating_rights=LEGAL_REVIEW_REQUIRED;source_url=https://www.ghin.com/post-score/hole-by-hole/round-setup/22642,2026-09-20 00:00:00+00,NEEDS_VERIFICATION
Country Club de Los Mochis,LOS MOCHIS,Los Mochis,Sinaloa,LOS MOCHIS,ROJAS/AMARILLAS,,70,,,4869 yd,YES,YES,OWNER_CATALOG_REVIEW,origin=GHIN;facility_id=review-club-0b4bef9000a7acc1e941;layout_id=22642;tee_id=ghin:22642:tee:faaba71a12de;rating_rights=LEGAL_REVIEW_REQUIRED;source_url=https://www.ghin.com/post-score/hole-by-hole/round-setup/22642,2026-09-20 00:00:00+00,NEEDS_VERIFICATION
El Cid Golf & CC,Castilla - Marina,Mazatlán,Sinaloa,Castilla - Marina,Blue C/M,,72,,,6657 yd,YES,YES,OWNER_CATALOG_REVIEW,origin=GHIN;facility_id=review-club-e8f818bfbbb342cd2f11;layout_id=23524;tee_id=ghin:23524:tee:24145b2f0dc7;rating_rights=LEGAL_REVIEW_REQUIRED;source_url=https://www.ghin.com/post-score/hole-by-hole/round-setup/23524,2026-09-20 00:00:00+00,NEEDS_VERIFICATION
El Cid Golf & CC,Castilla - Marina,Mazatlán,Sinaloa,Castilla - Marina,GOLD C/M,,72,,,5670 yd,YES,YES,OWNER_CATALOG_REVIEW,origin=GHIN;facility_id=review-club-e8f818bfbbb342cd2f11;layout_id=23524;tee_id=ghin:23524:tee:817de2eae9bb;rating_rights=LEGAL_REVIEW_REQUIRED;source_url=https://www.ghin.com/post-score/hole-by-hole/round-setup/23524,2026-09-20 00:00:00+00,NEEDS_VERIFICATION
El Cid Golf & CC,Castilla - Marina,Mazatlán,Sinaloa,Castilla - Marina,MIXED C/M,,72,,,5939 yd,YES,YES,OWNER_CATALOG_REVIEW,origin=GHIN;facility_id=review-club-e8f818bfbbb342cd2f11;layout_id=23524;tee_id=ghin:23524:tee:b9982af7ec05;rating_rights=LEGAL_REVIEW_REQUIRED;source_url=https://www.ghin.com/post-score/hole-by-hole/round-setup/23524,2026-09-20 00:00:00+00,NEEDS_VERIFICATION
El Cid Golf & CC,Castilla - Marina,Mazatlán,Sinaloa,Castilla - Marina,Orange C/M,,72,,,3950 yd,YES,YES,OWNER_CATALOG_REVIEW,origin=GHIN;facility_id=review-club-e8f818bfbbb342cd2f11;layout_id=23524;tee_id=ghin:23524:tee:e23bd46c5cb2;rating_rights=LEGAL_REVIEW_REQUIRED;source_url=https://www.ghin.com/post-score/hole-by-hole/round-setup/23524,2026-09-20 00:00:00+00,NEEDS_VERIFICATION
El Cid Golf & CC,Castilla - Marina,Mazatlán,Sinaloa,Castilla - Marina,Red C/M,,72,,,5151 yd,YES,YES,OWNER_CATALOG_REVIEW,origin=GHIN;facility_id=review-club-e8f818bfbbb342cd2f11;layout_id=23524;tee_id=ghin:23524:tee:aadb829fce3a;rating_rights=LEGAL_REVIEW_REQUIRED;source_url=https://www.ghin.com/post-score/hole-by-hole/round-setup/23524,2026-09-20 00:00:00+00,NEEDS_VERIFICATION
El Cid Golf & CC,Castilla - Marina,Mazatlán,Sinaloa,Castilla - Marina,White C/M,,72,,,6283 yd,YES,YES,OWNER_CATALOG_REVIEW,origin=GHIN;facility_id=review-club-e8f818bfbbb342cd2f11;layout_id=23524;tee_id=ghin:23524:tee:ab9d6b401568;rating_rights=LEGAL_REVIEW_REQUIRED;source_url=https://www.ghin.com/post-score/hole-by-hole/round-setup/23524,2026-09-20 00:00:00+00,NEEDS_VERIFICATION
El Cid Golf & CC,Marina - Moro,Mazatlán,Sinaloa,Marina - Moro,Blue M/M,,72,,,6887 yd,YES,YES,OWNER_CATALOG_REVIEW,origin=GHIN;facility_id=review-club-e8f818bfbbb342cd2f11;layout_id=23445;tee_id=ghin:23445:tee:69742adf747b;rating_rights=LEGAL_REVIEW_REQUIRED;source_url=https://www.ghin.com/post-score/hole-by-hole/round-setup/23445,2026-09-20 00:00:00+00,NEEDS_VERIFICATION
El Cid Golf & CC,Marina - Moro,Mazatlán,Sinaloa,Marina - Moro,GOLD M/M,,72,,,5803 yd,YES,YES,OWNER_CATALOG_REVIEW,origin=GHIN;facility_id=review-club-e8f818bfbbb342cd2f11;layout_id=23445;tee_id=ghin:23445:tee:a784291689f4;rating_rights=LEGAL_REVIEW_REQUIRED;source_url=https://www.ghin.com/post-score/hole-by-hole/round-setup/23445,2026-09-20 00:00:00+00,NEEDS_VERIFICATION
El Cid Golf & CC,Marina - Moro,Mazatlán,Sinaloa,Marina - Moro,MIXED M/M,,72,,,6049 yd,YES,YES,OWNER_CATALOG_REVIEW,origin=GHIN;facility_id=review-club-e8f818bfbbb342cd2f11;layout_id=23445;tee_id=ghin:23445:tee:aa15c07911f8;rating_rights=LEGAL_REVIEW_REQUIRED;source_url=https://www.ghin.com/post-score/hole-by-hole/round-setup/23445,2026-09-20 00:00:00+00,NEEDS_VERIFICATION
El Cid Golf & CC,Marina - Moro,Mazatlán,Sinaloa,Marina - Moro,Orange M/M,,72,,,4293 yd,YES,YES,OWNER_CATALOG_REVIEW,origin=GHIN;facility_id=review-club-e8f818bfbbb342cd2f11;layout_id=23445;tee_id=ghin:23445:tee:97a31b798511;rating_rights=LEGAL_REVIEW_REQUIRED;source_url=https://www.ghin.com/post-score/hole-by-hole/round-setup/23445,2026-09-20 00:00:00+00,NEEDS_VERIFICATION
El Cid Golf & CC,Marina - Moro,Mazatlán,Sinaloa,Marina - Moro,Red M/M,,72,,,5329 yd,YES,YES,OWNER_CATALOG_REVIEW,origin=GHIN;facility_id=review-club-e8f818bfbbb342cd2f11;layout_id=23445;tee_id=ghin:23445:tee:84be3d04b627;rating_rights=LEGAL_REVIEW_REQUIRED;source_url=https://www.ghin.com/post-score/hole-by-hole/round-setup/23445,2026-09-20 00:00:00+00,NEEDS_VERIFICATION
El Cid Golf & CC,Marina - Moro,Mazatlán,Sinaloa,Marina - Moro,White M/M,,72,,,6493 yd,YES,YES,OWNER_CATALOG_REVIEW,origin=GHIN;facility_id=review-club-e8f818bfbbb342cd2f11;layout_id=23445;tee_id=ghin:23445:tee:ffb159f315de;rating_rights=LEGAL_REVIEW_REQUIRED;source_url=https://www.ghin.com/post-score/hole-by-hole/round-setup/23445,2026-09-20 00:00:00+00,NEEDS_VERIFICATION
El Cid Golf & CC,Moro-Castilla,Mazatlán,Sinaloa,Moro-Castilla,Blue,,72,,,6633 yd,YES,YES,OWNER_CATALOG_REVIEW,origin=GHIN;facility_id=review-club-e8f818bfbbb342cd2f11;layout_id=26102;tee_id=ghin:26102:tee:0c8189ae1d57;rating_rights=LEGAL_REVIEW_REQUIRED;source_url=https://www.ghin.com/post-score/hole-by-hole/round-setup/26102,2026-09-20 00:00:00+00,NEEDS_VERIFICATION
El Cid Golf & CC,Moro-Castilla,Mazatlán,Sinaloa,Moro-Castilla,Gold,,72,,,5599 yd,YES,YES,OWNER_CATALOG_REVIEW,origin=GHIN;facility_id=review-club-e8f818bfbbb342cd2f11;layout_id=26102;tee_id=ghin:26102:tee:587a239f08d8;rating_rights=LEGAL_REVIEW_REQUIRED;source_url=https://www.ghin.com/post-score/hole-by-hole/round-setup/26102,2026-09-20 00:00:00+00,NEEDS_VERIFICATION
El Cid Golf & CC,Moro-Castilla,Mazatlán,Sinaloa,Moro-Castilla,Mixed,,72,,,5964 yd,YES,YES,OWNER_CATALOG_REVIEW,origin=GHIN;facility_id=review-club-e8f818bfbbb342cd2f11;layout_id=26102;tee_id=ghin:26102:tee:261100377dc9;rating_rights=LEGAL_REVIEW_REQUIRED;source_url=https://www.ghin.com/post-score/hole-by-hole/round-setup/26102,2026-09-20 00:00:00+00,NEEDS_VERIFICATION
El Cid Golf & CC,Moro-Castilla,Mazatlán,Sinaloa,Moro-Castilla,Orange,,72,,,4149 yd,YES,YES,OWNER_CATALOG_REVIEW,origin=GHIN;facility_id=review-club-e8f818bfbbb342cd2f11;layout_id=26102;tee_id=ghin:26102:tee:8aba495265ea;rating_rights=LEGAL_REVIEW_REQUIRED;source_url=https://www.ghin.com/post-score/hole-by-hole/round-setup/26102,2026-09-20 00:00:00+00,NEEDS_VERIFICATION
El Cid Golf & CC,Moro-Castilla,Mazatlán,Sinaloa,Moro-Castilla,Red,,72,,,5346 yd,YES,YES,OWNER_CATALOG_REVIEW,origin=GHIN;facility_id=review-club-e8f818bfbbb342cd2f11;layout_id=26102;tee_id=ghin:26102:tee:35a1d2d831fc;rating_rights=LEGAL_REVIEW_REQUIRED;source_url=https://www.ghin.com/post-score/hole-by-hole/round-setup/26102,2026-09-20 00:00:00+00,NEEDS_VERIFICATION
El Cid Golf & CC,Moro-Castilla,Mazatlán,Sinaloa,Moro-Castilla,White,,72,,,6348 yd,YES,YES,OWNER_CATALOG_REVIEW,origin=GHIN;facility_id=review-club-e8f818bfbbb342cd2f11;layout_id=26102;tee_id=ghin:26102:tee:af96eeaf78e7;rating_rights=LEGAL_REVIEW_REQUIRED;source_url=https://www.ghin.com/post-score/hole-by-hole/round-setup/26102,2026-09-20 00:00:00+00,NEEDS_VERIFICATION
Estrella Del Mar Golf Club,Estrella Del Mar Golf Club,Mazatlán,Sinaloa,Estrella Del Mar Golf Club,Black,,72,,,7031 yd,YES,YES,OWNER_CATALOG_REVIEW,origin=GHIN;facility_id=review-club-f2a1ff4442c28bebf711;layout_id=20010;tee_id=ghin:20010:tee:a5214e9bf046;rating_rights=LEGAL_REVIEW_REQUIRED;source_url=https://www.ghin.com/post-score/hole-by-hole/round-setup/20010,2026-09-20 00:00:00+00,NEEDS_VERIFICATION
Estrella Del Mar Golf Club,Estrella Del Mar Golf Club,Mazatlán,Sinaloa,Estrella Del Mar Golf Club,Blue,,72,,,6499 yd,YES,YES,OWNER_CATALOG_REVIEW,origin=GHIN;facility_id=review-club-f2a1ff4442c28bebf711;layout_id=20010;tee_id=ghin:20010:tee:0c8189ae1d57;rating_rights=LEGAL_REVIEW_REQUIRED;source_url=https://www.ghin.com/post-score/hole-by-hole/round-setup/20010,2026-09-20 00:00:00+00,NEEDS_VERIFICATION
Estrella Del Mar Golf Club,Estrella Del Mar Golf Club,Mazatlán,Sinaloa,Estrella Del Mar Golf Club,Pink,,72,,,4620 yd,YES,YES,OWNER_CATALOG_REVIEW,origin=GHIN;facility_id=review-club-f2a1ff4442c28bebf711;layout_id=20010;tee_id=ghin:20010:tee:c70cefe24fad;rating_rights=LEGAL_REVIEW_REQUIRED;source_url=https://www.ghin.com/post-score/hole-by-hole/round-setup/20010,2026-09-20 00:00:00+00,NEEDS_VERIFICATION
Estrella Del Mar Golf Club,Estrella Del Mar Golf Club,Mazatlán,Sinaloa,Estrella Del Mar Golf Club,Red,,72,,,5473 yd,YES,YES,OWNER_CATALOG_REVIEW,origin=GHIN;facility_id=review-club-f2a1ff4442c28bebf711;layout_id=20010;tee_id=ghin:20010:tee:35a1d2d831fc;rating_rights=LEGAL_REVIEW_REQUIRED;source_url=https://www.ghin.com/post-score/hole-by-hole/round-setup/20010,2026-09-20 00:00:00+00,NEEDS_VERIFICATION
Estrella Del Mar Golf Club,Estrella Del Mar Golf Club,Mazatlán,Sinaloa,Estrella Del Mar Golf Club,Red/Pink Combo,,72,,,4842 yd,YES,YES,OWNER_CATALOG_REVIEW,origin=GHIN;facility_id=review-club-f2a1ff4442c28bebf711;layout_id=20010;tee_id=ghin:20010:tee:24dc82710ccf;rating_rights=LEGAL_REVIEW_REQUIRED;source_url=https://www.ghin.com/post-score/hole-by-hole/round-setup/20010,2026-09-20 00:00:00+00,NEEDS_VERIFICATION
Estrella Del Mar Golf Club,Estrella Del Mar Golf Club,Mazatlán,Sinaloa,Estrella Del Mar Golf Club,Silver,,72,,,5718 yd,YES,YES,OWNER_CATALOG_REVIEW,origin=GHIN;facility_id=review-club-f2a1ff4442c28bebf711;layout_id=20010;tee_id=ghin:20010:tee:be20a6cdedd8;rating_rights=LEGAL_REVIEW_REQUIRED;source_url=https://www.ghin.com/post-score/hole-by-hole/round-setup/20010,2026-09-20 00:00:00+00,NEEDS_VERIFICATION
Estrella Del Mar Golf Club,Estrella Del Mar Golf Club,Mazatlán,Sinaloa,Estrella Del Mar Golf Club,White,,72,,,6144 yd,YES,YES,OWNER_CATALOG_REVIEW,origin=GHIN;facility_id=review-club-f2a1ff4442c28bebf711;layout_id=20010;tee_id=ghin:20010:tee:af96eeaf78e7;rating_rights=LEGAL_REVIEW_REQUIRED;source_url=https://www.ghin.com/post-score/hole-by-hole/round-setup/20010,2026-09-20 00:00:00+00,NEEDS_VERIFICATION
Estrella Del Mar Golf Club,Estrella Del Mar Golf Club,Mazatlán,Sinaloa,Estrella Del Mar Golf Club,White/Silver Combo,,72,,,5888 yd,YES,YES,OWNER_CATALOG_REVIEW,origin=GHIN;facility_id=review-club-f2a1ff4442c28bebf711;layout_id=20010;tee_id=ghin:20010:tee:b6f1bbe9697e;rating_rights=LEGAL_REVIEW_REQUIRED;source_url=https://www.ghin.com/post-score/hole-by-hole/round-setup/20010,2026-09-20 00:00:00+00,NEEDS_VERIFICATION
CLUB CAMPESTRE REAL DEL CATORCE,REAL DEL CATORCE,Hermosillo,Sonora,REAL DEL CATORCE,BLANCAS,,64,,,,NO,NO,OWNER_CATALOG_REVIEW,origin=GHIN;facility_id=review-club-466f0232d7599f13d6e8;layout_id=23195;tee_id=ghin:23195:tee:ad652458406f;rating_rights=LEGAL_REVIEW_REQUIRED;source_url=https://www.ghin.com/post-score/hole-by-hole/round-setup/23195,2026-09-20 00:00:00+00,NEEDS_VERIFICATION
"Links at Las Palomas, The","Links at Las Palomas, The",Puerto Penasco,Sonora,"Links at Las Palomas, The",Black,,72,,,6844 yd,YES,YES,OWNER_CATALOG_REVIEW,origin=GHIN;facility_id=review-club-f07ab2752a57b842f0b2;layout_id=22606;tee_id=ghin:22606:tee:a5214e9bf046;rating_rights=LEGAL_REVIEW_REQUIRED;source_url=https://www.ghin.com/post-score/hole-by-hole/round-setup/22606,2026-09-20 00:00:00+00,NEEDS_VERIFICATION
"Links at Las Palomas, The","Links at Las Palomas, The",Puerto Penasco,Sonora,"Links at Las Palomas, The",Blue,,72,,,6429 yd,YES,YES,OWNER_CATALOG_REVIEW,origin=GHIN;facility_id=review-club-f07ab2752a57b842f0b2;layout_id=22606;tee_id=ghin:22606:tee:0c8189ae1d57;rating_rights=LEGAL_REVIEW_REQUIRED;source_url=https://www.ghin.com/post-score/hole-by-hole/round-setup/22606,2026-09-20 00:00:00+00,NEEDS_VERIFICATION
"Links at Las Palomas, The","Links at Las Palomas, The",Puerto Penasco,Sonora,"Links at Las Palomas, The",Blue/Gold Combo,,72,,,6059 yd,YES,YES,OWNER_CATALOG_REVIEW,origin=GHIN;facility_id=review-club-f07ab2752a57b842f0b2;layout_id=22606;tee_id=ghin:22606:tee:60c8d3833957;rating_rights=LEGAL_REVIEW_REQUIRED;source_url=https://www.ghin.com/post-score/hole-by-hole/round-setup/22606,2026-09-20 00:00:00+00,NEEDS_VERIFICATION
"Links at Las Palomas, The","Links at Las Palomas, The",Puerto Penasco,Sonora,"Links at Las Palomas, The",Gold,,72,,,5769 yd,YES,YES,OWNER_CATALOG_REVIEW,origin=GHIN;facility_id=review-club-f07ab2752a57b842f0b2;layout_id=22606;tee_id=ghin:22606:tee:587a239f08d8;rating_rights=LEGAL_REVIEW_REQUIRED;source_url=https://www.ghin.com/post-score/hole-by-hole/round-setup/22606,2026-09-20 00:00:00+00,NEEDS_VERIFICATION
"Links at Las Palomas, The","Links at Las Palomas, The",Puerto Penasco,Sonora,"Links at Las Palomas, The",Gold/Red Combo,,72,,,5520 yd,YES,YES,OWNER_CATALOG_REVIEW,origin=GHIN;facility_id=review-club-f07ab2752a57b842f0b2;layout_id=22606;tee_id=ghin:22606:tee:e02789491e38;rating_rights=LEGAL_REVIEW_REQUIRED;source_url=https://www.ghin.com/post-score/hole-by-hole/round-setup/22606,2026-09-20 00:00:00+00,NEEDS_VERIFICATION
"Links at Las Palomas, The","Links at Las Palomas, The",Puerto Penasco,Sonora,"Links at Las Palomas, The",Red,,72,,,5016 yd,YES,YES,OWNER_CATALOG_REVIEW,origin=GHIN;facility_id=review-club-f07ab2752a57b842f0b2;layout_id=22606;tee_id=ghin:22606:tee:35a1d2d831fc;rating_rights=LEGAL_REVIEW_REQUIRED;source_url=https://www.ghin.com/post-score/hole-by-hole/round-setup/22606,2026-09-20 00:00:00+00,NEEDS_VERIFICATION
Vidanta Golf Puerto Penasco,Vidanta Golf Puerto Penasco,Puerto Peñasco,Sonora,Vidanta Golf Puerto Penasco,Black,,72,,,7210 yd,YES,YES,OWNER_CATALOG_REVIEW,origin=GHIN;facility_id=review-club-cc68792ae5a7ba0f7d24;layout_id=20809;tee_id=ghin:20809:tee:a5214e9bf046;rating_rights=LEGAL_REVIEW_REQUIRED;source_url=https://www.ghin.com/post-score/hole-by-hole/round-setup/20809,2026-09-20 00:00:00+00,NEEDS_VERIFICATION
Vidanta Golf Puerto Penasco,Vidanta Golf Puerto Penasco,Puerto Peñasco,Sonora,Vidanta Golf Puerto Penasco,Blue,,72,,,6640 yd,YES,YES,OWNER_CATALOG_REVIEW,origin=GHIN;facility_id=review-club-cc68792ae5a7ba0f7d24;layout_id=20809;tee_id=ghin:20809:tee:0c8189ae1d57;rating_rights=LEGAL_REVIEW_REQUIRED;source_url=https://www.ghin.com/post-score/hole-by-hole/round-setup/20809,2026-09-20 00:00:00+00,NEEDS_VERIFICATION
Vidanta Golf Puerto Penasco,Vidanta Golf Puerto Penasco,Puerto Peñasco,Sonora,Vidanta Golf Puerto Penasco,Gold,,72,,,5475 yd,YES,YES,OWNER_CATALOG_REVIEW,origin=GHIN;facility_id=review-club-cc68792ae5a7ba0f7d24;layout_id=20809;tee_id=ghin:20809:tee:587a239f08d8;rating_rights=LEGAL_REVIEW_REQUIRED;source_url=https://www.ghin.com/post-score/hole-by-hole/round-setup/20809,2026-09-20 00:00:00+00,NEEDS_VERIFICATION
Vidanta Golf Puerto Penasco,Vidanta Golf Puerto Penasco,Puerto Peñasco,Sonora,Vidanta Golf Puerto Penasco,Red,,72,,,5180 yd,YES,YES,OWNER_CATALOG_REVIEW,origin=GHIN;facility_id=review-club-cc68792ae5a7ba0f7d24;layout_id=20809;tee_id=ghin:20809:tee:35a1d2d831fc;rating_rights=LEGAL_REVIEW_REQUIRED;source_url=https://www.ghin.com/post-score/hole-by-hole/round-setup/20809,2026-09-20 00:00:00+00,NEEDS_VERIFICATION
Vidanta Golf Puerto Penasco,Vidanta Golf Puerto Penasco,Puerto Peñasco,Sonora,Vidanta Golf Puerto Penasco,White,,72,,,6383 yd,YES,YES,OWNER_CATALOG_REVIEW,origin=GHIN;facility_id=review-club-cc68792ae5a7ba0f7d24;layout_id=20809;tee_id=ghin:20809:tee:af96eeaf78e7;rating_rights=LEGAL_REVIEW_REQUIRED;source_url=https://www.ghin.com/post-score/hole-by-hole/round-setup/20809,2026-09-20 00:00:00+00,NEEDS_VERIFICATION
CLUB DE GOLF ALTOZANO EL NUEVO TABASCO,ALTOZANO TABASCO,Villahermosa,Tabasco,ALTOZANO TABASCO,AZULES,,72,,,6826 yd,YES,YES,OWNER_CATALOG_REVIEW,origin=GHIN;facility_id=review-club-e6d0cb6070cbbd12b4c7;layout_id=23491;tee_id=ghin:23491:tee:a5be40b61705;rating_rights=LEGAL_REVIEW_REQUIRED;source_url=https://www.ghin.com/post-score/hole-by-hole/round-setup/23491,2026-09-20 00:00:00+00,NEEDS_VERIFICATION
CLUB DE GOLF ALTOZANO EL NUEVO TABASCO,ALTOZANO TABASCO,Villahermosa,Tabasco,ALTOZANO TABASCO,BLANCAS,,72,,,6336 yd,YES,YES,OWNER_CATALOG_REVIEW,origin=GHIN;facility_id=review-club-e6d0cb6070cbbd12b4c7;layout_id=23491;tee_id=ghin:23491:tee:ad652458406f;rating_rights=LEGAL_REVIEW_REQUIRED;source_url=https://www.ghin.com/post-score/hole-by-hole/round-setup/23491,2026-09-20 00:00:00+00,NEEDS_VERIFICATION
CLUB DE GOLF ALTOZANO EL NUEVO TABASCO,ALTOZANO TABASCO,Villahermosa,Tabasco,ALTOZANO TABASCO,DORADAS,,72,,,5770 yd,YES,YES,OWNER_CATALOG_REVIEW,origin=GHIN;facility_id=review-club-e6d0cb6070cbbd12b4c7;layout_id=23491;tee_id=ghin:23491:tee:468e7646a10f;rating_rights=LEGAL_REVIEW_REQUIRED;source_url=https://www.ghin.com/post-score/hole-by-hole/round-setup/23491,2026-09-20 00:00:00+00,NEEDS_VERIFICATION
CLUB DE GOLF ALTOZANO EL NUEVO TABASCO,ALTOZANO TABASCO,Villahermosa,Tabasco,ALTOZANO TABASCO,NEGRAS,,72,,,7082 yd,YES,YES,OWNER_CATALOG_REVIEW,origin=GHIN;facility_id=review-club-e6d0cb6070cbbd12b4c7;layout_id=23491;tee_id=ghin:23491:tee:6b76f06adc0e;rating_rights=LEGAL_REVIEW_REQUIRED;source_url=https://www.ghin.com/post-score/hole-by-hole/round-setup/23491,2026-09-20 00:00:00+00,NEEDS_VERIFICATION
CLUB DE GOLF LAGUNAS DE MIRALTA,LAGUNAS DE MIRALTA,Altamira,Tamaulipas,LAGUNAS DE MIRALTA,AZULES,,72,,,6960 yd,YES,YES,OWNER_CATALOG_REVIEW,origin=GHIN;facility_id=review-club-c285b70e587e927fb068;layout_id=23269;tee_id=ghin:23269:tee:a5be40b61705;rating_rights=LEGAL_REVIEW_REQUIRED;source_url=https://www.ghin.com/post-score/hole-by-hole/round-setup/23269,2026-09-20 00:00:00+00,NEEDS_VERIFICATION
CLUB DE GOLF LAGUNAS DE MIRALTA,LAGUNAS DE MIRALTA,Altamira,Tamaulipas,LAGUNAS DE MIRALTA,BLANCAS,,72,,,6354 yd,YES,YES,OWNER_CATALOG_REVIEW,origin=GHIN;facility_id=review-club-c285b70e587e927fb068;layout_id=23269;tee_id=ghin:23269:tee:ad652458406f;rating_rights=LEGAL_REVIEW_REQUIRED;source_url=https://www.ghin.com/post-score/hole-by-hole/round-setup/23269,2026-09-20 00:00:00+00,NEEDS_VERIFICATION
CLUB DE GOLF LAGUNAS DE MIRALTA,LAGUNAS DE MIRALTA,Altamira,Tamaulipas,LAGUNAS DE MIRALTA,DORADAS,,72,,,5726 yd,YES,YES,OWNER_CATALOG_REVIEW,origin=GHIN;facility_id=review-club-c285b70e587e927fb068;layout_id=23269;tee_id=ghin:23269:tee:468e7646a10f;rating_rights=LEGAL_REVIEW_REQUIRED;source_url=https://www.ghin.com/post-score/hole-by-hole/round-setup/23269,2026-09-20 00:00:00+00,NEEDS_VERIFICATION
CLUB CAMPESTRE VICTORIA,VICTORIA,Cd. Victoria,Tamaulipas,VICTORIA,AMARILLAS / AZULES,,72,,,6456 yd,YES,YES,OWNER_CATALOG_REVIEW,origin=GHIN;facility_id=review-club-535b825f6cc4a756196b;layout_id=23219;tee_id=ghin:23219:tee:4d2e96bf3609;rating_rights=LEGAL_REVIEW_REQUIRED;source_url=https://www.ghin.com/post-score/hole-by-hole/round-setup/23219,2026-09-20 00:00:00+00,NEEDS_VERIFICATION
CLUB CAMPESTRE VICTORIA,VICTORIA,Cd. Victoria,Tamaulipas,VICTORIA,DORADAS,,72,,,5640 yd,YES,YES,OWNER_CATALOG_REVIEW,origin=GHIN;facility_id=review-club-535b825f6cc4a756196b;layout_id=23219;tee_id=ghin:23219:tee:468e7646a10f;rating_rights=LEGAL_REVIEW_REQUIRED;source_url=https://www.ghin.com/post-score/hole-by-hole/round-setup/23219,2026-09-20 00:00:00+00,NEEDS_VERIFICATION
COUNTRY CLUB MANTE,MANTE,Mante,Tamaulipas,MANTE,BLANCAS,,72,,,5957 yd,YES,YES,OWNER_CATALOG_REVIEW,origin=GHIN;facility_id=review-club-3b9ee55da9b7da42ef22;layout_id=23261;tee_id=ghin:23261:tee:ad652458406f;rating_rights=LEGAL_REVIEW_REQUIRED;source_url=https://www.ghin.com/post-score/hole-by-hole/round-setup/23261,2026-09-20 00:00:00+00,NEEDS_VERIFICATION
CLUB CAMPESTRE DE NUEVO LAREDO,Nuevo Laredo,Nuevo Laredo,Tamaulipas,Nuevo Laredo,AZULES,,71,,,6177 yd,YES,YES,OWNER_CATALOG_REVIEW,origin=GHIN;facility_id=review-club-80627c03431e375eb2bd;layout_id=23275;tee_id=ghin:23275:tee:a5be40b61705;rating_rights=LEGAL_REVIEW_REQUIRED;source_url=https://www.ghin.com/post-score/hole-by-hole/round-setup/23275,2026-09-20 00:00:00+00,NEEDS_VERIFICATION
CLUB CAMPESTRE DE NUEVO LAREDO,Nuevo Laredo,Nuevo Laredo,Tamaulipas,Nuevo Laredo,BLANCAS,,71,,,5685 yd,YES,YES,OWNER_CATALOG_REVIEW,origin=GHIN;facility_id=review-club-80627c03431e375eb2bd;layout_id=23275;tee_id=ghin:23275:tee:ad652458406f;rating_rights=LEGAL_REVIEW_REQUIRED;source_url=https://www.ghin.com/post-score/hole-by-hole/round-setup/23275,2026-09-20 00:00:00+00,NEEDS_VERIFICATION
CLUB CAMPESTRE DE NUEVO LAREDO,Nuevo Laredo,Nuevo Laredo,Tamaulipas,Nuevo Laredo,NEGRAS,,71,,,6654 yd,YES,YES,OWNER_CATALOG_REVIEW,origin=GHIN;facility_id=review-club-80627c03431e375eb2bd;layout_id=23275;tee_id=ghin:23275:tee:6b76f06adc0e;rating_rights=LEGAL_REVIEW_REQUIRED;source_url=https://www.ghin.com/post-score/hole-by-hole/round-setup/23275,2026-09-20 00:00:00+00,NEEDS_VERIFICATION
CLUB CAMPESTRE DE REYNOSA,Reynosa,Reynosa,Tamaulipas,Reynosa,AZULES,,72,,,6479 yd,YES,YES,OWNER_CATALOG_REVIEW,origin=GHIN;facility_id=review-club-b11df52899abbb4388c1;layout_id=35328;tee_id=ghin:35328:tee:a5be40b61705;rating_rights=LEGAL_REVIEW_REQUIRED;source_url=https://www.ghin.com/post-score/hole-by-hole/round-setup/35328,2026-09-20 00:00:00+00,NEEDS_VERIFICATION
CLUB CAMPESTRE DE REYNOSA,Reynosa,Reynosa,Tamaulipas,Reynosa,BLANCAS,,72,,,6117 yd,YES,YES,OWNER_CATALOG_REVIEW,origin=GHIN;facility_id=review-club-b11df52899abbb4388c1;layout_id=35328;tee_id=ghin:35328:tee:ad652458406f;rating_rights=LEGAL_REVIEW_REQUIRED;source_url=https://www.ghin.com/post-score/hole-by-hole/round-setup/35328,2026-09-20 00:00:00+00,NEEDS_VERIFICATION
CLUB CAMPESTRE DE REYNOSA,Reynosa,Reynosa,Tamaulipas,Reynosa,DORADAS,,72,,,5279 yd,YES,YES,OWNER_CATALOG_REVIEW,origin=GHIN;facility_id=review-club-b11df52899abbb4388c1;layout_id=35328;tee_id=ghin:35328:tee:468e7646a10f;rating_rights=LEGAL_REVIEW_REQUIRED;source_url=https://www.ghin.com/post-score/hole-by-hole/round-setup/35328,2026-09-20 00:00:00+00,NEEDS_VERIFICATION
CLUB CAMPESTRE TAMPICO,CLUB CAMPESTRE TAMPICO,Tampico,Tamaulipas,CLUB CAMPESTRE TAMPICO,AZULES,,71,,,6268 yd,YES,YES,OWNER_CATALOG_REVIEW,origin=GHIN;facility_id=review-club-218cf0c53bffab671008;layout_id=2946;tee_id=ghin:2946:tee:a5be40b61705;rating_rights=LEGAL_REVIEW_REQUIRED;source_url=https://www.ghin.com/post-score/hole-by-hole/round-setup/2946,2026-09-20 00:00:00+00,NEEDS_VERIFICATION
CLUB CAMPESTRE TAMPICO,CLUB CAMPESTRE TAMPICO,Tampico,Tamaulipas,CLUB CAMPESTRE TAMPICO,BLANCAS,,71,,,5799 yd,YES,YES,OWNER_CATALOG_REVIEW,origin=GHIN;facility_id=review-club-218cf0c53bffab671008;layout_id=2946;tee_id=ghin:2946:tee:ad652458406f;rating_rights=LEGAL_REVIEW_REQUIRED;source_url=https://www.ghin.com/post-score/hole-by-hole/round-setup/2946,2026-09-20 00:00:00+00,NEEDS_VERIFICATION
CLUB CAMPESTRE TAMPICO,CLUB CAMPESTRE TAMPICO,Tampico,Tamaulipas,CLUB CAMPESTRE TAMPICO,DORADAS,,71,,,5308 yd,YES,YES,OWNER_CATALOG_REVIEW,origin=GHIN;facility_id=review-club-218cf0c53bffab671008;layout_id=2946;tee_id=ghin:2946:tee:468e7646a10f;rating_rights=LEGAL_REVIEW_REQUIRED;source_url=https://www.ghin.com/post-score/hole-by-hole/round-setup/2946,2026-09-20 00:00:00+00,NEEDS_VERIFICATION
CLUB CAMPESTRE TAMPICO,CLUB CAMPESTRE TAMPICO,Tampico,Tamaulipas,CLUB CAMPESTRE TAMPICO,GRISES,,71,,,4500 yd,YES,YES,OWNER_CATALOG_REVIEW,origin=GHIN;facility_id=review-club-218cf0c53bffab671008;layout_id=2946;tee_id=ghin:2946:tee:16b40dc4f741;rating_rights=LEGAL_REVIEW_REQUIRED;source_url=https://www.ghin.com/post-score/hole-by-hole/round-setup/2946,2026-09-20 00:00:00+00,NEEDS_VERIFICATION
CLUB DE GOLF LA VILLA RICA,LA VILLA RICA,Alvarado,Veracruz,LA VILLA RICA,AZULES,,72,,,6609 yd,YES,YES,OWNER_CATALOG_REVIEW,origin=GHIN;facility_id=review-club-d545e9bbb02c60f2ae35;layout_id=23177;tee_id=ghin:23177:tee:a5be40b61705;rating_rights=LEGAL_REVIEW_REQUIRED;source_url=https://www.ghin.com/post-score/hole-by-hole/round-setup/23177,2026-09-20 00:00:00+00,NEEDS_VERIFICATION
CLUB DE GOLF LA VILLA RICA,LA VILLA RICA,Alvarado,Veracruz,LA VILLA RICA,BLANCAS,,72,,,6144 yd,YES,YES,OWNER_CATALOG_REVIEW,origin=GHIN;facility_id=review-club-d545e9bbb02c60f2ae35;layout_id=23177;tee_id=ghin:23177:tee:ad652458406f;rating_rights=LEGAL_REVIEW_REQUIRED;source_url=https://www.ghin.com/post-score/hole-by-hole/round-setup/23177,2026-09-20 00:00:00+00,NEEDS_VERIFICATION
CLUB DE GOLF LA VILLA RICA,LA VILLA RICA,Alvarado,Veracruz,LA VILLA RICA,DORADAS,,72,,,5652 yd,YES,YES,OWNER_CATALOG_REVIEW,origin=GHIN;facility_id=review-club-d545e9bbb02c60f2ae35;layout_id=23177;tee_id=ghin:23177:tee:468e7646a10f;rating_rights=LEGAL_REVIEW_REQUIRED;source_url=https://www.ghin.com/post-score/hole-by-hole/round-setup/23177,2026-09-20 00:00:00+00,NEEDS_VERIFICATION
CLUB DE GOLF LA VILLA RICA,LA VILLA RICA,Alvarado,Veracruz,LA VILLA RICA,PLATEADAS,,72,,,5090 yd,YES,YES,OWNER_CATALOG_REVIEW,origin=GHIN;facility_id=review-club-d545e9bbb02c60f2ae35;layout_id=23177;tee_id=ghin:23177:tee:0bc30df9398a;rating_rights=LEGAL_REVIEW_REQUIRED;source_url=https://www.ghin.com/post-score/hole-by-hole/round-setup/23177,2026-09-20 00:00:00+00,NEEDS_VERIFICATION
PUNTA TIBURON COUNTRY CLUB,PUNTA TIBURON,Alvarado,Veracruz,PUNTA TIBURON,AZULES,,72,,,6828 yd,YES,YES,OWNER_CATALOG_REVIEW,origin=GHIN;facility_id=review-club-7be60ae6663a850efb2e;layout_id=23182;tee_id=ghin:23182:tee:a5be40b61705;rating_rights=LEGAL_REVIEW_REQUIRED;source_url=https://www.ghin.com/post-score/hole-by-hole/round-setup/23182,2026-09-20 00:00:00+00,NEEDS_VERIFICATION
PUNTA TIBURON COUNTRY CLUB,PUNTA TIBURON,Alvarado,Veracruz,PUNTA TIBURON,BLANCAS,,72,,,6369 yd,YES,YES,OWNER_CATALOG_REVIEW,origin=GHIN;facility_id=review-club-7be60ae6663a850efb2e;layout_id=23182;tee_id=ghin:23182:tee:ad652458406f;rating_rights=LEGAL_REVIEW_REQUIRED;source_url=https://www.ghin.com/post-score/hole-by-hole/round-setup/23182,2026-09-20 00:00:00+00,NEEDS_VERIFICATION
PUNTA TIBURON COUNTRY CLUB,PUNTA TIBURON,Alvarado,Veracruz,PUNTA TIBURON,DORADAS,,72,,,5861 yd,YES,YES,OWNER_CATALOG_REVIEW,origin=GHIN;facility_id=review-club-7be60ae6663a850efb2e;layout_id=23182;tee_id=ghin:23182:tee:468e7646a10f;rating_rights=LEGAL_REVIEW_REQUIRED;source_url=https://www.ghin.com/post-score/hole-by-hole/round-setup/23182,2026-09-20 00:00:00+00,NEEDS_VERIFICATION
PUNTA TIBURON COUNTRY CLUB,PUNTA TIBURON,Alvarado,Veracruz,PUNTA TIBURON,NEGRAS,,72,,,7357 yd,YES,YES,OWNER_CATALOG_REVIEW,origin=GHIN;facility_id=review-club-7be60ae6663a850efb2e;layout_id=23182;tee_id=ghin:23182:tee:6b76f06adc0e;rating_rights=LEGAL_REVIEW_REQUIRED;source_url=https://www.ghin.com/post-score/hole-by-hole/round-setup/23182,2026-09-20 00:00:00+00,NEEDS_VERIFICATION
CLUB CAMPESTRE COATZACOALCOS,COATZACOALCOS,Coatzacoalcos,Veracruz,COATZACOALCOS,AZULES,,71,,,6376 yd,YES,YES,OWNER_CATALOG_REVIEW,origin=GHIN;facility_id=review-club-02d06ebbe64af495b607;layout_id=23239;tee_id=ghin:23239:tee:a5be40b61705;rating_rights=LEGAL_REVIEW_REQUIRED;source_url=https://www.ghin.com/post-score/hole-by-hole/round-setup/23239,2026-09-20 00:00:00+00,NEEDS_VERIFICATION
CLUB CAMPESTRE COATZACOALCOS,COATZACOALCOS,Coatzacoalcos,Veracruz,COATZACOALCOS,BLANCAS,,71,,,6094 yd,YES,YES,OWNER_CATALOG_REVIEW,origin=GHIN;facility_id=review-club-02d06ebbe64af495b607;layout_id=23239;tee_id=ghin:23239:tee:ad652458406f;rating_rights=LEGAL_REVIEW_REQUIRED;source_url=https://www.ghin.com/post-score/hole-by-hole/round-setup/23239,2026-09-20 00:00:00+00,NEEDS_VERIFICATION
CLUB CAMPESTRE COATZACOALCOS,COATZACOALCOS,Coatzacoalcos,Veracruz,COATZACOALCOS,DORADAS,,71,,,5796 yd,YES,YES,OWNER_CATALOG_REVIEW,origin=GHIN;facility_id=review-club-02d06ebbe64af495b607;layout_id=23239;tee_id=ghin:23239:tee:468e7646a10f;rating_rights=LEGAL_REVIEW_REQUIRED;source_url=https://www.ghin.com/post-score/hole-by-hole/round-setup/23239,2026-09-20 00:00:00+00,NEEDS_VERIFICATION
TAJIN CLUB DE GOLF,TAJIN,Coatzintla,Veracruz,TAJIN,AZULES,,72,,,6663 yd,YES,YES,OWNER_CATALOG_REVIEW,origin=GHIN;facility_id=review-club-712b44a3727cf333cdc9;layout_id=23191;tee_id=ghin:23191:tee:a5be40b61705;rating_rights=LEGAL_REVIEW_REQUIRED;source_url=https://www.ghin.com/post-score/hole-by-hole/round-setup/23191,2026-09-20 00:00:00+00,NEEDS_VERIFICATION
TAJIN CLUB DE GOLF,TAJIN,Coatzintla,Veracruz,TAJIN,BLANCAS,,72,,,6515 yd,YES,YES,OWNER_CATALOG_REVIEW,origin=GHIN;facility_id=review-club-712b44a3727cf333cdc9;layout_id=23191;tee_id=ghin:23191:tee:ad652458406f;rating_rights=LEGAL_REVIEW_REQUIRED;source_url=https://www.ghin.com/post-score/hole-by-hole/round-setup/23191,2026-09-20 00:00:00+00,NEEDS_VERIFICATION
TAJIN CLUB DE GOLF,TAJIN,Coatzintla,Veracruz,TAJIN,DORADAS,,72,,,6166 yd,YES,YES,OWNER_CATALOG_REVIEW,origin=GHIN;facility_id=review-club-712b44a3727cf333cdc9;layout_id=23191;tee_id=ghin:23191:tee:468e7646a10f;rating_rights=LEGAL_REVIEW_REQUIRED;source_url=https://www.ghin.com/post-score/hole-by-hole/round-setup/23191,2026-09-20 00:00:00+00,NEEDS_VERIFICATION
CLUB CAMPESTRE CORDOBES,Cordobes,Córdoba,Veracruz,Cordobes,AZULES,,73,,,6925 yd,YES,YES,OWNER_CATALOG_REVIEW,origin=GHIN;facility_id=review-club-054c525b417e0dd74d3d;layout_id=25215;tee_id=ghin:25215:tee:a5be40b61705;rating_rights=LEGAL_REVIEW_REQUIRED;source_url=https://www.ghin.com/post-score/hole-by-hole/round-setup/25215,2026-09-20 00:00:00+00,NEEDS_VERIFICATION
CLUB CAMPESTRE CORDOBES,Cordobes,Córdoba,Veracruz,Cordobes,BLANCAS,,73,,,6562 yd,YES,YES,OWNER_CATALOG_REVIEW,origin=GHIN;facility_id=review-club-054c525b417e0dd74d3d;layout_id=25215;tee_id=ghin:25215:tee:ad652458406f;rating_rights=LEGAL_REVIEW_REQUIRED;source_url=https://www.ghin.com/post-score/hole-by-hole/round-setup/25215,2026-09-20 00:00:00+00,NEEDS_VERIFICATION
CLUB CAMPESTRE CORDOBES,Cordobes,Córdoba,Veracruz,Cordobes,DORADAS,,73,,,6055 yd,YES,YES,OWNER_CATALOG_REVIEW,origin=GHIN;facility_id=review-club-054c525b417e0dd74d3d;layout_id=25215;tee_id=ghin:25215:tee:468e7646a10f;rating_rights=LEGAL_REVIEW_REQUIRED;source_url=https://www.ghin.com/post-score/hole-by-hole/round-setup/25215,2026-09-20 00:00:00+00,NEEDS_VERIFICATION
CLUB CAMPESTRE CORDOBES,Cordobes,Córdoba,Veracruz,Cordobes,PLATEADAS,,73,,,5527 yd,YES,YES,OWNER_CATALOG_REVIEW,origin=GHIN;facility_id=review-club-054c525b417e0dd74d3d;layout_id=25215;tee_id=ghin:25215:tee:0bc30df9398a;rating_rights=LEGAL_REVIEW_REQUIRED;source_url=https://www.ghin.com/post-score/hole-by-hole/round-setup/25215,2026-09-20 00:00:00+00,NEEDS_VERIFICATION
SANTA GERTRUDIS CLUB DE GOLF,SANTA GERTRUDIS,Orizaba,Veracruz,SANTA GERTRUDIS,AZULES,,70,,,5906 yd,YES,YES,OWNER_CATALOG_REVIEW,origin=GHIN;facility_id=review-club-e364d208c55db7901779;layout_id=23225;tee_id=ghin:23225:tee:a5be40b61705;rating_rights=LEGAL_REVIEW_REQUIRED;source_url=https://www.ghin.com/post-score/hole-by-hole/round-setup/23225,2026-09-20 00:00:00+00,NEEDS_VERIFICATION
SANTA GERTRUDIS CLUB DE GOLF,SANTA GERTRUDIS,Orizaba,Veracruz,SANTA GERTRUDIS,BLANCAS/AMARILLAS,,70,,,5721 yd,YES,YES,OWNER_CATALOG_REVIEW,origin=GHIN;facility_id=review-club-e364d208c55db7901779;layout_id=23225;tee_id=ghin:23225:tee:4e8c499ba01c;rating_rights=LEGAL_REVIEW_REQUIRED;source_url=https://www.ghin.com/post-score/hole-by-hole/round-setup/23225,2026-09-20 00:00:00+00,NEEDS_VERIFICATION
SANTA GERTRUDIS CLUB DE GOLF,SANTA GERTRUDIS,Orizaba,Veracruz,SANTA GERTRUDIS,DORADAS,,69,,,5038 yd,YES,YES,OWNER_CATALOG_REVIEW,origin=GHIN;facility_id=review-club-e364d208c55db7901779;layout_id=23225;tee_id=ghin:23225:tee:468e7646a10f;rating_rights=LEGAL_REVIEW_REQUIRED;source_url=https://www.ghin.com/post-score/hole-by-hole/round-setup/23225,2026-09-20 00:00:00+00,NEEDS_VERIFICATION
CLUB DE GOLF YUCATAN,La Ceiba,Mérida,Yucatán,La Ceiba,AZULES,,72,,,6580 yd,YES,YES,OWNER_CATALOG_REVIEW,origin=GHIN;facility_id=review-club-f05d9a4bb244912b8f69;layout_id=23272;tee_id=ghin:23272:tee:a5be40b61705;rating_rights=LEGAL_REVIEW_REQUIRED;source_url=https://www.ghin.com/post-score/hole-by-hole/round-setup/23272,2026-09-20 00:00:00+00,NEEDS_VERIFICATION
CLUB DE GOLF YUCATAN,La Ceiba,Mérida,Yucatán,La Ceiba,BLANCAS,,72,,,6172 yd,YES,YES,OWNER_CATALOG_REVIEW,origin=GHIN;facility_id=review-club-f05d9a4bb244912b8f69;layout_id=23272;tee_id=ghin:23272:tee:ad652458406f;rating_rights=LEGAL_REVIEW_REQUIRED;source_url=https://www.ghin.com/post-score/hole-by-hole/round-setup/23272,2026-09-20 00:00:00+00,NEEDS_VERIFICATION
CLUB DE GOLF YUCATAN,La Ceiba,Mérida,Yucatán,La Ceiba,DORADAS,,72,,,5646 yd,YES,YES,OWNER_CATALOG_REVIEW,origin=GHIN;facility_id=review-club-f05d9a4bb244912b8f69;layout_id=23272;tee_id=ghin:23272:tee:468e7646a10f;rating_rights=LEGAL_REVIEW_REQUIRED;source_url=https://www.ghin.com/post-score/hole-by-hole/round-setup/23272,2026-09-20 00:00:00+00,NEEDS_VERIFICATION
CLUB DE GOLF YUCATAN,La Ceiba,Mérida,Yucatán,La Ceiba,ROJAS,,72,,,5132 yd,YES,YES,OWNER_CATALOG_REVIEW,origin=GHIN;facility_id=review-club-f05d9a4bb244912b8f69;layout_id=23272;tee_id=ghin:23272:tee:bf9b9ce0bd10;rating_rights=LEGAL_REVIEW_REQUIRED;source_url=https://www.ghin.com/post-score/hole-by-hole/round-setup/23272,2026-09-20 00:00:00+00,NEEDS_VERIFICATION
PROVINCIA GOLF CLUB,The Pointer,Mérida,Yucatán,The Pointer,AZULES,,58,,,3352 yd,YES,YES,OWNER_CATALOG_REVIEW,origin=GHIN;facility_id=review-club-3270080a94d6a4613fd0;layout_id=32258;tee_id=ghin:32258:tee:a5be40b61705;rating_rights=LEGAL_REVIEW_REQUIRED;source_url=https://www.ghin.com/post-score/hole-by-hole/round-setup/32258,2026-09-20 00:00:00+00,NEEDS_VERIFICATION
PROVINCIA GOLF CLUB,The Pointer,Mérida,Yucatán,The Pointer,BLANCAS,,58,,,2968 yd,YES,YES,OWNER_CATALOG_REVIEW,origin=GHIN;facility_id=review-club-3270080a94d6a4613fd0;layout_id=32258;tee_id=ghin:32258:tee:ad652458406f;rating_rights=LEGAL_REVIEW_REQUIRED;source_url=https://www.ghin.com/post-score/hole-by-hole/round-setup/32258,2026-09-20 00:00:00+00,NEEDS_VERIFICATION
PROVINCIA GOLF CLUB,The Pointer,Mérida,Yucatán,The Pointer,DORADAS,,58,,,2742 yd,YES,YES,OWNER_CATALOG_REVIEW,origin=GHIN;facility_id=review-club-3270080a94d6a4613fd0;layout_id=32258;tee_id=ghin:32258:tee:468e7646a10f;rating_rights=LEGAL_REVIEW_REQUIRED;source_url=https://www.ghin.com/post-score/hole-by-hole/round-setup/32258,2026-09-20 00:00:00+00,NEEDS_VERIFICATION
YUCATAN COUNTRY CLUB,El Jaguar,Mérida,Yucatán,El Jaguar,AZULES,,72,,,6667 yd,YES,YES,OWNER_CATALOG_REVIEW,origin=GHIN;facility_id=review-club-338a344e25e7675c9f34;layout_id=23212;tee_id=ghin:23212:tee:a5be40b61705;rating_rights=LEGAL_REVIEW_REQUIRED;source_url=https://www.ghin.com/post-score/hole-by-hole/round-setup/23212,2026-09-20 00:00:00+00,NEEDS_VERIFICATION
YUCATAN COUNTRY CLUB,El Jaguar,Mérida,Yucatán,El Jaguar,Azules/Blancas,,72,,,6490 yd,YES,YES,OWNER_CATALOG_REVIEW,origin=GHIN;facility_id=review-club-338a344e25e7675c9f34;layout_id=23212;tee_id=ghin:23212:tee:f05fc709dc6b;rating_rights=LEGAL_REVIEW_REQUIRED;source_url=https://www.ghin.com/post-score/hole-by-hole/round-setup/23212,2026-09-20 00:00:00+00,NEEDS_VERIFICATION
YUCATAN COUNTRY CLUB,El Jaguar,Mérida,Yucatán,El Jaguar,BLANCAS,,72,,,6240 yd,YES,YES,OWNER_CATALOG_REVIEW,origin=GHIN;facility_id=review-club-338a344e25e7675c9f34;layout_id=23212;tee_id=ghin:23212:tee:ad652458406f;rating_rights=LEGAL_REVIEW_REQUIRED;source_url=https://www.ghin.com/post-score/hole-by-hole/round-setup/23212,2026-09-20 00:00:00+00,NEEDS_VERIFICATION
YUCATAN COUNTRY CLUB,El Jaguar,Mérida,Yucatán,El Jaguar,Blancas/Doradas,,72,,,5921 yd,YES,YES,OWNER_CATALOG_REVIEW,origin=GHIN;facility_id=review-club-338a344e25e7675c9f34;layout_id=23212;tee_id=ghin:23212:tee:903d28aaf4bf;rating_rights=LEGAL_REVIEW_REQUIRED;source_url=https://www.ghin.com/post-score/hole-by-hole/round-setup/23212,2026-09-20 00:00:00+00,NEEDS_VERIFICATION
YUCATAN COUNTRY CLUB,El Jaguar,Mérida,Yucatán,El Jaguar,DORADAS,,72,,,5722 yd,YES,YES,OWNER_CATALOG_REVIEW,origin=GHIN;facility_id=review-club-338a344e25e7675c9f34;layout_id=23212;tee_id=ghin:23212:tee:468e7646a10f;rating_rights=LEGAL_REVIEW_REQUIRED;source_url=https://www.ghin.com/post-score/hole-by-hole/round-setup/23212,2026-09-20 00:00:00+00,NEEDS_VERIFICATION
YUCATAN COUNTRY CLUB,El Jaguar,Mérida,Yucatán,El Jaguar,NEGRAS,,72,,,7326 yd,YES,YES,OWNER_CATALOG_REVIEW,origin=GHIN;facility_id=review-club-338a344e25e7675c9f34;layout_id=23212;tee_id=ghin:23212:tee:6b76f06adc0e;rating_rights=LEGAL_REVIEW_REQUIRED;source_url=https://www.ghin.com/post-score/hole-by-hole/round-setup/23212,2026-09-20 00:00:00+00,NEEDS_VERIFICATION
YUCATAN COUNTRY CLUB,El Jaguar,Mérida,Yucatán,El Jaguar,PLATEADAS,,72,,,5215 yd,YES,YES,OWNER_CATALOG_REVIEW,origin=GHIN;facility_id=review-club-338a344e25e7675c9f34;layout_id=23212;tee_id=ghin:23212:tee:0bc30df9398a;rating_rights=LEGAL_REVIEW_REQUIRED;source_url=https://www.ghin.com/post-score/hole-by-hole/round-setup/23212,2026-09-20 00:00:00+00,NEEDS_VERIFICATION
